entryId,cefrLevel,unitNumber,expression,partOfSpeech,koreanMeaning,source
EN-A1-00001,A1,1,a,determiner,하나의; 어떤,CEFRJ_1_5
EN-A1-00002,A1,1,a.m./A.M./am/AM,adverb,오전에,CEFRJ_1_5
EN-A1-00003,A1,1,about,adverb,대략; 거의,CEFRJ_1_5
EN-A1-00004,A1,1,about,preposition,~에 대하여; ~에 관한,CEFRJ_1_5
EN-A1-00005,A1,1,above,adverb,위에; 위쪽에,CEFRJ_1_5
EN-A1-00006,A1,1,above,preposition,~보다 위에; ~보다 많은,CEFRJ_1_5
EN-A1-00007,A1,1,action,noun,행동; 조치; 활동,CEFRJ_1_5
EN-A1-00008,A1,1,activity,noun,활동; 움직임,CEFRJ_1_5
EN-A1-00009,A1,1,actor,noun,배우,CEFRJ_1_5
EN-A1-00010,A1,1,add,verb,더하다; 추가하다,CEFRJ_1_5
EN-A1-00011,A1,1,address,noun,주소,CEFRJ_1_5
EN-A1-00012,A1,1,afraid,adjective,두려워하는; 걱정하는,CEFRJ_1_5
EN-A1-00013,A1,1,after,preposition,~ 뒤에; ~ 후에,CEFRJ_1_5
EN-A1-00014,A1,1,afternoon,noun,오후,CEFRJ_1_5
EN-A1-00015,A1,1,again,adverb,다시; 또,CEFRJ_1_5
EN-A1-00016,A1,1,age,noun,나이; 연령; 시대,CEFRJ_1_5
EN-A1-00017,A1,1,ago,adverb,전에; 얼마 전에,CEFRJ_1_5
EN-A1-00018,A1,1,agree,verb,동의하다; 찬성하다,CEFRJ_1_5
EN-A1-00019,A1,1,airplane/aeroplane,noun,비행기,CEFRJ_1_5
EN-A1-00020,A1,1,airport,noun,공항,CEFRJ_1_5
EN-A1-00021,A1,2,album,noun,앨범; 음반,CEFRJ_1_5
EN-A1-00022,A1,2,all,determiner,모든; 모든 것의,CEFRJ_1_5
EN-A1-00023,A1,2,all,pronoun,모두; 모든 것,CEFRJ_1_5
EN-A1-00024,A1,2,all right,adjective,괜찮은; 무사한,CEFRJ_1_5
EN-A1-00025,A1,2,all right,adverb,좋아; 괜찮게,CEFRJ_1_5
EN-A1-00026,A1,2,almost,adverb,거의,CEFRJ_1_5
EN-A1-00027,A1,2,alone,adverb,혼자; 단독으로,CEFRJ_1_5
EN-A1-00028,A1,2,along,adverb,앞으로; 함께,CEFRJ_1_5
EN-A1-00029,A1,2,already,adverb,이미; 벌써,CEFRJ_1_5
EN-A1-00030,A1,2,also,adverb,또한; 역시,CEFRJ_1_5
EN-A1-00031,A1,2,always,adverb,항상; 언제나,CEFRJ_1_5
EN-A1-00032,A1,2,am,be-verb,이다; 있다,CEFRJ_1_5
EN-A1-00033,A1,2,an,determiner,하나의; 어떤,CEFRJ_1_5
EN-A1-00034,A1,2,and,conjunction,그리고; ~와,CEFRJ_1_5
EN-A1-00035,A1,2,angry,adjective,화난; 성난,CEFRJ_1_5
EN-A1-00036,A1,2,animal,noun,동물,CEFRJ_1_5
EN-A1-00037,A1,2,another,determiner,또 다른; 다른 하나의,CEFRJ_1_5
EN-A1-00038,A1,2,answer,noun,대답; 답장; 해결책,CEFRJ_1_5
EN-A1-00039,A1,2,answer,verb,대답하다; 답장하다,CEFRJ_1_5
EN-A1-00040,A1,2,any,determiner,어떤; 아무,CEFRJ_1_5
EN-A1-00041,A1,3,any,pronoun,아무것; 조금도,CEFRJ_1_5
EN-A1-00042,A1,3,anybody,pronoun,누구; 아무도,CEFRJ_1_5
EN-A1-00043,A1,3,anyone,pronoun,누구; 아무도,CEFRJ_1_5
EN-A1-00044,A1,3,anything,pronoun,무엇; 아무것도,CEFRJ_1_5
EN-A1-00045,A1,3,apple,noun,사과,CEFRJ_1_5
EN-A1-00046,A1,3,April,noun,4월,CEFRJ_1_5
EN-A1-00047,A1,3,apron,noun,앞치마,CEFRJ_1_5
EN-A1-00048,A1,3,are,be-verb,이다; 있다,CEFRJ_1_5
EN-A1-00049,A1,3,arm,noun,팔,CEFRJ_1_5
EN-A1-00050,A1,3,around,preposition,~ 주위에; ~ 둘레에,CEFRJ_1_5
EN-A1-00051,A1,3,arrive,verb,도착하다,CEFRJ_1_5
EN-A1-00052,A1,3,art,noun,미술; 예술,CEFRJ_1_5
EN-A1-00053,A1,3,article,noun,기사; 글; 물품,CEFRJ_1_5
EN-A1-00054,A1,3,as,preposition,~로서; ~처럼,CEFRJ_1_5
EN-A1-00055,A1,3,ask,verb,묻다; 부탁하다; 요청하다,CEFRJ_1_5
EN-A1-00056,A1,3,at,preposition,~에; ~에서,CEFRJ_1_5
EN-A1-00057,A1,3,August,noun,8월,CEFRJ_1_5
EN-A1-00058,A1,3,aunt,noun,이모; 고모; 숙모,CEFRJ_1_5
EN-A1-00059,A1,3,autumn,noun,가을,CEFRJ_1_5
EN-A1-00060,A1,3,awake,adjective,깨어 있는,CEFRJ_1_5
EN-A1-00061,A1,4,away,adverb,떨어져; 멀리,CEFRJ_1_5
EN-A1-00062,A1,4,baby,noun,아기,CEFRJ_1_5
EN-A1-00063,A1,4,back,adverb,뒤로; 다시,CEFRJ_1_5
EN-A1-00064,A1,4,back,noun,등; 뒤쪽,CEFRJ_1_5
EN-A1-00065,A1,4,bad,adjective,나쁜; 서툰,CEFRJ_1_5
EN-A1-00066,A1,4,bag,noun,가방; 부대,CEFRJ_1_5
EN-A1-00067,A1,4,ball,noun,공; 무도회,CEFRJ_1_5
EN-A1-00068,A1,4,banana,noun,바나나,CEFRJ_1_5
EN-A1-00069,A1,4,band,noun,밴드; 무리; 끈,CEFRJ_1_5
EN-A1-00070,A1,4,bank,noun,은행; 강둑,CEFRJ_1_5
EN-A1-00071,A1,4,bar,noun,술집; 막대기,CEFRJ_1_5
EN-A1-00072,A1,4,baseball,noun,야구,CEFRJ_1_5
EN-A1-00073,A1,4,basketball,noun,농구,CEFRJ_1_5
EN-A1-00074,A1,4,bat,noun,방망이; 박쥐,CEFRJ_1_5
EN-A1-00075,A1,4,bath,noun,목욕; 욕조,CEFRJ_1_5
EN-A1-00076,A1,4,bathroom,noun,욕실; 화장실,CEFRJ_1_5
EN-A1-00077,A1,4,be,be-verb,이다; 있다; 존재하다,CEFRJ_1_5
EN-A1-00078,A1,4,beach,noun,해변; 바닷가,CEFRJ_1_5
EN-A1-00079,A1,4,bean,noun,콩,CEFRJ_1_5
EN-A1-00080,A1,4,bear,noun,곰,CEFRJ_1_5
EN-A1-00081,A1,5,beautiful,adjective,아름다운,CEFRJ_1_5
EN-A1-00082,A1,5,because,conjunction,~ 때문에; 왜냐하면,CEFRJ_1_5
EN-A1-00083,A1,5,become,verb,~이 되다,CEFRJ_1_5
EN-A1-00084,A1,5,bed,noun,침대,CEFRJ_1_5
EN-A1-00085,A1,5,bedroom,noun,침실,CEFRJ_1_5
EN-A1-00086,A1,5,bee,noun,벌,CEFRJ_1_5
EN-A1-00087,A1,5,beef,noun,소고기,CEFRJ_1_5
EN-A1-00088,A1,5,before,adverb,전에; 이전에,CEFRJ_1_5
EN-A1-00089,A1,5,before,preposition,~ 전에; ~ 앞에,CEFRJ_1_5
EN-A1-00090,A1,5,begin,verb,시작하다,CEFRJ_1_5
EN-A1-00091,A1,5,behind,adverb,뒤에; 뒤떨어져,CEFRJ_1_5
EN-A1-00092,A1,5,behind,preposition,~ 뒤에; ~보다 뒤처진,CEFRJ_1_5
EN-A1-00093,A1,5,believe,verb,믿다; 생각하다,CEFRJ_1_5
EN-A1-00094,A1,5,bell,noun,종; 벨,CEFRJ_1_5
EN-A1-00095,A1,5,below,adverb,아래에; 밑에,CEFRJ_1_5
EN-A1-00096,A1,5,below,preposition,~보다 아래에; ~ 미만에,CEFRJ_1_5
EN-A1-00097,A1,5,beside,preposition,~ 옆에; ~에서 벗어난,CEFRJ_1_5
EN-A1-00098,A1,5,best,adjective,가장 좋은; 최고의,CEFRJ_1_5
EN-A1-00099,A1,5,best,adverb,가장 잘; 제일,CEFRJ_1_5
EN-A1-00100,A1,5,better,adjective,더 나은; 더 좋은,CEFRJ_1_5
EN-A1-00101,A1,6,between,preposition,~ 사이에; ~ 중간에,CEFRJ_1_5
EN-A1-00102,A1,6,bicycle,noun,자전거,CEFRJ_1_5
EN-A1-00103,A1,6,big,adjective,큰; 커다란,CEFRJ_1_5
EN-A1-00104,A1,6,bike,noun,자전거,CEFRJ_1_5
EN-A1-00105,A1,6,bird,noun,새,CEFRJ_1_5
EN-A1-00106,A1,6,birth,noun,탄생; 출생,CEFRJ_1_5
EN-A1-00107,A1,6,birthday,noun,생일,CEFRJ_1_5
EN-A1-00108,A1,6,biscuit,noun,비스킷; 쿠키,CEFRJ_1_5
EN-A1-00109,A1,6,black,adjective,검은; 검은색의,CEFRJ_1_5
EN-A1-00110,A1,6,black,noun,검은색; 검정,CEFRJ_1_5
EN-A1-00111,A1,6,blank,adjective,빈; 공백의,CEFRJ_1_5
EN-A1-00112,A1,6,block,noun,블록; 구역; 막대기,CEFRJ_1_5
EN-A1-00113,A1,6,blow,verb,불다; 바람이 불다,CEFRJ_1_5
EN-A1-00114,A1,6,blue,adjective,파란; 파란색의,CEFRJ_1_5
EN-A1-00115,A1,6,blue,noun,파란색; 청색,CEFRJ_1_5
EN-A1-00116,A1,6,board,noun,판자; 이사회; 게시판,CEFRJ_1_5
EN-A1-00117,A1,6,boat,noun,배; 보트,CEFRJ_1_5
EN-A1-00118,A1,6,body,noun,몸; 신체; 육체,CEFRJ_1_5
EN-A1-00119,A1,6,bone,noun,뼈,CEFRJ_1_5
EN-A1-00120,A1,6,book,noun,책; 도서,CEFRJ_1_5
EN-A1-00121,A1,7,bookstore,noun,서점,CEFRJ_1_5
EN-A1-00122,A1,7,boring,adjective,지루한; 따분한,CEFRJ_1_5
EN-A1-00123,A1,7,borrow,verb,빌리다; 대용하다,CEFRJ_1_5
EN-A1-00124,A1,7,both,adverb,둘 다; 양쪽 다,CEFRJ_1_5
EN-A1-00125,A1,7,both,determiner,양쪽의; 둘 다의,CEFRJ_1_5
EN-A1-00126,A1,7,both,pronoun,둘 다; 양쪽,CEFRJ_1_5
EN-A1-00127,A1,7,bottle,noun,병,CEFRJ_1_5
EN-A1-00128,A1,7,bottom,noun,바닥; 맨 아래,CEFRJ_1_5
EN-A1-00129,A1,7,bowl,noun,그릇; 사발,CEFRJ_1_5
EN-A1-00130,A1,7,box,noun,상자; 박스,CEFRJ_1_5
EN-A1-00131,A1,7,boy,noun,소년; 남자아이,CEFRJ_1_5
EN-A1-00132,A1,7,boyfriend,noun,남자친구,CEFRJ_1_5
EN-A1-00133,A1,7,brain,noun,뇌; 두뇌,CEFRJ_1_5
EN-A1-00134,A1,7,bread,noun,빵,CEFRJ_1_5
EN-A1-00135,A1,7,break,verb,깨뜨리다; 부서지다; 고장 나다,CEFRJ_1_5
EN-A1-00136,A1,7,breakfast,noun,아침 식사,CEFRJ_1_5
EN-A1-00137,A1,7,breathe,verb,숨을 쉬다; 호흡하다,CEFRJ_1_5
EN-A1-00138,A1,7,bridge,noun,다리; 교량,CEFRJ_1_5
EN-A1-00139,A1,7,bright,adjective,밝은; 빛나는,CEFRJ_1_5
EN-A1-00140,A1,7,bring,verb,가져오다; 데려오다,CEFRJ_1_5
EN-A1-00141,A1,8,broken,adjective,깨진; 고장 난,CEFRJ_1_5
EN-A1-00142,A1,8,brother,noun,남동생; 형; 오빠,CEFRJ_1_5
EN-A1-00143,A1,8,brown,adjective,갈색의,CEFRJ_1_5
EN-A1-00144,A1,8,brush,noun,솔; 빗; 브러시,CEFRJ_1_5
EN-A1-00145,A1,8,brush,verb,솔질을 하다; 빗질하다,CEFRJ_1_5
EN-A1-00146,A1,8,bucket,noun,양동이; 버킷,CEFRJ_1_5
EN-A1-00147,A1,8,build,verb,짓다; 건설하다; 세우다,CEFRJ_1_5
EN-A1-00148,A1,8,building,noun,건물; 빌딩,CEFRJ_1_5
EN-A1-00149,A1,8,burger,noun,버거; 햄버거,CEFRJ_1_5
EN-A1-00150,A1,8,bus,noun,버스,CEFRJ_1_5
EN-A1-00151,A1,8,business,noun,사업; 업무; 비즈니스,CEFRJ_1_5
EN-A1-00152,A1,8,busy,adjective,바쁜; 분주한,CEFRJ_1_5
EN-A1-00153,A1,8,but,conjunction,그러나; 하지만,CEFRJ_1_5
EN-A1-00154,A1,8,butter,noun,버터,CEFRJ_1_5
EN-A1-00155,A1,8,butterfly,noun,나비,CEFRJ_1_5
EN-A1-00156,A1,8,button,noun,단추; 버튼,CEFRJ_1_5
EN-A1-00157,A1,8,buy,verb,사다; 구매하다,CEFRJ_1_5
EN-A1-00158,A1,8,by,preposition,~ 옆에; ~에 의해서; ~까지,CEFRJ_1_5
EN-A1-00159,A1,8,bye,noun,안녕; 작별 인사,CEFRJ_1_5
EN-A1-00160,A1,8,cafe/café,noun,카페,CEFRJ_1_5
EN-A1-00161,A1,9,cake,noun,케이크,CEFRJ_1_5
EN-A1-00162,A1,9,call,noun,통화; 전화; 부름,CEFRJ_1_5
EN-A1-00163,A1,9,camera,noun,카메라; 사진기,CEFRJ_1_5
EN-A1-00164,A1,9,camp,noun,캠프; 야영지,CEFRJ_1_5
EN-A1-00165,A1,9,can,modal auxiliary,~할 수 있다; ~해도 좋다,CEFRJ_1_5
EN-A1-00166,A1,9,candy,noun,사탕; 캔디,CEFRJ_1_5
EN-A1-00167,A1,9,cap,noun,모자; 캡,CEFRJ_1_5
EN-A1-00168,A1,9,car,noun,자동차; 차,CEFRJ_1_5
EN-A1-00169,A1,9,card,noun,카드; 카드놀이,CEFRJ_1_5
EN-A1-00170,A1,9,care,noun,돌봄; 보살핌; 주의,CEFRJ_1_5
EN-A1-00171,A1,9,careful,adjective,조심스러운; 신중한,CEFRJ_1_5
EN-A1-00172,A1,9,carefully,adverb,조심스럽게; 주의 깊게,CEFRJ_1_5
EN-A1-00173,A1,9,carry,verb,나르다; 휴대하다; 가지고 다니다,CEFRJ_1_5
EN-A1-00174,A1,9,cartoon,noun,만화,CEFRJ_1_5
EN-A1-00175,A1,9,case,noun,상자; 용기; 소송 사건,CEFRJ_1_5
EN-A1-00176,A1,9,cat,noun,고양이,CEFRJ_1_5
EN-A1-00177,A1,9,catch,noun,잡기; 포획,CEFRJ_1_5
EN-A1-00178,A1,9,catch,verb,잡다; 받다,CEFRJ_1_5
EN-A1-00179,A1,9,CD,noun,시디; CD,CEFRJ_1_5
EN-A1-00180,A1,9,CD player,noun,CD 플레이어,CEFRJ_1_5
EN-A1-00181,A1,10,celebrate,verb,축하하다; 기념하다,CEFRJ_1_5
EN-A1-00182,A1,10,celebration,noun,축하; 기념행사,CEFRJ_1_5
EN-A1-00183,A1,10,chair,noun,의자,CEFRJ_1_5
EN-A1-00184,A1,10,change,noun,변화; 잔돈; 거스름돈,CEFRJ_1_5
EN-A1-00185,A1,10,change,verb,변하다; 바꾸다,CEFRJ_1_5
EN-A1-00186,A1,10,character,noun,성격; 특징; 등장인물,CEFRJ_1_5
EN-A1-00187,A1,10,check,noun,확인; 점검; 수표,CEFRJ_1_5
EN-A1-00188,A1,10,cheese,noun,치즈,CEFRJ_1_5
EN-A1-00189,A1,10,chicken,noun,닭; 닭고기,CEFRJ_1_5
EN-A1-00190,A1,10,child,noun,아이; 어린이,CEFRJ_1_5
EN-A1-00191,A1,10,chocolate,noun,초콜릿,CEFRJ_1_5
EN-A1-00192,A1,10,choose,verb,선택하다; 고르다,CEFRJ_1_5
EN-A1-00193,A1,10,church,noun,교회,CEFRJ_1_5
EN-A1-00194,A1,10,cinema,noun,영화관; 극장,CEFRJ_1_5
EN-A1-00195,A1,10,circle,noun,원; 동그라미,CEFRJ_1_5
EN-A1-00196,A1,10,city,noun,도시; 시,CEFRJ_1_5
EN-A1-00197,A1,10,class,noun,수업; 학급; 반,CEFRJ_1_5
EN-A1-00198,A1,10,classmate,noun,반 친구; 동창,CEFRJ_1_5
EN-A1-00199,A1,10,classroom,noun,교실,CEFRJ_1_5
EN-A1-00200,A1,10,clean,adjective,깨끗한; 청결한,CEFRJ_1_5
EN-A1-00201,A1,11,clean,verb,청소하다; 깨끗이 하다,CEFRJ_1_5
EN-A1-00202,A1,11,clever,adjective,영리한; 똑똑한,CEFRJ_1_5
EN-A1-00203,A1,11,climb,noun,등반; 오르기,CEFRJ_1_5
EN-A1-00204,A1,11,clock,noun,시계,CEFRJ_1_5
EN-A1-00205,A1,11,close,adjective,가까운; 친한,CEFRJ_1_5
EN-A1-00206,A1,11,close,verb,닫다; 끝나다,CEFRJ_1_5
EN-A1-00207,A1,11,closed,adjective,닫힌; 영업을 하지 않는,CEFRJ_1_5
EN-A1-00208,A1,11,cloth,noun,직물; 천,CEFRJ_1_5
EN-A1-00209,A1,11,clothes,noun,옷; 의복,CEFRJ_1_5
EN-A1-00210,A1,11,cloud,noun,구름,CEFRJ_1_5
EN-A1-00211,A1,11,cloudy,adjective,흐린; 구름이 낀,CEFRJ_1_5
EN-A1-00212,A1,11,club,noun,동호회; 클럽,CEFRJ_1_5
EN-A1-00213,A1,11,coach,noun,코치; 감독,CEFRJ_1_5
EN-A1-00214,A1,11,coat,noun,외투; 코트,CEFRJ_1_5
EN-A1-00215,A1,11,code,noun,암호; 코드,CEFRJ_1_5
EN-A1-00216,A1,11,coffee,noun,커피,CEFRJ_1_5
EN-A1-00217,A1,11,coke,noun,콜라,CEFRJ_1_5
EN-A1-00218,A1,11,cold,adjective,추운; 차가운,CEFRJ_1_5
EN-A1-00219,A1,11,cold,noun,감기; 추위,CEFRJ_1_5
EN-A1-00220,A1,11,collect,verb,수집하다; 모으다,CEFRJ_1_5
EN-A1-00221,A1,12,collection,noun,수집품; 소장품,CEFRJ_1_5
EN-A1-00222,A1,12,college,noun,대학,CEFRJ_1_5
EN-A1-00223,A1,12,color/colour,noun,색; 색깔,CEFRJ_1_5
EN-A1-00224,A1,12,color/colour,verb,칠하다; 색칠하다,CEFRJ_1_5
EN-A1-00225,A1,12,come,verb,오다,CEFRJ_1_5
EN-A1-00226,A1,12,computer,noun,컴퓨터,CEFRJ_1_5
EN-A1-00227,A1,12,concert,noun,콘서트; 음악회,CEFRJ_1_5
EN-A1-00228,A1,12,contest,noun,대회; 콘테스트,CEFRJ_1_5
EN-A1-00229,A1,12,conversation,noun,대화,CEFRJ_1_5
EN-A1-00230,A1,12,cook,noun,요리사,CEFRJ_1_5
EN-A1-00231,A1,12,cook,verb,요리하다,CEFRJ_1_5
EN-A1-00232,A1,12,cookie,noun,쿠키,CEFRJ_1_5
EN-A1-00233,A1,12,cool,adjective,시원한; 멋진,CEFRJ_1_5
EN-A1-00234,A1,12,cop,noun,경찰관,CEFRJ_1_5
EN-A1-00235,A1,12,copy,noun,복사본; 한 부,CEFRJ_1_5
EN-A1-00236,A1,12,corn,noun,옥수수,CEFRJ_1_5
EN-A1-00237,A1,12,corner,noun,모퉁이; 구석,CEFRJ_1_5
EN-A1-00238,A1,12,correct,adjective,맞는; 정확한,CEFRJ_1_5
EN-A1-00239,A1,12,couch,noun,소파,CEFRJ_1_5
EN-A1-00240,A1,12,could,modal auxiliary,"할 수 있었다; 해도 된다 (능력, 허가, 정중한 부탁을 나타냄)",CEFRJ_1_5
EN-A1-00241,A1,13,course,noun,강좌; 과정,CEFRJ_1_5
EN-A1-00242,A1,13,cousin,noun,사촌,CEFRJ_1_5
EN-A1-00243,A1,13,cover,noun,덮개; 표지,CEFRJ_1_5
EN-A1-00244,A1,13,cow,noun,암소; 소,CEFRJ_1_5
EN-A1-00245,A1,13,cream,noun,크림,CEFRJ_1_5
EN-A1-00246,A1,13,credit card,noun,신용카드,CEFRJ_1_5
EN-A1-00247,A1,13,cry,noun,울음; 외침,CEFRJ_1_5
EN-A1-00248,A1,13,culture,noun,문화,CEFRJ_1_5
EN-A1-00249,A1,13,cup,noun,컵; 잔,CEFRJ_1_5
EN-A1-00250,A1,13,cut,verb,자르다; 베다,CEFRJ_1_5
EN-A1-00251,A1,13,cute,adjective,귀여운,CEFRJ_1_5
EN-A1-00252,A1,13,dad,noun,아빠,CEFRJ_1_5
EN-A1-00253,A1,13,daddy,noun,아빠,CEFRJ_1_5
EN-A1-00254,A1,13,dance,noun,춤; 무용,CEFRJ_1_5
EN-A1-00255,A1,13,dance,verb,춤을 추다,CEFRJ_1_5
EN-A1-00256,A1,13,dancing,noun,춤; 무용,CEFRJ_1_5
EN-A1-00257,A1,13,dark,adjective,어두운; 캄캄한,CEFRJ_1_5
EN-A1-00258,A1,13,date,noun,날짜; 데이트,CEFRJ_1_5
EN-A1-00259,A1,13,daughter,noun,딸,CEFRJ_1_5
EN-A1-00260,A1,13,day,noun,하루; 낮,CEFRJ_1_5
EN-A1-00261,A1,14,dear,adjective,친애하는; 소중한,CEFRJ_1_5
EN-A1-00262,A1,14,December,noun,12월,CEFRJ_1_5
EN-A1-00263,A1,14,delicious,adjective,맛있는,CEFRJ_1_5
EN-A1-00264,A1,14,describe,verb,묘사하다; 설명하다,CEFRJ_1_5
EN-A1-00265,A1,14,design,noun,디자인; 도안,CEFRJ_1_5
EN-A1-00266,A1,14,desk,noun,책상,CEFRJ_1_5
EN-A1-00267,A1,14,dictionary,noun,사전,CEFRJ_1_5
EN-A1-00268,A1,14,did,do-verb,했다 (do의 과거형),CEFRJ_1_5
EN-A1-00269,A1,14,difference,noun,차이; 차이점,CEFRJ_1_5
EN-A1-00270,A1,14,different,adjective,다른,CEFRJ_1_5
EN-A1-00271,A1,14,difficult,adjective,어려운,CEFRJ_1_5
EN-A1-00272,A1,14,dig,noun,파기; 발굴,CEFRJ_1_5
EN-A1-00273,A1,14,dining room,noun,식당; 다이닝 룸,CEFRJ_1_5
EN-A1-00274,A1,14,dinner,noun,저녁 식사,CEFRJ_1_5
EN-A1-00275,A1,14,dirty,adjective,더러운,CEFRJ_1_5
EN-A1-00276,A1,14,discuss,verb,토론하다; 논의하다,CEFRJ_1_5
EN-A1-00277,A1,14,dish,noun,접시; 요리,CEFRJ_1_5
EN-A1-00278,A1,14,do,do-verb,하다 (행동이나 활동을 수행함을 나타냄),CEFRJ_1_5
EN-A1-00279,A1,14,doctor/Dr./Dr,noun,의사; 박사,CEFRJ_1_5
EN-A1-00280,A1,14,does,do-verb,한다 (do의 3인칭 단수 현재형),CEFRJ_1_5
EN-A1-00281,A1,15,dog,noun,개,CEFRJ_1_5
EN-A1-00282,A1,15,doing,do-verb,하는 것; 하기 (do의 현재분사/동명사 형식),CEFRJ_1_5
EN-A1-00283,A1,15,doll,noun,인형,CEFRJ_1_5
EN-A1-00284,A1,15,dollar,noun,달러,CEFRJ_1_5
EN-A1-00285,A1,15,door,noun,문,CEFRJ_1_5
EN-A1-00286,A1,15,down,adverb,아래로; 아래에,CEFRJ_1_5
EN-A1-00287,A1,15,drama,noun,드라마; 연극,CEFRJ_1_5
EN-A1-00288,A1,15,draw,verb,그리다; 끌다,CEFRJ_1_5
EN-A1-00289,A1,15,dream,noun,꿈,CEFRJ_1_5
EN-A1-00290,A1,15,dress,noun,드레스; 원피스,CEFRJ_1_5
EN-A1-00291,A1,15,drink,noun,음료; 마실 것,CEFRJ_1_5
EN-A1-00292,A1,15,drink,verb,마시다,CEFRJ_1_5
EN-A1-00293,A1,15,drive,noun,드라이브; 주행,CEFRJ_1_5
EN-A1-00294,A1,15,driver,noun,운전자,CEFRJ_1_5
EN-A1-00295,A1,15,drop,verb,떨어뜨리다; 떨어지다,CEFRJ_1_5
EN-A1-00296,A1,15,drum,noun,드럼; 북,CEFRJ_1_5
EN-A1-00297,A1,15,dry,adjective,마른; 건조한,CEFRJ_1_5
EN-A1-00298,A1,15,due,adjective,~하기로 되어 있는; 예정된,CEFRJ_1_5
EN-A1-00299,A1,15,DVD,noun,디비디 (DVD),CEFRJ_1_5
EN-A1-00300,A1,15,each,determiner,각각의; 각,CEFRJ_1_5
EN-A1-00301,A1,16,each,pronoun,각각의; 각자,CEFRJ_1_5
EN-A1-00302,A1,16,each other,pronoun,서로,CEFRJ_1_5
EN-A1-00303,A1,16,ear,noun,귀,CEFRJ_1_5
EN-A1-00304,A1,16,early,adverb,일찍; 이르게,CEFRJ_1_5
EN-A1-00305,A1,16,easy,adjective,쉬운,CEFRJ_1_5
EN-A1-00306,A1,16,eat,verb,먹다,CEFRJ_1_5
EN-A1-00307,A1,16,egg,noun,달걀; 알,CEFRJ_1_5
EN-A1-00308,A1,16,eight,number,여덟; 여덟의,CEFRJ_1_5
EN-A1-00309,A1,16,eighteen,number,열여덟; 열여덟의,CEFRJ_1_5
EN-A1-00310,A1,16,eighty,number,여든; 여든의,CEFRJ_1_5
EN-A1-00311,A1,16,either,adverb,또한; 역시,CEFRJ_1_5
EN-A1-00312,A1,16,elementary,adjective,초등의; 기초적인,CEFRJ_1_5
EN-A1-00313,A1,16,eleven,number,열하나; 열하나의,CEFRJ_1_5
EN-A1-00314,A1,16,else,adverb,그 밖에; 달리,CEFRJ_1_5
EN-A1-00315,A1,16,email/e-mail/E-mail,noun,이메일,CEFRJ_1_5
EN-A1-00316,A1,16,end,noun,끝; 종말,CEFRJ_1_5
EN-A1-00317,A1,16,engineer,noun,엔지니어; 기술자,CEFRJ_1_5
EN-A1-00318,A1,16,enjoy,verb,즐기다,CEFRJ_1_5
EN-A1-00319,A1,16,evening,noun,저녁; 밤,CEFRJ_1_5
EN-A1-00320,A1,16,event,noun,행사; 사건,CEFRJ_1_5
EN-A1-00321,A1,17,every,determiner,모든,CEFRJ_1_5
EN-A1-00322,A1,17,everybody,pronoun,모든 사람; 누구나,CEFRJ_1_5
EN-A1-00323,A1,17,everyday,adjective,매일의; 일상적인,CEFRJ_1_5
EN-A1-00324,A1,17,everyone,pronoun,모든 사람; 누구나,CEFRJ_1_5
EN-A1-00325,A1,17,everything,pronoun,모든 것,CEFRJ_1_5
EN-A1-00326,A1,17,everywhere,adverb,모든 곳에; 어디나,CEFRJ_1_5
EN-A1-00327,A1,17,example,noun,예; 모범,CEFRJ_1_5
EN-A1-00328,A1,17,excellent,adjective,훌륭한; 탁월한,CEFRJ_1_5
EN-A1-00329,A1,17,excited,adjective,신이 난; 흥분한,CEFRJ_1_5
EN-A1-00330,A1,17,exciting,adjective,신나는; 흥미진진한,CEFRJ_1_5
EN-A1-00331,A1,17,excuse,noun,변명; 이유,CEFRJ_1_5
EN-A1-00332,A1,17,exercise,verb,운동하다; 연습하다,CEFRJ_1_5
EN-A1-00333,A1,17,expensive,adjective,비싼,CEFRJ_1_5
EN-A1-00334,A1,17,eye,noun,눈,CEFRJ_1_5
EN-A1-00335,A1,17,face,noun,얼굴,CEFRJ_1_5
EN-A1-00336,A1,17,factory,noun,공장,CEFRJ_1_5
EN-A1-00337,A1,17,fair,adjective,공평한; 타당한,CEFRJ_1_5
EN-A1-00338,A1,17,fairy,noun,요정,CEFRJ_1_5
EN-A1-00339,A1,17,false,adjective,거짓의; 틀린,CEFRJ_1_5
EN-A1-00340,A1,17,family,noun,가족,CEFRJ_1_5
EN-A1-00341,A1,18,famous,adjective,유명한,CEFRJ_1_5
EN-A1-00342,A1,18,fan,noun,팬; 부채,CEFRJ_1_5
EN-A1-00343,A1,18,farm,noun,농장,CEFRJ_1_5
EN-A1-00344,A1,18,farmer,noun,농부,CEFRJ_1_5
EN-A1-00345,A1,18,fast,adjective,빠른,CEFRJ_1_5
EN-A1-00346,A1,18,fast,adverb,빨리; 빠르게,CEFRJ_1_5
EN-A1-00347,A1,18,fat,adjective,뚱뚱한; 지방이 많은,CEFRJ_1_5
EN-A1-00348,A1,18,father,noun,아버지,CEFRJ_1_5
EN-A1-00349,A1,18,favorite/favourite,adjective,가장 좋아하는,CEFRJ_1_5
EN-A1-00350,A1,18,favorite/favourite,noun,가장 좋아하는 것,CEFRJ_1_5
EN-A1-00351,A1,18,February,noun,2월,CEFRJ_1_5
EN-A1-00352,A1,18,feed,noun,먹이; 사료,CEFRJ_1_5
EN-A1-00353,A1,18,feel,verb,느끼다,CEFRJ_1_5
EN-A1-00354,A1,18,feeling,noun,기분; 감정,CEFRJ_1_5
EN-A1-00355,A1,18,festival,noun,축제,CEFRJ_1_5
EN-A1-00356,A1,18,fever,noun,열; 고열,CEFRJ_1_5
EN-A1-00357,A1,18,field,noun,들판; 분야,CEFRJ_1_5
EN-A1-00358,A1,18,fifteen,number,열다섯; 열다섯의,CEFRJ_1_5
EN-A1-00359,A1,18,fifty,number,쉰; 쉰의,CEFRJ_1_5
EN-A1-00360,A1,18,fight,noun,싸움; 전투,CEFRJ_1_5
EN-A1-00361,A1,19,file,noun,서류철; 파일,CEFRJ_1_5
EN-A1-00362,A1,19,fill,verb,채우다; 가득 차다,CEFRJ_1_5
EN-A1-00363,A1,19,find,verb,찾다; 발견하다,CEFRJ_1_5
EN-A1-00364,A1,19,fine,adjective,좋은; 건강한,CEFRJ_1_5
EN-A1-00365,A1,19,finish,noun,끝; 결승선,CEFRJ_1_5
EN-A1-00366,A1,19,finish,verb,끝내다; 끝나다,CEFRJ_1_5
EN-A1-00367,A1,19,fire,noun,불; 화재,CEFRJ_1_5
EN-A1-00368,A1,19,first,adjective,첫째의; 첫 번째의,CEFRJ_1_5
EN-A1-00369,A1,19,first,adverb,처음에; 첫째로,CEFRJ_1_5
EN-A1-00370,A1,19,fish,noun,물고기; 생선,CEFRJ_1_5
EN-A1-00371,A1,19,fishing,noun,낚시,CEFRJ_1_5
EN-A1-00372,A1,19,five,number,다섯; 다섯의,CEFRJ_1_5
EN-A1-00373,A1,19,flag,noun,깃발; 국기,CEFRJ_1_5
EN-A1-00374,A1,19,flat,noun,아파트,CEFRJ_1_5
EN-A1-00375,A1,19,floor,noun,바닥; 층,CEFRJ_1_5
EN-A1-00376,A1,19,flower,noun,꽃,CEFRJ_1_5
EN-A1-00377,A1,19,fly,noun,파리,CEFRJ_1_5
EN-A1-00378,A1,19,fly,verb,날다; 비행하다,CEFRJ_1_5
EN-A1-00379,A1,19,focus,verb,집중하다; 초점을 맞추다,CEFRJ_1_5
EN-A1-00380,A1,19,foggy,adjective,안개가 낀,CEFRJ_1_5
EN-A1-00381,A1,20,following,adjective,다음의; 다음에 오는,CEFRJ_1_5
EN-A1-00382,A1,20,food,noun,음식; 식품,CEFRJ_1_5
EN-A1-00383,A1,20,football,noun,축구,CEFRJ_1_5
EN-A1-00384,A1,20,for,preposition,~을 위하여; ~ 동안,CEFRJ_1_5
EN-A1-00385,A1,20,foreign,adjective,외국의,CEFRJ_1_5
EN-A1-00386,A1,20,foreigner,noun,외국인,CEFRJ_1_5
EN-A1-00387,A1,20,forget,verb,잊다,CEFRJ_1_5
EN-A1-00388,A1,20,form,noun,종류; 형식; 서식,CEFRJ_1_5
EN-A1-00389,A1,20,forty,number,마흔; 마흔의,CEFRJ_1_5
EN-A1-00390,A1,20,four,number,넷; 넷의,CEFRJ_1_5
EN-A1-00391,A1,20,fourteen,number,열넷; 열넷의,CEFRJ_1_5
EN-A1-00392,A1,20,free,adjective,자유로운; 무료의,CEFRJ_1_5
EN-A1-00393,A1,20,Friday,noun,금요일,CEFRJ_1_5
EN-A1-00394,A1,20,friend,noun,친구,CEFRJ_1_5
EN-A1-00395,A1,20,frog,noun,개구리,CEFRJ_1_5
EN-A1-00396,A1,20,from,preposition,~로부터; ~에서,CEFRJ_1_5
EN-A1-00397,A1,20,front,adjective,앞쪽의; 정면의,CEFRJ_1_5
EN-A1-00398,A1,20,fruit,noun,과일,CEFRJ_1_5
EN-A1-00399,A1,20,full,adjective,가득 찬; 배가 부른,CEFRJ_1_5
EN-A1-00400,A1,20,fun,adjective,재미있는; 즐거운,CEFRJ_1_5
EN-A1-00401,A1,21,fun,noun,재미; 장난,CEFRJ_1_5
EN-A1-00402,A1,21,funny,adjective,재미있는; 웃기는,CEFRJ_1_5
EN-A1-00403,A1,21,future,noun,미래; 장래,CEFRJ_1_5
EN-A1-00404,A1,21,game,noun,게임; 경기,CEFRJ_1_5
EN-A1-00405,A1,21,garbage,noun,쓰레기,CEFRJ_1_5
EN-A1-00406,A1,21,garden,noun,정원; 뜰,CEFRJ_1_5
EN-A1-00407,A1,21,get,verb,받다; 얻다; 되다,CEFRJ_1_5
EN-A1-00408,A1,21,ghost,noun,유령; 귀신,CEFRJ_1_5
EN-A1-00409,A1,21,gift,noun,선물; 타고난 재능,CEFRJ_1_5
EN-A1-00410,A1,21,girl,noun,소녀; 여자아이,CEFRJ_1_5
EN-A1-00411,A1,21,girlfriend,noun,여자친구,CEFRJ_1_5
EN-A1-00412,A1,21,give,verb,주다; 건네다,CEFRJ_1_5
EN-A1-00413,A1,21,glad,adjective,기쁜; 반가운,CEFRJ_1_5
EN-A1-00414,A1,21,glass,noun,유리; 유리잔,CEFRJ_1_5
EN-A1-00415,A1,21,glasses,noun,안경,CEFRJ_1_5
EN-A1-00416,A1,21,go,verb,가다; 진행되다,CEFRJ_1_5
EN-A1-00417,A1,21,goal,noun,목표; 골; 득점,CEFRJ_1_5
EN-A1-00418,A1,21,gold,adjective,금빛의; 금으로 만든,CEFRJ_1_5
EN-A1-00419,A1,21,good,adjective,좋은; 착한; 우수한,CEFRJ_1_5
EN-A1-00420,A1,21,good afternoon,interjection,낮에 하는 인사말,CEFRJ_1_5
EN-A1-00421,A1,22,good morning,interjection,아침에 하는 인사말,CEFRJ_1_5
EN-A1-00422,A1,22,good night,interjection,밤에 헤어질 때나 잠자리에 들 때 하는 인사말,CEFRJ_1_5
EN-A1-00423,A1,22,grade,noun,학년; 성적; 등급,CEFRJ_1_5
EN-A1-00424,A1,22,grammar,noun,문법,CEFRJ_1_5
EN-A1-00425,A1,22,grandfather,noun,할아버지,CEFRJ_1_5
EN-A1-00426,A1,22,grandma,noun,할머니,CEFRJ_1_5
EN-A1-00427,A1,22,grandmother,noun,할머니,CEFRJ_1_5
EN-A1-00428,A1,22,grandpa,noun,할아버지,CEFRJ_1_5
EN-A1-00429,A1,22,grandparent,noun,조부모,CEFRJ_1_5
EN-A1-00430,A1,22,grape,noun,포도,CEFRJ_1_5
EN-A1-00431,A1,22,grass,noun,풀; 잔디,CEFRJ_1_5
EN-A1-00432,A1,22,gray/grey,adjective,회색의; 백발이 성성한,CEFRJ_1_5
EN-A1-00433,A1,22,gray/grey,noun,회색,CEFRJ_1_5
EN-A1-00434,A1,22,great,adjective,위대한; 아주 좋은; 큰,CEFRJ_1_5
EN-A1-00435,A1,22,green,adjective,초록색의; 녹색의,CEFRJ_1_5
EN-A1-00436,A1,22,greet,verb,맞이하다; 인사하다,CEFRJ_1_5
EN-A1-00437,A1,22,ground,noun,땅; 지면; 운동장,CEFRJ_1_5
EN-A1-00438,A1,22,group,noun,집단; 그룹; 무리,CEFRJ_1_5
EN-A1-00439,A1,22,grow,verb,자라다; 성장하다; 재배하다,CEFRJ_1_5
EN-A1-00440,A1,22,guess,verb,추측하다; 맞히다,CEFRJ_1_5
EN-A1-00441,A1,23,guest,noun,손님; 하객,CEFRJ_1_5
EN-A1-00442,A1,23,guitar,noun,기타,CEFRJ_1_5
EN-A1-00443,A1,23,guy,noun,남자; 사람; 녀석,CEFRJ_1_5
EN-A1-00444,A1,23,habit,noun,습관; 버릇,CEFRJ_1_5
EN-A1-00445,A1,23,had,have-verb,가지고 있었다; ~했었다 (have의 과거·과거분사형),CEFRJ_1_5
EN-A1-00446,A1,23,hair,noun,머리카락; 털,CEFRJ_1_5
EN-A1-00447,A1,23,haircut,noun,이발; 머리 깎기,CEFRJ_1_5
EN-A1-00448,A1,23,half,noun,반; 절반,CEFRJ_1_5
EN-A1-00449,A1,23,hall,noun,복도; 홀; 회관,CEFRJ_1_5
EN-A1-00450,A1,23,hamburger,noun,햄버거,CEFRJ_1_5
EN-A1-00451,A1,23,hand,noun,손,CEFRJ_1_5
EN-A1-00452,A1,23,handsome,adjective,잘생긴; 멋진,CEFRJ_1_5
EN-A1-00453,A1,23,happen,verb,일어나다; 발생하다,CEFRJ_1_5
EN-A1-00454,A1,23,happy,adjective,행복한; 기쁜,CEFRJ_1_5
EN-A1-00455,A1,23,hard,adjective,단단한; 어려운; 힘든,CEFRJ_1_5
EN-A1-00456,A1,23,hard,adverb,열심히; 세게; 몹시,CEFRJ_1_5
EN-A1-00457,A1,23,has,have-verb,가지고 있다; 먹는다 (have의 3인칭 단수 현재형),CEFRJ_1_5
EN-A1-00458,A1,23,hat,noun,모자,CEFRJ_1_5
EN-A1-00459,A1,23,have,have-verb,가지고 있다; 먹다; 경험하다,CEFRJ_1_5
EN-A1-00460,A1,23,have to,modal auxiliary,~해야 한다,CEFRJ_1_5
EN-A1-00461,A1,24,he,pronoun,그는; 그가,CEFRJ_1_5
EN-A1-00462,A1,24,head,noun,머리; 우두머리,CEFRJ_1_5
EN-A1-00463,A1,24,headache,noun,두통,CEFRJ_1_5
EN-A1-00464,A1,24,health,noun,건강,CEFRJ_1_5
EN-A1-00465,A1,24,healthy,adjective,건강한; 건강에 좋은,CEFRJ_1_5
EN-A1-00466,A1,24,hear,verb,듣다; 들리다,CEFRJ_1_5
EN-A1-00467,A1,24,heart,noun,심장; 마음; 하트 모양,CEFRJ_1_5
EN-A1-00468,A1,24,heavy,adjective,무거운; 심한,CEFRJ_1_5
EN-A1-00469,A1,24,hello,noun,안녕; 여보세요,CEFRJ_1_5
EN-A1-00470,A1,24,help,verb,돕다; 도와주다,CEFRJ_1_5
EN-A1-00471,A1,24,her,determiner,그녀의,CEFRJ_1_5
EN-A1-00472,A1,24,her,pronoun,그녀를; 그녀에게,CEFRJ_1_5
EN-A1-00473,A1,24,here,adverb,여기에; 여기에서,CEFRJ_1_5
EN-A1-00474,A1,24,hers,pronoun,그녀의 것,CEFRJ_1_5
EN-A1-00475,A1,24,hi,interjection,안녕,CEFRJ_1_5
EN-A1-00476,A1,24,hide,verb,숨다; 숨기다,CEFRJ_1_5
EN-A1-00477,A1,24,high,adjective,높은; 고도의,CEFRJ_1_5
EN-A1-00478,A1,24,hill,noun,언덕; 동산,CEFRJ_1_5
EN-A1-00479,A1,24,him,pronoun,그를; 그에게,CEFRJ_1_5
EN-A1-00480,A1,24,his,determiner,그의,CEFRJ_1_5
EN-A1-00481,A1,25,his,pronoun,그의 것,CEFRJ_1_5
EN-A1-00482,A1,25,history,noun,역사,CEFRJ_1_5
EN-A1-00483,A1,25,hobby,noun,취미,CEFRJ_1_5
EN-A1-00484,A1,25,hold,noun,잡기; 쥐기; 영향력,CEFRJ_1_5
EN-A1-00485,A1,25,hole,noun,구멍; 구덩이,CEFRJ_1_5
EN-A1-00486,A1,25,holiday,noun,휴일; 축일; 휴가,CEFRJ_1_5
EN-A1-00487,A1,25,home,noun,집; 가정,CEFRJ_1_5
EN-A1-00488,A1,25,hometown,noun,고향,CEFRJ_1_5
EN-A1-00489,A1,25,homework,noun,숙제; 과제,CEFRJ_1_5
EN-A1-00490,A1,25,hope,noun,희망; 바람,CEFRJ_1_5
EN-A1-00491,A1,25,horse,noun,말,CEFRJ_1_5
EN-A1-00492,A1,25,hospital,noun,병원,CEFRJ_1_5
EN-A1-00493,A1,25,hot,adjective,뜨거운; 더운; 매운,CEFRJ_1_5
EN-A1-00494,A1,25,hotel,noun,호텔,CEFRJ_1_5
EN-A1-00495,A1,25,hour,noun,시간,CEFRJ_1_5
EN-A1-00496,A1,25,house,noun,집; 주택,CEFRJ_1_5
EN-A1-00497,A1,25,how,adverb,어떻게; 얼마나,CEFRJ_1_5
EN-A1-00498,A1,25,hungry,adjective,배고픈,CEFRJ_1_5
EN-A1-00499,A1,25,hurry,noun,서두름; 급함,CEFRJ_1_5
EN-A1-00500,A1,25,hurt,verb,다치게 하다; 아프다; 아프다,CEFRJ_1_5
EN-A1-00501,A1,26,husband,noun,남편,CEFRJ_1_5
EN-A1-00502,A1,26,I,pronoun,"나, 저",CEFRJ_1_5
EN-A1-00503,A1,26,ice,noun,얼음,CEFRJ_1_5
EN-A1-00504,A1,26,ice cream,noun,아이스크림,CEFRJ_1_5
EN-A1-00505,A1,26,idea,noun,생각; 아이디어,CEFRJ_1_5
EN-A1-00506,A1,26,ideal,adjective,이상적인,CEFRJ_1_5
EN-A1-00507,A1,26,if,conjunction,만약 ~라면,CEFRJ_1_5
EN-A1-00508,A1,26,imagine,verb,상상하다,CEFRJ_1_5
EN-A1-00509,A1,26,important,adjective,중요한,CEFRJ_1_5
EN-A1-00510,A1,26,in,preposition,~ 안에; ~에서,CEFRJ_1_5
EN-A1-00511,A1,26,information,noun,정보,CEFRJ_1_5
EN-A1-00512,A1,26,inside,preposition,~의 안쪽에,CEFRJ_1_5
EN-A1-00513,A1,26,interested,adjective,관심이 있는; 흥미를 느끼는,CEFRJ_1_5
EN-A1-00514,A1,26,interesting,adjective,흥미로운; 재미있는,CEFRJ_1_5
EN-A1-00515,A1,26,Internet/internet,noun,인터넷,CEFRJ_1_5
EN-A1-00516,A1,26,interview,noun,면접; 인터뷰,CEFRJ_1_5
EN-A1-00517,A1,26,interviewer,noun,면접관; 인터뷰 진행자,CEFRJ_1_5
EN-A1-00518,A1,26,into,preposition,~ 안으로,CEFRJ_1_5
EN-A1-00519,A1,26,introduce,verb,소개하다,CEFRJ_1_5
EN-A1-00520,A1,26,is,be-verb,~이다; 있다,CEFRJ_1_5
EN-A1-00521,A1,27,island,noun,섬,CEFRJ_1_5
EN-A1-00522,A1,27,it,pronoun,그것,CEFRJ_1_5
EN-A1-00523,A1,27,item,noun,품목; 항목,CEFRJ_1_5
EN-A1-00524,A1,27,its,determiner,그것의,CEFRJ_1_5
EN-A1-00525,A1,27,its,pronoun,그것의 것,CEFRJ_1_5
EN-A1-00526,A1,27,jacket,noun,재킷; 상의,CEFRJ_1_5
EN-A1-00527,A1,27,January,noun,1월,CEFRJ_1_5
EN-A1-00528,A1,27,jeans,noun,청바지,CEFRJ_1_5
EN-A1-00529,A1,27,jet,noun,제트기,CEFRJ_1_5
EN-A1-00530,A1,27,jewelry/jewellery,noun,보석류; 장신구,CEFRJ_1_5
EN-A1-00531,A1,27,job,noun,일; 직업,CEFRJ_1_5
EN-A1-00532,A1,27,join,verb,가입하다; 함께하다,CEFRJ_1_5
EN-A1-00533,A1,27,judge,verb,판단하다; 심사하다,CEFRJ_1_5
EN-A1-00534,A1,27,juice,noun,즙; 주스,CEFRJ_1_5
EN-A1-00535,A1,27,July,noun,7월,CEFRJ_1_5
EN-A1-00536,A1,27,jump,verb,뛰다; 점프하다,CEFRJ_1_5
EN-A1-00537,A1,27,June,noun,6월,CEFRJ_1_5
EN-A1-00538,A1,27,just,adverb,그저; 단지; 방금,CEFRJ_1_5
EN-A1-00539,A1,27,keep,verb,유지하다; 보관하다,CEFRJ_1_5
EN-A1-00540,A1,27,key,adjective,핵심적인; 가장 중요한,CEFRJ_1_5
EN-A1-00541,A1,28,key,noun,열쇠; 비결,CEFRJ_1_5
EN-A1-00542,A1,28,kick,noun,발로 차기,CEFRJ_1_5
EN-A1-00543,A1,28,kick,verb,차다; 발로 차다,CEFRJ_1_5
EN-A1-00544,A1,28,kid,noun,아이; 어린이,CEFRJ_1_5
EN-A1-00545,A1,28,kill,verb,죽이다,CEFRJ_1_5
EN-A1-00546,A1,28,kind,noun,종류,CEFRJ_1_5
EN-A1-00547,A1,28,king,noun,왕; 국왕,CEFRJ_1_5
EN-A1-00548,A1,28,kiss,noun,키스; 입맞춤,CEFRJ_1_5
EN-A1-00549,A1,28,kitchen,noun,부엌; 주방,CEFRJ_1_5
EN-A1-00550,A1,28,kite,noun,연,CEFRJ_1_5
EN-A1-00551,A1,28,knee,noun,무릎,CEFRJ_1_5
EN-A1-00552,A1,28,knife,noun,칼,CEFRJ_1_5
EN-A1-00553,A1,28,know,verb,알다,CEFRJ_1_5
EN-A1-00554,A1,28,lady,noun,숙녀; 여성,CEFRJ_1_5
EN-A1-00555,A1,28,language,noun,언어,CEFRJ_1_5
EN-A1-00556,A1,28,large,adjective,큰; 거대한,CEFRJ_1_5
EN-A1-00557,A1,28,last name,noun,성; 패밀리 네임,CEFRJ_1_5
EN-A1-00558,A1,28,late,adjective,늦은,CEFRJ_1_5
EN-A1-00559,A1,28,late,adverb,늦게,CEFRJ_1_5
EN-A1-00560,A1,28,later,adverb,나중에; 뒤에,CEFRJ_1_5
EN-A1-00561,A1,29,laugh,verb,웃다,CEFRJ_1_5
EN-A1-00562,A1,29,lazy,adjective,게으른,CEFRJ_1_5
EN-A1-00563,A1,29,leader,noun,지도자; 리더,CEFRJ_1_5
EN-A1-00564,A1,29,leaf,noun,나뭇잎,CEFRJ_1_5
EN-A1-00565,A1,29,learn,verb,배우다,CEFRJ_1_5
EN-A1-00566,A1,29,leave,verb,떠나다; 남겨두다,CEFRJ_1_5
EN-A1-00567,A1,29,left,adjective,왼쪽의,CEFRJ_1_5
EN-A1-00568,A1,29,leg,noun,다리,CEFRJ_1_5
EN-A1-00569,A1,29,lesson,noun,수업; 교훈,CEFRJ_1_5
EN-A1-00570,A1,29,let,verb,허락하다; ~하게 하다,CEFRJ_1_5
EN-A1-00571,A1,29,letter,noun,편지; 글자,CEFRJ_1_5
EN-A1-00572,A1,29,library,noun,도서관,CEFRJ_1_5
EN-A1-00573,A1,29,life,noun,삶; 생명,CEFRJ_1_5
EN-A1-00574,A1,29,light,adjective,가벼운; 밝은,CEFRJ_1_5
EN-A1-00575,A1,29,light,noun,빛; 전등,CEFRJ_1_5
EN-A1-00576,A1,29,like,preposition,~처럼; ~와 같은,CEFRJ_1_5
EN-A1-00577,A1,29,like,verb,좋아하다,CEFRJ_1_5
EN-A1-00578,A1,29,lily,noun,백합,CEFRJ_1_5
EN-A1-00579,A1,29,line,noun,선; 줄,CEFRJ_1_5
EN-A1-00580,A1,29,lion,noun,사자,CEFRJ_1_5
EN-A1-00581,A1,30,list,noun,목록; 리스트,CEFRJ_1_5
EN-A1-00582,A1,30,listen,verb,듣다; 경청하다,CEFRJ_1_5
EN-A1-00583,A1,30,little,adjective,작은; 적은,CEFRJ_1_5
EN-A1-00584,A1,30,little,adverb,거의 ~않다; 조금,CEFRJ_1_5
EN-A1-00585,A1,30,live,verb,살다; 거주하다,CEFRJ_1_5
EN-A1-00586,A1,30,living,adjective,살아 있는,CEFRJ_1_5
EN-A1-00587,A1,30,living room,noun,거실,CEFRJ_1_5
EN-A1-00588,A1,30,lonely,adjective,외로운,CEFRJ_1_5
EN-A1-00589,A1,30,long,adjective,긴; 오래된,CEFRJ_1_5
EN-A1-00590,A1,30,look,noun,보기; 표정; 외모,CEFRJ_1_5
EN-A1-00591,A1,30,look,verb,보다; 바라보다,CEFRJ_1_5
EN-A1-00592,A1,30,lot,adverb,많이; 대단히,CEFRJ_1_5
EN-A1-00593,A1,30,lot,pronoun,많은 것,CEFRJ_1_5
EN-A1-00594,A1,30,love,noun,사랑,CEFRJ_1_5
EN-A1-00595,A1,30,love,verb,사랑하다,CEFRJ_1_5
EN-A1-00596,A1,30,lovely,adjective,사랑스러운; 아름다운,CEFRJ_1_5
EN-A1-00597,A1,30,luck,noun,운; 행운,CEFRJ_1_5
EN-A1-00598,A1,30,lucky,adjective,운이 좋은,CEFRJ_1_5
EN-A1-00599,A1,30,lunch,noun,점심 식사,CEFRJ_1_5
EN-A1-00600,A1,30,'m,be-verb,am의 축약형,CEFRJ_1_5
EN-A1-00601,A1,31,machine,noun,기계,CEFRJ_1_5
EN-A1-00602,A1,31,magazine,noun,잡지,CEFRJ_1_5
EN-A1-00603,A1,31,mail,noun,우편; 우편물,CEFRJ_1_5
EN-A1-00604,A1,31,make,verb,만들다,CEFRJ_1_5
EN-A1-00605,A1,31,man,noun,남자; 사람,CEFRJ_1_5
EN-A1-00606,A1,31,many,determiner,많은,CEFRJ_1_5
EN-A1-00607,A1,31,many,pronoun,많은 사람; 많은 것,CEFRJ_1_5
EN-A1-00608,A1,31,map,noun,지도,CEFRJ_1_5
EN-A1-00609,A1,31,March,noun,3월,CEFRJ_1_5
EN-A1-00610,A1,31,match,noun,경기; 성냥,CEFRJ_1_5
EN-A1-00611,A1,31,math/maths,noun,수학,CEFRJ_1_5
EN-A1-00612,A1,31,matter,noun,문제; 일; 물질,CEFRJ_1_5
EN-A1-00613,A1,31,may,modal auxiliary,~일지도 모른다; ~해도 좋다,CEFRJ_1_5
EN-A1-00614,A1,31,May,noun,5월,CEFRJ_1_5
EN-A1-00615,A1,31,maybe,adverb,아마; 어쩌면,CEFRJ_1_5
EN-A1-00616,A1,31,me,pronoun,나를; 나에게,CEFRJ_1_5
EN-A1-00617,A1,31,meal,noun,식사; 끼니,CEFRJ_1_5
EN-A1-00618,A1,31,mean,verb,의미하다; 뜻하다,CEFRJ_1_5
EN-A1-00619,A1,31,meat,noun,고기; 육류,CEFRJ_1_5
EN-A1-00620,A1,31,medicine,noun,약; 의학,CEFRJ_1_5
EN-A1-00621,A1,32,meet,verb,만나다,CEFRJ_1_5
EN-A1-00622,A1,32,meeting,noun,회의; 만남,CEFRJ_1_5
EN-A1-00623,A1,32,memory,noun,기억; 기억력; 추억,CEFRJ_1_5
EN-A1-00624,A1,32,merry,adjective,즐거운; 명랑한,CEFRJ_1_5
EN-A1-00625,A1,32,message,noun,메시지; 전갈,CEFRJ_1_5
EN-A1-00626,A1,32,middle,adjective,중간의; 중앙의,CEFRJ_1_5
EN-A1-00627,A1,32,milk,noun,우유,CEFRJ_1_5
EN-A1-00628,A1,32,mind,noun,마음; 정신; 생각,CEFRJ_1_5
EN-A1-00629,A1,32,mine,pronoun,나의 것,CEFRJ_1_5
EN-A1-00630,A1,32,minute,noun,분; 잠깐,CEFRJ_1_5
EN-A1-00631,A1,32,Miss,noun,양; 미스 (미혼 여성의 성 앞에 붙이는 호칭),CEFRJ_1_5
EN-A1-00632,A1,32,miss,verb,놓치다; 그리워하다,CEFRJ_1_5
EN-A1-00633,A1,32,mobile,noun,휴대전화,CEFRJ_1_5
EN-A1-00634,A1,32,mobile phone,noun,휴대전화,CEFRJ_1_5
EN-A1-00635,A1,32,mom,noun,엄마,CEFRJ_1_5
EN-A1-00636,A1,32,moment,noun,순간; 잠깐,CEFRJ_1_5
EN-A1-00637,A1,32,mommy/mommie,noun,엄마,CEFRJ_1_5
EN-A1-00638,A1,32,Monday,noun,월요일,CEFRJ_1_5
EN-A1-00639,A1,32,money,noun,돈,CEFRJ_1_5
EN-A1-00640,A1,32,monkey,noun,원숭이,CEFRJ_1_5
EN-A1-00641,A1,33,month,noun,달; 월,CEFRJ_1_5
EN-A1-00642,A1,33,moon,noun,달,CEFRJ_1_5
EN-A1-00643,A1,33,more,determiner,더 많은,CEFRJ_1_5
EN-A1-00644,A1,33,more,pronoun,더 많은 것; 더 많은 사람들,CEFRJ_1_5
EN-A1-00645,A1,33,morning,noun,아침; 오전,CEFRJ_1_5
EN-A1-00646,A1,33,most,determiner,가장 많은; 대부분의,CEFRJ_1_5
EN-A1-00647,A1,33,mother,noun,어머니; 엄마,CEFRJ_1_5
EN-A1-00648,A1,33,mountain,noun,산,CEFRJ_1_5
EN-A1-00649,A1,33,mouse,noun,쥐; 마우스,CEFRJ_1_5
EN-A1-00650,A1,33,mouth,noun,입,CEFRJ_1_5
EN-A1-00651,A1,33,move,noun,움직임; 이동; 조치,CEFRJ_1_5
EN-A1-00652,A1,33,movie,noun,영화,CEFRJ_1_5
EN-A1-00653,A1,33,Mr./Mr,noun,씨; 선생 (남성의 성 앞에 붙이는 호칭),CEFRJ_1_5
EN-A1-00654,A1,33,Mrs./Mrs,noun,부인; 여사 (기혼 여성의 성 앞에 붙이는 호칭),CEFRJ_1_5
EN-A1-00655,A1,33,much,adverb,매우; 많이,CEFRJ_1_5
EN-A1-00656,A1,33,much,determiner,많은; 다량의,CEFRJ_1_5
EN-A1-00657,A1,33,much,pronoun,많은 것; 다량,CEFRJ_1_5
EN-A1-00658,A1,33,mum,noun,엄마,CEFRJ_1_5
EN-A1-00659,A1,33,music,noun,음악,CEFRJ_1_5
EN-A1-00660,A1,33,musician,noun,음악가; 뮤지션,CEFRJ_1_5
EN-A1-00661,A1,34,must,modal auxiliary,~해야 한다; ~임에 틀림없다,CEFRJ_1_5
EN-A1-00662,A1,34,my,determiner,나의,CEFRJ_1_5
EN-A1-00663,A1,34,name,noun,이름,CEFRJ_1_5
EN-A1-00664,A1,34,nationality,noun,국적,CEFRJ_1_5
EN-A1-00665,A1,34,near,preposition,~에 가까이; ~ 근처에,CEFRJ_1_5
EN-A1-00666,A1,34,neck,noun,목,CEFRJ_1_5
EN-A1-00667,A1,34,need,modal auxiliary,~할 필요가 있다,CEFRJ_1_5
EN-A1-00668,A1,34,neighbor/neighbour,noun,이웃; 이웃 사람,CEFRJ_1_5
EN-A1-00669,A1,34,never,adverb,결코 ~않다; 한 번도 ~않다,CEFRJ_1_5
EN-A1-00670,A1,34,new,adjective,새로운; 새,CEFRJ_1_5
EN-A1-00671,A1,34,news,noun,뉴스; 소식,CEFRJ_1_5
EN-A1-00672,A1,34,newspaper,noun,신문,CEFRJ_1_5
EN-A1-00673,A1,34,nice,adjective,좋은; 친절한; 멋진,CEFRJ_1_5
EN-A1-00674,A1,34,night,noun,밤,CEFRJ_1_5
EN-A1-00675,A1,34,nine,number,아홉; 아홉의,CEFRJ_1_5
EN-A1-00676,A1,34,nineteen,number,열아홉; 열아홉의,CEFRJ_1_5
EN-A1-00677,A1,34,ninety,number,아흔; 아흔의,CEFRJ_1_5
EN-A1-00678,A1,34,no,adverb,아니요,CEFRJ_1_5
EN-A1-00679,A1,34,no,determiner,어떤 ~도 없는; 하나도 없는,CEFRJ_1_5
EN-A1-00680,A1,34,noise,noun,소음; 잡음; 소리,CEFRJ_1_5
EN-A1-00681,A1,35,nose,noun,코,CEFRJ_1_5
EN-A1-00682,A1,35,not,adverb,~않다; ~이 아니다 (부정의 뜻을 나타냄),CEFRJ_1_5
EN-A1-00683,A1,35,note,noun,메모; 필기; 쪽지,CEFRJ_1_5
EN-A1-00684,A1,35,note,verb,주목하다; 언급하다; 적어두다,CEFRJ_1_5
EN-A1-00685,A1,35,notebook,noun,공책; 노트북,CEFRJ_1_5
EN-A1-00686,A1,35,nothing,pronoun,아무것도 ~않다; 아무것도 없음,CEFRJ_1_5
EN-A1-00687,A1,35,November,noun,11월,CEFRJ_1_5
EN-A1-00688,A1,35,now,adverb,지금; 이제,CEFRJ_1_5
EN-A1-00689,A1,35,number,noun,숫자; 번호,CEFRJ_1_5
EN-A1-00690,A1,35,nurse,noun,간호사,CEFRJ_1_5
EN-A1-00691,A1,35,o'clock,adverb,시 (정각을 나타냄),CEFRJ_1_5
EN-A1-00692,A1,35,October,noun,10월,CEFRJ_1_5
EN-A1-00693,A1,35,of,preposition,~의; ~에 대한,CEFRJ_1_5
EN-A1-00694,A1,35,off,adjective,꺼진; 쉬는,CEFRJ_1_5
EN-A1-00695,A1,35,office,noun,사무실; 회사,CEFRJ_1_5
EN-A1-00696,A1,35,officer,noun,경찰관; 장교; 공무원,CEFRJ_1_5
EN-A1-00697,A1,35,often,adverb,자주; 흔히,CEFRJ_1_5
EN-A1-00698,A1,35,OK/okay,adjective,괜찮은; 좋은,CEFRJ_1_5
EN-A1-00699,A1,35,OK/okay,adverb,잘; 괜찮게; 알았어,CEFRJ_1_5
EN-A1-00700,A1,35,old,adjective,늙은; 나이 든; 오래된,CEFRJ_1_5
EN-A1-00701,A1,36,Olympics,noun,올림픽,CEFRJ_1_5
EN-A1-00702,A1,36,on,preposition,~ 위에; ~에 관하여,CEFRJ_1_5
EN-A1-00703,A1,36,once,adverb,한 번; 이전에,CEFRJ_1_5
EN-A1-00704,A1,36,one,determiner,한; 하나의,CEFRJ_1_5
EN-A1-00705,A1,36,one,number,일; 하나,CEFRJ_1_5
EN-A1-00706,A1,36,only,adjective,유일한; 오직 ~뿐인,CEFRJ_1_5
EN-A1-00707,A1,36,only,adverb,오직; 겨우,CEFRJ_1_5
EN-A1-00708,A1,36,open,adjective,열려 있는; 개방된,CEFRJ_1_5
EN-A1-00709,A1,36,open,verb,열다; 시작하다,CEFRJ_1_5
EN-A1-00710,A1,36,opera,noun,오페라,CEFRJ_1_5
EN-A1-00711,A1,36,or,conjunction,또는; 혹은,CEFRJ_1_5
EN-A1-00712,A1,36,orange,adjective,오렌지색의; 주황색의,CEFRJ_1_5
EN-A1-00713,A1,36,orange,noun,오렌지; 주황색,CEFRJ_1_5
EN-A1-00714,A1,36,order,noun,순서; 질서; 주문,CEFRJ_1_5
EN-A1-00715,A1,36,other,determiner,다른; 그 밖의,CEFRJ_1_5
EN-A1-00716,A1,36,our,determiner,우리의,CEFRJ_1_5
EN-A1-00717,A1,36,ours,pronoun,우리의 것,CEFRJ_1_5
EN-A1-00718,A1,36,out,adverb,밖으로; 밖에,CEFRJ_1_5
EN-A1-00719,A1,36,outside,adverb,밖에서; 야외에서,CEFRJ_1_5
EN-A1-00720,A1,36,over,preposition,~ 위에; ~을 넘어서,CEFRJ_1_5
EN-A1-00721,A1,37,own,adjective,자신의; 독자적인,CEFRJ_1_5
EN-A1-00722,A1,37,owner,noun,주인; 소유자,CEFRJ_1_5
EN-A1-00723,A1,37,p.m./P.M./pm/PM,adverb,오후에,CEFRJ_1_5
EN-A1-00724,A1,37,page,noun,페이지; 쪽,CEFRJ_1_5
EN-A1-00725,A1,37,paint,noun,페인트; 물감,CEFRJ_1_5
EN-A1-00726,A1,37,paint,verb,칠하다; 그리다,CEFRJ_1_5
EN-A1-00727,A1,37,painting,noun,그림; 회화,CEFRJ_1_5
EN-A1-00728,A1,37,pair,noun,한 쌍; 한 켤레,CEFRJ_1_5
EN-A1-00729,A1,37,palace,noun,궁전; 대궐,CEFRJ_1_5
EN-A1-00730,A1,37,pants,noun,바지,CEFRJ_1_5
EN-A1-00731,A1,37,paper,noun,종이; 신문,CEFRJ_1_5
EN-A1-00732,A1,37,paragraph,noun,단락; 문단,CEFRJ_1_5
EN-A1-00733,A1,37,pardon,noun,용서,CEFRJ_1_5
EN-A1-00734,A1,37,parent,noun,부모; 어버이,CEFRJ_1_5
EN-A1-00735,A1,37,park,noun,공원,CEFRJ_1_5
EN-A1-00736,A1,37,partner,noun,동반자; 파트너,CEFRJ_1_5
EN-A1-00737,A1,37,party,noun,파티; 모임,CEFRJ_1_5
EN-A1-00738,A1,37,past,adverb,지나서,CEFRJ_1_5
EN-A1-00739,A1,37,past,preposition,~을 지나서; ~을 넘어서,CEFRJ_1_5
EN-A1-00740,A1,37,pay,noun,급료; 보수,CEFRJ_1_5
EN-A1-00741,A1,38,pay,verb,지불하다; 내다,CEFRJ_1_5
EN-A1-00742,A1,38,peace,noun,평화; 화평,CEFRJ_1_5
EN-A1-00743,A1,38,pen,noun,펜; 만년필,CEFRJ_1_5
EN-A1-00744,A1,38,pencil,noun,연필,CEFRJ_1_5
EN-A1-00745,A1,38,people,noun,사람들,CEFRJ_1_5
EN-A1-00746,A1,38,period,noun,기간; 시기,CEFRJ_1_5
EN-A1-00747,A1,38,person,noun,사람; 개인,CEFRJ_1_5
EN-A1-00748,A1,38,personal,adjective,개인의; 사적인,CEFRJ_1_5
EN-A1-00749,A1,38,pet,noun,애완동물,CEFRJ_1_5
EN-A1-00750,A1,38,phone,noun,전화기; 전화,CEFRJ_1_5
EN-A1-00751,A1,38,phone,verb,전화하다,CEFRJ_1_5
EN-A1-00752,A1,38,photo,noun,사진,CEFRJ_1_5
EN-A1-00753,A1,38,piano,noun,피아노,CEFRJ_1_5
EN-A1-00754,A1,38,pick,verb,고르다; 줍다,CEFRJ_1_5
EN-A1-00755,A1,38,picnic,noun,소풍; 피크닉,CEFRJ_1_5
EN-A1-00756,A1,38,picture,noun,그림; 사진,CEFRJ_1_5
EN-A1-00757,A1,38,piece,noun,조각; 한 개,CEFRJ_1_5
EN-A1-00758,A1,38,pig,noun,돼지,CEFRJ_1_5
EN-A1-00759,A1,38,pink,adjective,분홍색의,CEFRJ_1_5
EN-A1-00760,A1,38,pizza,noun,피자,CEFRJ_1_5
EN-A1-00761,A1,39,place,noun,장소; 곳,CEFRJ_1_5
EN-A1-00762,A1,39,plan,noun,계획; 구상,CEFRJ_1_5
EN-A1-00763,A1,39,plane,noun,비행기,CEFRJ_1_5
EN-A1-00764,A1,39,play,noun,연극; 놀이,CEFRJ_1_5
EN-A1-00765,A1,39,play,verb,놀다; 연주하다; 경기를 하다,CEFRJ_1_5
EN-A1-00766,A1,39,player,noun,선수; 연주자,CEFRJ_1_5
EN-A1-00767,A1,39,please,adverb,부디; 제발,CEFRJ_1_5
EN-A1-00768,A1,39,pleasure,noun,기쁨; 즐거움,CEFRJ_1_5
EN-A1-00769,A1,39,pocket,noun,주머니; 포켓,CEFRJ_1_5
EN-A1-00770,A1,39,poem,noun,시,CEFRJ_1_5
EN-A1-00771,A1,39,point,noun,점; 요점; 점수,CEFRJ_1_5
EN-A1-00772,A1,39,pollution,noun,오염; 공해,CEFRJ_1_5
EN-A1-00773,A1,39,pool,noun,수영장; 풀,CEFRJ_1_5
EN-A1-00774,A1,39,poor,adjective,가난한; 불쌍한,CEFRJ_1_5
EN-A1-00775,A1,39,pop,noun,대중 음악; 팝송,CEFRJ_1_5
EN-A1-00776,A1,39,post,noun,우편; 직위; 기둥,CEFRJ_1_5
EN-A1-00777,A1,39,poster,noun,포스터; 벽보,CEFRJ_1_5
EN-A1-00778,A1,39,potato,noun,감자,CEFRJ_1_5
EN-A1-00779,A1,39,practice,noun,연습; 실천,CEFRJ_1_5
EN-A1-00780,A1,39,practice/practise,verb,연습하다; 실천하다,CEFRJ_1_5
EN-A1-00781,A1,40,pray,verb,기도하다; 빌다,CEFRJ_1_5
EN-A1-00782,A1,40,present,noun,선물,CEFRJ_1_5
EN-A1-00783,A1,40,pretty,adjective,예쁜; 귀여운,CEFRJ_1_5
EN-A1-00784,A1,40,price,noun,가격; 값,CEFRJ_1_5
EN-A1-00785,A1,40,prince,noun,왕자,CEFRJ_1_5
EN-A1-00786,A1,40,princess,noun,공주,CEFRJ_1_5
EN-A1-00787,A1,40,problem,noun,문제,CEFRJ_1_5
EN-A1-00788,A1,40,program/programme,noun,프로그램; 계획,CEFRJ_1_5
EN-A1-00789,A1,40,purple,noun,보라색,CEFRJ_1_5
EN-A1-00790,A1,40,push,verb,밀다,CEFRJ_1_5
EN-A1-00791,A1,40,put,verb,놓다; 두다,CEFRJ_1_5
EN-A1-00792,A1,40,quarter,noun,4분의 1; 15분,CEFRJ_1_5
EN-A1-00793,A1,40,question,noun,질문; 문제,CEFRJ_1_5
EN-A1-00794,A1,40,quickly,adverb,빨리; 급히,CEFRJ_1_5
EN-A1-00795,A1,40,quiet,adjective,조용한; 한적한,CEFRJ_1_5
EN-A1-00796,A1,40,rabbit,noun,토끼,CEFRJ_1_5
EN-A1-00797,A1,40,radio,noun,라디오,CEFRJ_1_5
EN-A1-00798,A1,40,rain,noun,비,CEFRJ_1_5
EN-A1-00799,A1,40,rain,verb,비가 내리다,CEFRJ_1_5
EN-A1-00800,A1,40,rainy,adjective,비가 오는,CEFRJ_1_5
EN-A1-00801,A1,41,rat,noun,쥐,CEFRJ_1_5
EN-A1-00802,A1,41,'re,be-verb,are의 축약형,CEFRJ_1_5
EN-A1-00803,A1,41,read,verb,읽다,CEFRJ_1_5
EN-A1-00804,A1,41,reader,noun,독자; 읽는 사람,CEFRJ_1_5
EN-A1-00805,A1,41,reading,noun,독서; 읽기,CEFRJ_1_5
EN-A1-00806,A1,41,ready,adjective,준비가 된,CEFRJ_1_5
EN-A1-00807,A1,41,real,adjective,진짜의; 실제의,CEFRJ_1_5
EN-A1-00808,A1,41,real,adverb,정말로; 아주,CEFRJ_1_5
EN-A1-00809,A1,41,really,adverb,정말로; 진짜로,CEFRJ_1_5
EN-A1-00810,A1,41,reason,noun,이유; 까닭,CEFRJ_1_5
EN-A1-00811,A1,41,red,adjective,빨간; 빨간색의,CEFRJ_1_5
EN-A1-00812,A1,41,remember,verb,기억하다; 기억나다,CEFRJ_1_5
EN-A1-00813,A1,41,repeat,verb,반복하다; 따라 말하다,CEFRJ_1_5
EN-A1-00814,A1,41,reporter,noun,기자; 리포터,CEFRJ_1_5
EN-A1-00815,A1,41,restaurant,noun,식당; 레스토랑,CEFRJ_1_5
EN-A1-00816,A1,41,result,noun,결과,CEFRJ_1_5
EN-A1-00817,A1,41,review,noun,검토; 평가; 복습,CEFRJ_1_5
EN-A1-00818,A1,41,ribbon,noun,리본,CEFRJ_1_5
EN-A1-00819,A1,41,rice,noun,쌀; 밥,CEFRJ_1_5
EN-A1-00820,A1,41,rich,adjective,부유한; 부자의,CEFRJ_1_5
EN-A1-00821,A1,42,ride,noun,타기; 승차,CEFRJ_1_5
EN-A1-00822,A1,42,ride,verb,타다,CEFRJ_1_5
EN-A1-00823,A1,42,right,adjective,옳은; 오른쪽의,CEFRJ_1_5
EN-A1-00824,A1,42,right,adverb,바로; 정확히; 오른쪽에,CEFRJ_1_5
EN-A1-00825,A1,42,ring,verb,울리다; 전화를 걸다,CEFRJ_1_5
EN-A1-00826,A1,42,river,noun,강,CEFRJ_1_5
EN-A1-00827,A1,42,role,noun,역할; 배역,CEFRJ_1_5
EN-A1-00828,A1,42,room,noun,방; 공간,CEFRJ_1_5
EN-A1-00829,A1,42,rose,noun,장미,CEFRJ_1_5
EN-A1-00830,A1,42,row,noun,열; 줄,CEFRJ_1_5
EN-A1-00831,A1,42,rude,adjective,무례한; 버릇없는,CEFRJ_1_5
EN-A1-00832,A1,42,rule,noun,규칙; 규칙을 적용하다,CEFRJ_1_5
EN-A1-00833,A1,42,ruler,noun,자; 지배자,CEFRJ_1_5
EN-A1-00834,A1,42,run,noun,달리기; 달린 거리,CEFRJ_1_5
EN-A1-00835,A1,42,run,verb,달리다; 운영하다,CEFRJ_1_5
EN-A1-00836,A1,42,'s,be-verb,is 또는 has의 축약형,CEFRJ_1_5
EN-A1-00837,A1,42,sad,adjective,슬픈,CEFRJ_1_5
EN-A1-00838,A1,42,sailor,noun,선원; 선원,CEFRJ_1_5
EN-A1-00839,A1,42,salad,noun,샐러드,CEFRJ_1_5
EN-A1-00840,A1,42,sale,noun,판매; 세일,CEFRJ_1_5
EN-A1-00841,A1,43,same,adjective,같은; 동일한,CEFRJ_1_5
EN-A1-00842,A1,43,same,adverb,똑같이; 마찬가지로,CEFRJ_1_5
EN-A1-00843,A1,43,same,pronoun,같은 것; 동일한 것,CEFRJ_1_5
EN-A1-00844,A1,43,sandwich,noun,샌드위치,CEFRJ_1_5
EN-A1-00845,A1,43,Saturday,noun,토요일,CEFRJ_1_5
EN-A1-00846,A1,43,save,verb,구하다; 저축하다; 저장하다,CEFRJ_1_5
EN-A1-00847,A1,43,saw,noun,톱,CEFRJ_1_5
EN-A1-00848,A1,43,say,verb,말하다,CEFRJ_1_5
EN-A1-00849,A1,43,school,noun,학교,CEFRJ_1_5
EN-A1-00850,A1,43,science,noun,과학,CEFRJ_1_5
EN-A1-00851,A1,43,scientist,noun,과학자,CEFRJ_1_5
EN-A1-00852,A1,43,sea,noun,바다,CEFRJ_1_5
EN-A1-00853,A1,43,seat,noun,좌석; 자리,CEFRJ_1_5
EN-A1-00854,A1,43,second,adjective,두 번째의; 제2의,CEFRJ_1_5
EN-A1-00855,A1,43,section,noun,부분; 구역,CEFRJ_1_5
EN-A1-00856,A1,43,see,verb,보다; 만나다; 알다,CEFRJ_1_5
EN-A1-00857,A1,43,self,noun,자신; 자아,CEFRJ_1_5
EN-A1-00858,A1,43,sell,verb,팔다,CEFRJ_1_5
EN-A1-00859,A1,43,sentence,noun,문장,CEFRJ_1_5
EN-A1-00860,A1,43,September,noun,9월,CEFRJ_1_5
EN-A1-00861,A1,44,set,verb,놓다; 설정하다,CEFRJ_1_5
EN-A1-00862,A1,44,seven,number,일곱; 7,CEFRJ_1_5
EN-A1-00863,A1,44,seventeen,number,열일곱; 17,CEFRJ_1_5
EN-A1-00864,A1,44,seventy,number,일흔; 70,CEFRJ_1_5
EN-A1-00865,A1,44,shake,noun,흔들기; 밀크셰이크,CEFRJ_1_5
EN-A1-00866,A1,44,share,verb,공유하다; 나누다,CEFRJ_1_5
EN-A1-00867,A1,44,she,pronoun,그녀는; 그녀가,CEFRJ_1_5
EN-A1-00868,A1,44,sheep,noun,양,CEFRJ_1_5
EN-A1-00869,A1,44,shelf,noun,선반,CEFRJ_1_5
EN-A1-00870,A1,44,ship,noun,배; 선박,CEFRJ_1_5
EN-A1-00871,A1,44,shirt,noun,셔츠; 와이셔츠,CEFRJ_1_5
EN-A1-00872,A1,44,shoe,noun,신발; 구두,CEFRJ_1_5
EN-A1-00873,A1,44,shop,noun,가게; 상점,CEFRJ_1_5
EN-A1-00874,A1,44,shopping,noun,쇼핑,CEFRJ_1_5
EN-A1-00875,A1,44,short,adjective,짧은; 키가 작은,CEFRJ_1_5
EN-A1-00876,A1,44,short,adverb,갑자기; 짧게,CEFRJ_1_5
EN-A1-00877,A1,44,should,modal auxiliary,~해야 한다,CEFRJ_1_5
EN-A1-00878,A1,44,shoulder,noun,어깨,CEFRJ_1_5
EN-A1-00879,A1,44,show,verb,보여주다; 나타내다,CEFRJ_1_5
EN-A1-00880,A1,44,shower,noun,샤워; 소나기,CEFRJ_1_5
EN-A1-00881,A1,45,shy,adjective,수줍어하는; 부끄러워하는,CEFRJ_1_5
EN-A1-00882,A1,45,sick,adjective,아픈; 병든,CEFRJ_1_5
EN-A1-00883,A1,45,side,noun,쪽; 측면; 옆구리,CEFRJ_1_5
EN-A1-00884,A1,45,sight,noun,시력; 광경; 시야,CEFRJ_1_5
EN-A1-00885,A1,45,sign,noun,표지판; 신호; 흔적,CEFRJ_1_5
EN-A1-00886,A1,45,sing,verb,노래하다,CEFRJ_1_5
EN-A1-00887,A1,45,singer,noun,가수,CEFRJ_1_5
EN-A1-00888,A1,45,sir,noun,님; 손님,CEFRJ_1_5
EN-A1-00889,A1,45,sister,noun,여동생; 누나; 언니,CEFRJ_1_5
EN-A1-00890,A1,45,sit,verb,앉다,CEFRJ_1_5
EN-A1-00891,A1,45,site,noun,현장; 장소; 사이트,CEFRJ_1_5
EN-A1-00892,A1,45,six,number,여섯; 6,CEFRJ_1_5
EN-A1-00893,A1,45,sixteen,number,열여섯; 16,CEFRJ_1_5
EN-A1-00894,A1,45,sixty,number,예순; 60,CEFRJ_1_5
EN-A1-00895,A1,45,size,noun,크기; 사이즈,CEFRJ_1_5
EN-A1-00896,A1,45,skill,noun,기술; 솜씨,CEFRJ_1_5
EN-A1-00897,A1,45,skirt,noun,스커트; 치마,CEFRJ_1_5
EN-A1-00898,A1,45,sky,noun,하늘,CEFRJ_1_5
EN-A1-00899,A1,45,sleep,verb,자다,CEFRJ_1_5
EN-A1-00900,A1,45,slow,adjective,느린,CEFRJ_1_5
EN-A1-00901,A1,46,small,adjective,작은; 적은,CEFRJ_1_5
EN-A1-00902,A1,46,smart,adjective,똑똑한; 영리한,CEFRJ_1_5
EN-A1-00903,A1,46,smell,noun,냄새; 향기,CEFRJ_1_5
EN-A1-00904,A1,46,smile,noun,미소; 웃음,CEFRJ_1_5
EN-A1-00905,A1,46,smith,noun,대장장이,CEFRJ_1_5
EN-A1-00906,A1,46,smoke,noun,연기,CEFRJ_1_5
EN-A1-00907,A1,46,smoking,noun,흡연,CEFRJ_1_5
EN-A1-00908,A1,46,snake,noun,뱀,CEFRJ_1_5
EN-A1-00909,A1,46,snow,noun,눈,CEFRJ_1_5
EN-A1-00910,A1,46,snowy,adjective,눈이 내리는; 눈이 많이 쌓인,CEFRJ_1_5
EN-A1-00911,A1,46,so,conjunction,그래서; 그러므로,CEFRJ_1_5
EN-A1-00912,A1,46,soccer,noun,축구,CEFRJ_1_5
EN-A1-00913,A1,46,social,adjective,사회적인; 사교적인,CEFRJ_1_5
EN-A1-00914,A1,46,sofa,noun,소파,CEFRJ_1_5
EN-A1-00915,A1,46,solve,verb,해결하다; 풀다,CEFRJ_1_5
EN-A1-00916,A1,46,some,determiner,몇몇의; 약간의,CEFRJ_1_5
EN-A1-00917,A1,46,some,pronoun,몇몇; 약간,CEFRJ_1_5
EN-A1-00918,A1,46,someone,pronoun,누군가; 어떤 사람,CEFRJ_1_5
EN-A1-00919,A1,46,something,pronoun,무언가; 어떤 것,CEFRJ_1_5
EN-A1-00920,A1,46,son,noun,아들,CEFRJ_1_5
EN-A1-00921,A1,47,song,noun,노래,CEFRJ_1_5
EN-A1-00922,A1,47,soon,adverb,곧; 머지않아,CEFRJ_1_5
EN-A1-00923,A1,47,sorry,adjective,미안한; 유감스러운,CEFRJ_1_5
EN-A1-00924,A1,47,soup,noun,수프,CEFRJ_1_5
EN-A1-00925,A1,47,speak,verb,말하다; 이야기하다,CEFRJ_1_5
EN-A1-00926,A1,47,special,adjective,특별한,CEFRJ_1_5
EN-A1-00927,A1,47,speech,noun,연설; 말씨,CEFRJ_1_5
EN-A1-00928,A1,47,spell,noun,한동안의 기간; 주문,CEFRJ_1_5
EN-A1-00929,A1,47,spend,verb,보내다; 쓰다,CEFRJ_1_5
EN-A1-00930,A1,47,sport,noun,스포츠; 운동,CEFRJ_1_5
EN-A1-00931,A1,47,spot,noun,점; 장소,CEFRJ_1_5
EN-A1-00932,A1,47,spring,noun,봄; 용수철,CEFRJ_1_5
EN-A1-00933,A1,47,spy,noun,스파이; 간첩,CEFRJ_1_5
EN-A1-00934,A1,47,stage,noun,무대; 단계,CEFRJ_1_5
EN-A1-00935,A1,47,stand,noun,가판대; 관람석,CEFRJ_1_5
EN-A1-00936,A1,47,star,noun,별; 스타,CEFRJ_1_5
EN-A1-00937,A1,47,start,noun,출발; 시작,CEFRJ_1_5
EN-A1-00938,A1,47,start,verb,시작하다; 출발하다,CEFRJ_1_5
EN-A1-00939,A1,47,station,noun,역; 정류장,CEFRJ_1_5
EN-A1-00940,A1,47,stay,verb,머무르다; 남다,CEFRJ_1_5
EN-A1-00941,A1,48,step,verb,발을 내딛다; 걸어가다,CEFRJ_1_5
EN-A1-00942,A1,48,still,adjective,가만히 있는; 정지한,CEFRJ_1_5
EN-A1-00943,A1,48,stone,noun,돌; 돌멩이,CEFRJ_1_5
EN-A1-00944,A1,48,stop,noun,정지; 정류소,CEFRJ_1_5
EN-A1-00945,A1,48,stop,verb,멈추다; 중단하다,CEFRJ_1_5
EN-A1-00946,A1,48,store,noun,가게; 상점,CEFRJ_1_5
EN-A1-00947,A1,48,story,noun,이야기,CEFRJ_1_5
EN-A1-00948,A1,48,straight,adverb,똑바로; 곧장,CEFRJ_1_5
EN-A1-00949,A1,48,strange,adjective,이상한; 낯선,CEFRJ_1_5
EN-A1-00950,A1,48,street,noun,거리; 도로,CEFRJ_1_5
EN-A1-00951,A1,48,strict,adjective,엄격한; 엄한,CEFRJ_1_5
EN-A1-00952,A1,48,strong,adjective,강한; 튼튼한,CEFRJ_1_5
EN-A1-00953,A1,48,student,noun,학생,CEFRJ_1_5
EN-A1-00954,A1,48,study,verb,공부하다; 연구하다,CEFRJ_1_5
EN-A1-00955,A1,48,subject,noun,과목; 주제,CEFRJ_1_5
EN-A1-00956,A1,48,subway,noun,지하철,CEFRJ_1_5
EN-A1-00957,A1,48,successful,adjective,성공적인; 출세한,CEFRJ_1_5
EN-A1-00958,A1,48,sugar,noun,설탕,CEFRJ_1_5
EN-A1-00959,A1,48,suggestion,noun,제안; 제의,CEFRJ_1_5
EN-A1-00960,A1,48,sum,noun,합계; 액수,CEFRJ_1_5
EN-A1-00961,A1,49,summer,noun,여름,CEFRJ_1_5
EN-A1-00962,A1,49,sun,noun,태양; 해,CEFRJ_1_5
EN-A1-00963,A1,49,Sunday,noun,일요일,CEFRJ_1_5
EN-A1-00964,A1,49,sunny,adjective,화창한; 햇볕이 잘 드는,CEFRJ_1_5
EN-A1-00965,A1,49,sunshine,noun,햇빛; 햇살,CEFRJ_1_5
EN-A1-00966,A1,49,super,adjective,대단한; 최고의,CEFRJ_1_5
EN-A1-00967,A1,49,supermarket,noun,슈퍼마켓,CEFRJ_1_5
EN-A1-00968,A1,49,sure,adjective,확신하는; 확실한,CEFRJ_1_5
EN-A1-00969,A1,49,surf,noun,파도; 밀려드는 파도,CEFRJ_1_5
EN-A1-00970,A1,49,surprise,noun,놀라움; 뜻밖의 일,CEFRJ_1_5
EN-A1-00971,A1,49,survey,noun,설문 조사; 조사,CEFRJ_1_5
EN-A1-00972,A1,49,sweet,adjective,달콤한; 단,CEFRJ_1_5
EN-A1-00973,A1,49,swim,noun,수영,CEFRJ_1_5
EN-A1-00974,A1,49,swim,verb,수영하다,CEFRJ_1_5
EN-A1-00975,A1,49,swimming,noun,수영,CEFRJ_1_5
EN-A1-00976,A1,49,swimming pool,noun,수영장,CEFRJ_1_5
EN-A1-00977,A1,49,table,noun,탁자; 테이블,CEFRJ_1_5
EN-A1-00978,A1,49,take,verb,데려가다; 가져가다; 받다,CEFRJ_1_5
EN-A1-00979,A1,49,talk,verb,말하다; 이야기하다,CEFRJ_1_5
EN-A1-00980,A1,49,tall,adjective,키가 큰; 높은,CEFRJ_1_5
EN-A1-00981,A1,50,taxi,noun,택시,CEFRJ_1_5
EN-A1-00982,A1,50,tea,noun,차; 홍차,CEFRJ_1_5
EN-A1-00983,A1,50,teach,verb,가르치다,CEFRJ_1_5
EN-A1-00984,A1,50,teacher,noun,교사; 선생님,CEFRJ_1_5
EN-A1-00985,A1,50,team,noun,팀; 단체,CEFRJ_1_5
EN-A1-00986,A1,50,technology,noun,기술; 과학 기술,CEFRJ_1_5
EN-A1-00987,A1,50,telephone,noun,전화기; 전화,CEFRJ_1_5
EN-A1-00988,A1,50,television,noun,텔레비전,CEFRJ_1_5
EN-A1-00989,A1,50,tell,verb,말하다; 알려주다,CEFRJ_1_5
EN-A1-00990,A1,50,temple,noun,사원; 신전,CEFRJ_1_5
EN-A1-00991,A1,50,ten,number,열; 10,CEFRJ_1_5
EN-A1-00992,A1,50,tennis,noun,테니스,CEFRJ_1_5
EN-A1-00993,A1,50,terrible,adjective,끔찍한; 지독한,CEFRJ_1_5
EN-A1-00994,A1,50,test,noun,시험; 검사,CEFRJ_1_5
EN-A1-00995,A1,50,than,conjunction,비교 대상 앞에 쓰여 ~보다,CEFRJ_1_5
EN-A1-00996,A1,50,than,preposition,~보다,CEFRJ_1_5
EN-A1-00997,A1,50,thank,verb,감사하다; 고마워하다,CEFRJ_1_5
EN-A1-00998,A1,50,thanks,noun,감사; 고마움,CEFRJ_1_5
EN-A1-00999,A1,50,that,conjunction,종속절을 이끌어 ~라는 것; ~라고,CEFRJ_1_5
EN-A1-01000,A1,50,that,determiner,저; 그,CEFRJ_1_5
EN-A1-01001,A1,51,that,pronoun,저것; 그것,CEFRJ_1_5
EN-A1-01002,A1,51,the,determiner,그 (앞서 언급되었거나 이미 알고 있는 대상을 가리킴),CEFRJ_1_5
EN-A1-01003,A1,51,theater/theatre,noun,극장; 극단,CEFRJ_1_5
EN-A1-01004,A1,51,their,determiner,그들의; 그것들의,CEFRJ_1_5
EN-A1-01005,A1,51,them,pronoun,그들을; 그것들을,CEFRJ_1_5
EN-A1-01006,A1,51,then,adverb,그때; 그러고 나서; 그러면,CEFRJ_1_5
EN-A1-01007,A1,51,there,adverb,거기에; 그곳에서,CEFRJ_1_5
EN-A1-01008,A1,51,these,determiner,이; 이들의,CEFRJ_1_5
EN-A1-01009,A1,51,these,pronoun,이것들; 이 사람들,CEFRJ_1_5
EN-A1-01010,A1,51,they,pronoun,그들은; 그것들은,CEFRJ_1_5
EN-A1-01011,A1,51,thick,adjective,두꺼운; 굵은; 걸쭉한,CEFRJ_1_5
EN-A1-01012,A1,51,thin,adjective,얇은; 가는; 마른,CEFRJ_1_5
EN-A1-01013,A1,51,thing,noun,물건; 것; 일,CEFRJ_1_5
EN-A1-01014,A1,51,think,verb,생각하다; ~라고 여기다,CEFRJ_1_5
EN-A1-01015,A1,51,thirteen,number,13; 열셋,CEFRJ_1_5
EN-A1-01016,A1,51,thirty,number,30; 서른,CEFRJ_1_5
EN-A1-01017,A1,51,this,determiner,이; 이 사람의,CEFRJ_1_5
EN-A1-01018,A1,51,this,pronoun,이것; 이 사람,CEFRJ_1_5
EN-A1-01019,A1,51,those,determiner,저; 저들의,CEFRJ_1_5
EN-A1-01020,A1,51,those,pronoun,저것들; 저 사람들,CEFRJ_1_5
EN-A1-01021,A1,52,three,number,3; 셋,CEFRJ_1_5
EN-A1-01022,A1,52,through,preposition,~을 통과하여; ~을 통해,CEFRJ_1_5
EN-A1-01023,A1,52,throw,noun,던지기; 투구,CEFRJ_1_5
EN-A1-01024,A1,52,Thursday,noun,목요일,CEFRJ_1_5
EN-A1-01025,A1,52,ticket,noun,표; 티켓; 승차권,CEFRJ_1_5
EN-A1-01026,A1,52,tiger,noun,호랑이,CEFRJ_1_5
EN-A1-01027,A1,52,tight,adjective,꽉 끼는; 단단한; 팽팽한,CEFRJ_1_5
EN-A1-01028,A1,52,time,noun,시간; 때; 번,CEFRJ_1_5
EN-A1-01029,A1,52,tired,adjective,피곤한; 지친,CEFRJ_1_5
EN-A1-01030,A1,52,to,infinitive-to,~하기; ~할 (동사원형 앞에서 부정사를 만드는 말),CEFRJ_1_5
EN-A1-01031,A1,52,to,preposition,~로; ~에게,CEFRJ_1_5
EN-A1-01032,A1,52,today,adverb,오늘; 오늘날에는,CEFRJ_1_5
EN-A1-01033,A1,52,today,noun,오늘; 오늘날,CEFRJ_1_5
EN-A1-01034,A1,52,together,adverb,함께; 같이,CEFRJ_1_5
EN-A1-01035,A1,52,toilet,noun,화장실; 변기,CEFRJ_1_5
EN-A1-01036,A1,52,tomato,noun,토마토,CEFRJ_1_5
EN-A1-01037,A1,52,tomorrow,adverb,내일,CEFRJ_1_5
EN-A1-01038,A1,52,tomorrow,noun,내일,CEFRJ_1_5
EN-A1-01039,A1,52,tonight,adverb,오늘 밤에,CEFRJ_1_5
EN-A1-01040,A1,52,too,adverb,너무; 또한; 역시,CEFRJ_1_5
EN-A1-01041,A1,53,tool,noun,도구; 연장,CEFRJ_1_5
EN-A1-01042,A1,53,tooth,noun,이; 치아,CEFRJ_1_5
EN-A1-01043,A1,53,top,noun,맨 위; 정상; 윗면,CEFRJ_1_5
EN-A1-01044,A1,53,topic,noun,주제; 화제,CEFRJ_1_5
EN-A1-01045,A1,53,touch,noun,만지기; 접촉; 감촉,CEFRJ_1_5
EN-A1-01046,A1,53,towel,noun,수건; 타월,CEFRJ_1_5
EN-A1-01047,A1,53,tower,noun,탑; 타워,CEFRJ_1_5
EN-A1-01048,A1,53,town,noun,읍; 도시; 시내,CEFRJ_1_5
EN-A1-01049,A1,53,toy,noun,장난감,CEFRJ_1_5
EN-A1-01050,A1,53,train,noun,기차; 열차,CEFRJ_1_5
EN-A1-01051,A1,53,travel,verb,여행하다; 이동하다,CEFRJ_1_5
EN-A1-01052,A1,53,tree,noun,나무,CEFRJ_1_5
EN-A1-01053,A1,53,trip,noun,여행; 이동,CEFRJ_1_5
EN-A1-01054,A1,53,trousers,noun,바지,CEFRJ_1_5
EN-A1-01055,A1,53,truck,noun,트럭; 화물차,CEFRJ_1_5
EN-A1-01056,A1,53,true,adjective,사실인; 진짜의; 참된,CEFRJ_1_5
EN-A1-01057,A1,53,try,noun,시도; 노력,CEFRJ_1_5
EN-A1-01058,A1,53,T-shirt/tee-shirt,noun,티셔츠,CEFRJ_1_5
EN-A1-01059,A1,53,tube,noun,관; 튜브; 지하철,CEFRJ_1_5
EN-A1-01060,A1,53,Tuesday,noun,화요일,CEFRJ_1_5
EN-A1-01061,A1,54,turkey,noun,칠면조; 칠면조 고기,CEFRJ_1_5
EN-A1-01062,A1,54,turn,noun,차례; 돌기; 회전,CEFRJ_1_5
EN-A1-01063,A1,54,turn,verb,돌다; 돌리다; 방향을 바꾸다,CEFRJ_1_5
EN-A1-01064,A1,54,TV,noun,텔레비전,CEFRJ_1_5
EN-A1-01065,A1,54,twelve,number,12; 열둘,CEFRJ_1_5
EN-A1-01066,A1,54,twenty,number,20; 스물,CEFRJ_1_5
EN-A1-01067,A1,54,two,number,2; 둘,CEFRJ_1_5
EN-A1-01068,A1,54,type,noun,유형; 종류,CEFRJ_1_5
EN-A1-01069,A1,54,ugly,adjective,못생긴; 추한,CEFRJ_1_5
EN-A1-01070,A1,54,umbrella,noun,우산,CEFRJ_1_5
EN-A1-01071,A1,54,uncle,noun,삼촌; 이모부; 고모부,CEFRJ_1_5
EN-A1-01072,A1,54,under,preposition,~ 아래에; ~ 밑에,CEFRJ_1_5
EN-A1-01073,A1,54,underline,noun,밑줄,CEFRJ_1_5
EN-A1-01074,A1,54,until,preposition,~까지,CEFRJ_1_5
EN-A1-01075,A1,54,up,preposition,~ 위로; ~을 따라서,CEFRJ_1_5
EN-A1-01076,A1,54,us,pronoun,우리들을; 우리에게,CEFRJ_1_5
EN-A1-01077,A1,54,use,verb,사용하다; 쓰다,CEFRJ_1_5
EN-A1-01078,A1,54,usually,adverb,보통; 대개,CEFRJ_1_5
EN-A1-01079,A1,54,vacation,noun,휴가; 방학,CEFRJ_1_5
EN-A1-01080,A1,54,vase,noun,꽃병; 화병,CEFRJ_1_5
EN-A1-01081,A1,55,vegetable,noun,채소; 야채,CEFRJ_1_5
EN-A1-01082,A1,55,very,adverb,매우; 아주,CEFRJ_1_5
EN-A1-01083,A1,55,video,noun,비디오; 영상,CEFRJ_1_5
EN-A1-01084,A1,55,visit,noun,방문; 찾아감,CEFRJ_1_5
EN-A1-01085,A1,55,visit,verb,방문하다; 찾아가다,CEFRJ_1_5
EN-A1-01086,A1,55,volleyball,noun,배구,CEFRJ_1_5
EN-A1-01087,A1,55,vote,noun,투표; 표,CEFRJ_1_5
EN-A1-01088,A1,55,wait,verb,기다리다,CEFRJ_1_5
EN-A1-01089,A1,55,waiter,noun,웨이터; 남자 종업원,CEFRJ_1_5
EN-A1-01090,A1,55,waitress,noun,웨이트리스; 여자 종업원,CEFRJ_1_5
EN-A1-01091,A1,55,wake,noun,항적; 배가 지나간 흔적,CEFRJ_1_5
EN-A1-01092,A1,55,walk,noun,산책; 걷기,CEFRJ_1_5
EN-A1-01093,A1,55,walk,verb,걷다; 걸어가다,CEFRJ_1_5
EN-A1-01094,A1,55,wall,noun,벽; 담,CEFRJ_1_5
EN-A1-01095,A1,55,want,verb,원하다; 바라다,CEFRJ_1_5
EN-A1-01096,A1,55,war,noun,전쟁; 전투,CEFRJ_1_5
EN-A1-01097,A1,55,warm,adjective,따뜻한; 따스한,CEFRJ_1_5
EN-A1-01098,A1,55,was,be-verb,be동사의 1인칭 및 3인칭 단수 과거형,CEFRJ_1_5
EN-A1-01099,A1,55,wash,noun,씻기; 세탁,CEFRJ_1_5
EN-A1-01100,A1,55,wash,verb,씻다; 세수하다; 세탁하다,CEFRJ_1_5
EN-A1-01101,A1,56,watch,noun,손목시계,CEFRJ_1_5
EN-A1-01102,A1,56,watch,verb,보다; 지켜보다,CEFRJ_1_5
EN-A1-01103,A1,56,water,noun,물,CEFRJ_1_5
EN-A1-01104,A1,56,way,noun,길; 방법; 방향,CEFRJ_1_5
EN-A1-01105,A1,56,we,pronoun,우리,CEFRJ_1_5
EN-A1-01106,A1,56,wear,verb,입고 있다; 쓰다; 신다,CEFRJ_1_5
EN-A1-01107,A1,56,weather,noun,날씨,CEFRJ_1_5
EN-A1-01108,A1,56,Wednesday,noun,수요일,CEFRJ_1_5
EN-A1-01109,A1,56,week,noun,주; 일주일,CEFRJ_1_5
EN-A1-01110,A1,56,weekend,noun,주말,CEFRJ_1_5
EN-A1-01111,A1,56,welcome,interjection,환영합니다,CEFRJ_1_5
EN-A1-01112,A1,56,welcome,verb,환영하다; 맞이하다,CEFRJ_1_5
EN-A1-01113,A1,56,well,adjective,건강한; 상태가 좋은,CEFRJ_1_5
EN-A1-01114,A1,56,well,adverb,잘; 좋게,CEFRJ_1_5
EN-A1-01115,A1,56,were,be-verb,이었다; 있었다 (be동사의 복수 과거형),CEFRJ_1_5
EN-A1-01116,A1,56,what,determiner,무슨; 어떤,CEFRJ_1_5
EN-A1-01117,A1,56,what,pronoun,무엇,CEFRJ_1_5
EN-A1-01118,A1,56,wheel,noun,바퀴,CEFRJ_1_5
EN-A1-01119,A1,56,when,adverb,언제,CEFRJ_1_5
EN-A1-01120,A1,56,when,conjunction,~할 때,CEFRJ_1_5
EN-A1-01121,A1,57,where,adverb,어디에; 어디로,CEFRJ_1_5
EN-A1-01122,A1,57,where,conjunction,~한 곳에,CEFRJ_1_5
EN-A1-01123,A1,57,which,determiner,어느; 어떤,CEFRJ_1_5
EN-A1-01124,A1,57,which,pronoun,어느 것; 어느 쪽,CEFRJ_1_5
EN-A1-01125,A1,57,white,adjective,하얀; 흰색의,CEFRJ_1_5
EN-A1-01126,A1,57,white,noun,흰색; 하얀색,CEFRJ_1_5
EN-A1-01127,A1,57,who,pronoun,누구,CEFRJ_1_5
EN-A1-01128,A1,57,whose,determiner,누구의,CEFRJ_1_5
EN-A1-01129,A1,57,whose,pronoun,누구의 것,CEFRJ_1_5
EN-A1-01130,A1,57,why,adverb,왜; 어째서,CEFRJ_1_5
EN-A1-01131,A1,57,wife,noun,아내; 부인,CEFRJ_1_5
EN-A1-01132,A1,57,will,modal auxiliary,~할 것이다; ~일 것이다,CEFRJ_1_5
EN-A1-01133,A1,57,win,verb,이기다; 얻다,CEFRJ_1_5
EN-A1-01134,A1,57,wind,noun,바람,CEFRJ_1_5
EN-A1-01135,A1,57,window,noun,창문,CEFRJ_1_5
EN-A1-01136,A1,57,winter,noun,겨울,CEFRJ_1_5
EN-A1-01137,A1,57,wish,noun,소원; 바람,CEFRJ_1_5
EN-A1-01138,A1,57,with,preposition,~와 함께; ~을 가지고,CEFRJ_1_5
EN-A1-01139,A1,57,woman,noun,여자; 여성,CEFRJ_1_5
EN-A1-01140,A1,57,wonderful,adjective,멋진; 훌륭한,CEFRJ_1_5
EN-A1-01141,A1,58,word,noun,단어; 말,CEFRJ_1_5
EN-A1-01142,A1,58,work,noun,일; 직장; 업무,CEFRJ_1_5
EN-A1-01143,A1,58,work,verb,일하다; 작동하다,CEFRJ_1_5
EN-A1-01144,A1,58,worker,noun,근로자; 노동자,CEFRJ_1_5
EN-A1-01145,A1,58,world,noun,세계; 세상,CEFRJ_1_5
EN-A1-01146,A1,58,worry,noun,걱정; 근심,CEFRJ_1_5
EN-A1-01147,A1,58,would,modal auxiliary,~했을 것이다; ~하고 싶다 (will의 과거형),CEFRJ_1_5
EN-A1-01148,A1,58,write,verb,쓰다; 적다,CEFRJ_1_5
EN-A1-01149,A1,58,writer,noun,작가; 글쓴이,CEFRJ_1_5
EN-A1-01150,A1,58,wrong,adjective,틀린; 잘못된,CEFRJ_1_5
EN-A1-01151,A1,58,yard,noun,마당; 뜰,CEFRJ_1_5
EN-A1-01152,A1,58,year,noun,해; 년; 나이,CEFRJ_1_5
EN-A1-01153,A1,58,yellow,adjective,노란; 노란색의,CEFRJ_1_5
EN-A1-01154,A1,58,yellow,noun,노란색,CEFRJ_1_5
EN-A1-01155,A1,58,yes,adverb,예; 네,CEFRJ_1_5
EN-A1-01156,A1,58,yesterday,adverb,어제,CEFRJ_1_5
EN-A1-01157,A1,58,yet,adverb,아직; 벌써,CEFRJ_1_5
EN-A1-01158,A1,58,yogurt/yoghurt,noun,요구르트; 요거트,CEFRJ_1_5
EN-A1-01159,A1,58,you,pronoun,너; 당신; 너희들,CEFRJ_1_5
EN-A1-01160,A1,58,young,adjective,젊은; 어린,CEFRJ_1_5
EN-A1-01161,A1,59,your,determiner,너의; 당신의,CEFRJ_1_5
EN-A1-01162,A1,59,yours,pronoun,너의 것; 당신들의 것,CEFRJ_1_5
EN-A1-01163,A1,59,yourself,pronoun,너 자신; 당신 자신,CEFRJ_1_5
EN-A1-01164,A1,59,zoo,noun,동물원,CEFRJ_1_5
EN-A2-00001,A2,1,ability,noun,능력; 재능,CEFRJ_1_5
EN-A2-00002,A2,1,abroad,adverb,해외로; 외국에,CEFRJ_1_5
EN-A2-00003,A2,1,accept,verb,받아들이다; 수락하다,CEFRJ_1_5
EN-A2-00004,A2,1,acceptable,adjective,용인되는; 허용할 수 있는,CEFRJ_1_5
EN-A2-00005,A2,1,accident,noun,사고; 재해,CEFRJ_1_5
EN-A2-00006,A2,1,account,noun,계좌; 설명; 계정,CEFRJ_1_5
EN-A2-00007,A2,1,achieve,verb,성취하다; 이루다,CEFRJ_1_5
EN-A2-00008,A2,1,across,adverb,가로질러; 건너편에,CEFRJ_1_5
EN-A2-00009,A2,1,across,preposition,~을 가로질러; ~의 건너편에,CEFRJ_1_5
EN-A2-00010,A2,1,act,noun,행동; 법률; 연극의 막,CEFRJ_1_5
EN-A2-00011,A2,1,actually,adverb,실제로; 사실은,CEFRJ_1_5
EN-A2-00012,A2,1,addition,noun,추가; 덧셈,CEFRJ_1_5
EN-A2-00013,A2,1,additional,adjective,추가의; 추가적인,CEFRJ_1_5
EN-A2-00014,A2,1,adjective,noun,형용사,CEFRJ_1_5
EN-A2-00015,A2,1,adjust,verb,조정하다; 적응하다,CEFRJ_1_5
EN-A2-00016,A2,1,admire,verb,감탄하다; 존경하다,CEFRJ_1_5
EN-A2-00017,A2,1,admit,verb,인정하다; 입장을 허락하다,CEFRJ_1_5
EN-A2-00018,A2,1,adult,adjective,성인의; 다 자란,CEFRJ_1_5
EN-A2-00019,A2,1,adult,noun,성인; 어른,CEFRJ_1_5
EN-A2-00020,A2,1,advanced,adjective,선진의; 상급의; 발전한,CEFRJ_1_5
EN-A2-00021,A2,2,advantage,noun,유리한 점; 이점; 장점,CEFRJ_1_5
EN-A2-00022,A2,2,adventure,noun,모험,CEFRJ_1_5
EN-A2-00023,A2,2,advertisement,noun,광고,CEFRJ_1_5
EN-A2-00024,A2,2,advertising,noun,광고업; 광고,CEFRJ_1_5
EN-A2-00025,A2,2,advice,noun,조언; 충고,CEFRJ_1_5
EN-A2-00026,A2,2,advise,verb,조언하다; 충고하다,CEFRJ_1_5
EN-A2-00027,A2,2,affair,noun,일; 사건; 업무,CEFRJ_1_5
EN-A2-00028,A2,2,after,adverb,뒤에; 나중에,CEFRJ_1_5
EN-A2-00029,A2,2,against,preposition,~에 반대하여; ~에 맞서,CEFRJ_1_5
EN-A2-00030,A2,2,aged,adjective,나이가 ~세인; 노년의,CEFRJ_1_5
EN-A2-00031,A2,2,agency,noun,대리점; 대행사; 기관,CEFRJ_1_5
EN-A2-00032,A2,2,agent,noun,대리인; 중개인,CEFRJ_1_5
EN-A2-00033,A2,2,ahead,adverb,앞서; 앞에,CEFRJ_1_5
EN-A2-00034,A2,2,air,noun,공기; 대기,CEFRJ_1_5
EN-A2-00035,A2,2,aisle,noun,통로; 복도,CEFRJ_1_5
EN-A2-00036,A2,2,alarm,noun,경보; 자명종,CEFRJ_1_5
EN-A2-00037,A2,2,alarm clock,noun,알람 시계; 자명종,CEFRJ_1_5
EN-A2-00038,A2,2,alive,adjective,살아 있는,CEFRJ_1_5
EN-A2-00039,A2,2,all,adverb,완전히; 온통,CEFRJ_1_5
EN-A2-00040,A2,2,allow,verb,허락하다; 허용하다,CEFRJ_1_5
EN-A2-00041,A2,3,alone,adjective,혼자; 외로운,CEFRJ_1_5
EN-A2-00042,A2,3,along,preposition,~을 따라서,CEFRJ_1_5
EN-A2-00043,A2,3,alright,adjective,괜찮은; 무사한,CEFRJ_1_5
EN-A2-00044,A2,3,alright,adverb,잘; 괜찮게,CEFRJ_1_5
EN-A2-00045,A2,3,although,conjunction,비록 ~일지라도; ~이지만,CEFRJ_1_5
EN-A2-00046,A2,3,ambition,noun,야망; 포부,CEFRJ_1_5
EN-A2-00047,A2,3,among,preposition,~ 사이에; ~ 중에서,CEFRJ_1_5
EN-A2-00048,A2,3,amused,adjective,즐거워하는; 재미있어하는,CEFRJ_1_5
EN-A2-00049,A2,3,amusement,noun,즐거움; 오락,CEFRJ_1_5
EN-A2-00050,A2,3,ancestor,noun,조상; 선조,CEFRJ_1_5
EN-A2-00051,A2,3,ancient,adjective,고대의; 아주 오래된,CEFRJ_1_5
EN-A2-00052,A2,3,angel,noun,천사,CEFRJ_1_5
EN-A2-00053,A2,3,angrily,adverb,화가 나서; 성나서,CEFRJ_1_5
EN-A2-00054,A2,3,ankle,noun,발목,CEFRJ_1_5
EN-A2-00055,A2,3,anniversary,noun,기념일,CEFRJ_1_5
EN-A2-00056,A2,3,annoy,verb,짜증나게 하다; 귀찮게 하다,CEFRJ_1_5
EN-A2-00057,A2,3,annoying,adjective,짜증나는; 귀찮은,CEFRJ_1_5
EN-A2-00058,A2,3,another,pronoun,또 다른 사람; 또 다른 것,CEFRJ_1_5
EN-A2-00059,A2,3,anxious,adjective,불안해하는; 걱정하는,CEFRJ_1_5
EN-A2-00060,A2,3,anymore,adverb,이제는; 더 이상,CEFRJ_1_5
EN-A2-00061,A2,4,anyway,adverb,어쨌든; 아무튼,CEFRJ_1_5
EN-A2-00062,A2,4,anywhere,adverb,어디든지; 아무 데도,CEFRJ_1_5
EN-A2-00063,A2,4,apart,adverb,떨어져; 따로,CEFRJ_1_5
EN-A2-00064,A2,4,apartment,noun,아파트,CEFRJ_1_5
EN-A2-00065,A2,4,apologize/apologise,verb,사과하다,CEFRJ_1_5
EN-A2-00066,A2,4,apparently,adverb,보아하니; 듣자하니,CEFRJ_1_5
EN-A2-00067,A2,4,appear,verb,나타나다; ~처럼 보이다,CEFRJ_1_5
EN-A2-00068,A2,4,appearance,noun,외모; 등장,CEFRJ_1_5
EN-A2-00069,A2,4,apply,verb,지원하다; 적용하다,CEFRJ_1_5
EN-A2-00070,A2,4,appointment,noun,약속; 임명,CEFRJ_1_5
EN-A2-00071,A2,4,appreciate,verb,고마워하다; 진가를 인정하다,CEFRJ_1_5
EN-A2-00072,A2,4,appropriate,adjective,적절한; 알맞은,CEFRJ_1_5
EN-A2-00073,A2,4,architecture,noun,건축; 건축학,CEFRJ_1_5
EN-A2-00074,A2,4,area,noun,지역; 구역,CEFRJ_1_5
EN-A2-00075,A2,4,argue,verb,말다툼하다; 주장하다,CEFRJ_1_5
EN-A2-00076,A2,4,argument,noun,말다툼; 논쟁,CEFRJ_1_5
EN-A2-00077,A2,4,armchair,noun,안락의자,CEFRJ_1_5
EN-A2-00078,A2,4,armed,adjective,무장한,CEFRJ_1_5
EN-A2-00079,A2,4,around,adverb,주위에; 사방에,CEFRJ_1_5
EN-A2-00080,A2,4,artificial,adjective,인공의; 인조의,CEFRJ_1_5
EN-A2-00081,A2,5,as,conjunction,~할 때; ~ 때문에; ~하는 대로,CEFRJ_1_5
EN-A2-00082,A2,5,asleep,adjective,잠든,CEFRJ_1_5
EN-A2-00083,A2,5,assistant,adjective,보조의; 부-,CEFRJ_1_5
EN-A2-00084,A2,5,association,noun,협회; 연합,CEFRJ_1_5
EN-A2-00085,A2,5,astronaut,noun,우주비행사,CEFRJ_1_5
EN-A2-00086,A2,5,athlete,noun,운동선수,CEFRJ_1_5
EN-A2-00087,A2,5,atom,noun,원자,CEFRJ_1_5
EN-A2-00088,A2,5,attack,noun,공격; 폭행,CEFRJ_1_5
EN-A2-00089,A2,5,attack,verb,공격하다,CEFRJ_1_5
EN-A2-00090,A2,5,attempt,noun,시도; 노력,CEFRJ_1_5
EN-A2-00091,A2,5,attention,noun,주의; 주목; 관심,CEFRJ_1_5
EN-A2-00092,A2,5,attitude,noun,태도; 자세,CEFRJ_1_5
EN-A2-00093,A2,5,attractive,adjective,매력적인,CEFRJ_1_5
EN-A2-00094,A2,5,audience,noun,관객; 청중,CEFRJ_1_5
EN-A2-00095,A2,5,audio,adjective,음향의; 오디오의,CEFRJ_1_5
EN-A2-00096,A2,5,author,noun,작가; 저자,CEFRJ_1_5
EN-A2-00097,A2,5,automatic,adjective,자동의,CEFRJ_1_5
EN-A2-00098,A2,5,automatically,adverb,자동으로,CEFRJ_1_5
EN-A2-00099,A2,5,average,adjective,평균의; 보통의,CEFRJ_1_5
EN-A2-00100,A2,5,average,noun,평균,CEFRJ_1_5
EN-A2-00101,A2,6,avoid,verb,피하다,CEFRJ_1_5
EN-A2-00102,A2,6,award,noun,상; 상품,CEFRJ_1_5
EN-A2-00103,A2,6,awful,adjective,끔찍한; 지독한,CEFRJ_1_5
EN-A2-00104,A2,6,back,adjective,뒤쪽의; 과거의,CEFRJ_1_5
EN-A2-00105,A2,6,background,noun,배경,CEFRJ_1_5
EN-A2-00106,A2,6,badly,adverb,나쁘게; 심하게,CEFRJ_1_5
EN-A2-00107,A2,6,badminton,noun,배드민턴,CEFRJ_1_5
EN-A2-00108,A2,6,bake,verb,굽다; 빵을 굽다,CEFRJ_1_5
EN-A2-00109,A2,6,balcony,noun,발코니,CEFRJ_1_5
EN-A2-00110,A2,6,balloon,noun,풍선,CEFRJ_1_5
EN-A2-00111,A2,6,bank,verb,예금하다; 거래하다,CEFRJ_1_5
EN-A2-00112,A2,6,banking,noun,은행업; 은행 업무,CEFRJ_1_5
EN-A2-00113,A2,6,barbecue,noun,바비큐,CEFRJ_1_5
EN-A2-00114,A2,6,barber,noun,이발사,CEFRJ_1_5
EN-A2-00115,A2,6,bargain,noun,싸게 사는 물건; 합의,CEFRJ_1_5
EN-A2-00116,A2,6,base,noun,기초; 토대; 본부,CEFRJ_1_5
EN-A2-00117,A2,6,basic,adjective,기초적인; 기본적인,CEFRJ_1_5
EN-A2-00118,A2,6,basically,adverb,기본적으로; 근본적으로,CEFRJ_1_5
EN-A2-00119,A2,6,basket,noun,바구니,CEFRJ_1_5
EN-A2-00120,A2,6,batch,noun,한 집단; 일괄,CEFRJ_1_5
EN-A2-00121,A2,7,battery,noun,건전지; 배터리,CEFRJ_1_5
EN-A2-00122,A2,7,bay,noun,만,CEFRJ_1_5
EN-A2-00123,A2,7,bear,verb,참다; 견디다,CEFRJ_1_5
EN-A2-00124,A2,7,beauty,noun,아름다움; 미인,CEFRJ_1_5
EN-A2-00125,A2,7,been,be-verb,be 동사의 과거분사형,CEFRJ_1_5
EN-A2-00126,A2,7,beer,noun,맥주,CEFRJ_1_5
EN-A2-00127,A2,7,before,conjunction,~하기 전에,CEFRJ_1_5
EN-A2-00128,A2,7,beg,verb,간청하다; 구걸하다,CEFRJ_1_5
EN-A2-00129,A2,7,beginner,noun,초보자,CEFRJ_1_5
EN-A2-00130,A2,7,beginning,noun,시작; 출발,CEFRJ_1_5
EN-A2-00131,A2,7,behavior/behaviour,noun,행동; 행실,CEFRJ_1_5
EN-A2-00132,A2,7,being,noun,존재; 생명체,CEFRJ_1_5
EN-A2-00133,A2,7,belly,noun,배,CEFRJ_1_5
EN-A2-00134,A2,7,belong,verb,~의 소유이다; 속하다,CEFRJ_1_5
EN-A2-00135,A2,7,belt,noun,벨트; 허리띠,CEFRJ_1_5
EN-A2-00136,A2,7,bench,noun,벤치; 긴 의자,CEFRJ_1_5
EN-A2-00137,A2,7,bend,verb,구부리다; 몸을 굽히다,CEFRJ_1_5
EN-A2-00138,A2,7,besides,adverb,게다가; 뿐만 아니라,CEFRJ_1_5
EN-A2-00139,A2,7,better,adverb,더 잘; 더 좋게,CEFRJ_1_5
EN-A2-00140,A2,7,beyond,preposition,~을 넘어서; ~ 저편에,CEFRJ_1_5
EN-A2-00141,A2,8,bill,noun,청구서; 지폐,CEFRJ_1_5
EN-A2-00142,A2,8,bit,noun,조금; 소량,CEFRJ_1_5
EN-A2-00143,A2,8,bite,noun,한 입 베어 물기; 물기,CEFRJ_1_5
EN-A2-00144,A2,8,blackboard,noun,칠판,CEFRJ_1_5
EN-A2-00145,A2,8,blame,verb,비난하다; ~의 탓으로 돌리다,CEFRJ_1_5
EN-A2-00146,A2,8,blanket,noun,담요,CEFRJ_1_5
EN-A2-00147,A2,8,blonde,adjective,금발의,CEFRJ_1_5
EN-A2-00148,A2,8,blood,noun,피; 혈액,CEFRJ_1_5
EN-A2-00149,A2,8,bloom,noun,꽃; 개화,CEFRJ_1_5
EN-A2-00150,A2,8,blow,noun,강타; 불기,CEFRJ_1_5
EN-A2-00151,A2,8,board game,noun,보드게임,CEFRJ_1_5
EN-A2-00152,A2,8,boil,verb,끓이다; 끓다,CEFRJ_1_5
EN-A2-00153,A2,8,boiled,adjective,삶은; 끓인,CEFRJ_1_5
EN-A2-00154,A2,8,bonus,noun,보너스; 상금,CEFRJ_1_5
EN-A2-00155,A2,8,bookcase,noun,책장; 책꽂이,CEFRJ_1_5
EN-A2-00156,A2,8,bookshelf,noun,책꽂이; 선반,CEFRJ_1_5
EN-A2-00157,A2,8,bookshop,noun,서점,CEFRJ_1_5
EN-A2-00158,A2,8,bored,adjective,지루해하는; 심심한,CEFRJ_1_5
EN-A2-00159,A2,8,boss,noun,상사; 우두머리,CEFRJ_1_5
EN-A2-00160,A2,8,bother,verb,신경 쓰이게 하다; 괴롭히다,CEFRJ_1_5
EN-A2-00161,A2,9,bra,noun,브래지어,CEFRJ_1_5
EN-A2-00162,A2,9,brainstorm,noun,브레인스토밍; 갑작스러운 묘안,CEFRJ_1_5
EN-A2-00163,A2,9,brake,noun,브레이크; 제동 장치,CEFRJ_1_5
EN-A2-00164,A2,9,branch,noun,나뭇가지; 지사,CEFRJ_1_5
EN-A2-00165,A2,9,brand,noun,상표; 브랜드,CEFRJ_1_5
EN-A2-00166,A2,9,brave,adjective,용감한,CEFRJ_1_5
EN-A2-00167,A2,9,break,noun,휴식,CEFRJ_1_5
EN-A2-00168,A2,9,breeze,noun,산들바람,CEFRJ_1_5
EN-A2-00169,A2,9,bride,noun,신부,CEFRJ_1_5
EN-A2-00170,A2,9,brilliant,adjective,훌륭한; 멋진,CEFRJ_1_5
EN-A2-00171,A2,9,brown,noun,갈색,CEFRJ_1_5
EN-A2-00172,A2,9,budget,noun,예산,CEFRJ_1_5
EN-A2-00173,A2,9,bug,noun,곤충; 벌레,CEFRJ_1_5
EN-A2-00174,A2,9,bulb,noun,전구,CEFRJ_1_5
EN-A2-00175,A2,9,burn,noun,화상,CEFRJ_1_5
EN-A2-00176,A2,9,bury,verb,묻다; 매장하다,CEFRJ_1_5
EN-A2-00177,A2,9,bus station,noun,버스터미널; 버스 정류장,CEFRJ_1_5
EN-A2-00178,A2,9,bus stop,noun,버스 정류장,CEFRJ_1_5
EN-A2-00179,A2,9,bush,noun,관목; 덤불,CEFRJ_1_5
EN-A2-00180,A2,9,businessman,noun,사업가; 남성 기업가,CEFRJ_1_5
EN-A2-00181,A2,10,businesswoman,noun,여성 사업가; 여성 기업가,CEFRJ_1_5
EN-A2-00182,A2,10,cab,noun,택시,CEFRJ_1_5
EN-A2-00183,A2,10,cafeteria,noun,구내식당; 카페테리아,CEFRJ_1_5
EN-A2-00184,A2,10,calendar,noun,달력,CEFRJ_1_5
EN-A2-00185,A2,10,call,verb,전화하다; 부르다,CEFRJ_1_5
EN-A2-00186,A2,10,camp,verb,캠핑하다; 야영하다,CEFRJ_1_5
EN-A2-00187,A2,10,camping,noun,캠핑; 야영,CEFRJ_1_5
EN-A2-00188,A2,10,campus,noun,캠퍼스; 대학 교정,CEFRJ_1_5
EN-A2-00189,A2,10,can,noun,통조림 통; 캔,CEFRJ_1_5
EN-A2-00190,A2,10,capital,noun,수도; 대문자,CEFRJ_1_5
EN-A2-00191,A2,10,capital letter,noun,대문자,CEFRJ_1_5
EN-A2-00192,A2,10,captain,noun,선장; 주장,CEFRJ_1_5
EN-A2-00193,A2,10,car park,noun,주차장,CEFRJ_1_5
EN-A2-00194,A2,10,carrot,noun,당근,CEFRJ_1_5
EN-A2-00195,A2,10,cash,noun,현금,CEFRJ_1_5
EN-A2-00196,A2,10,cassette,noun,카세트테이프,CEFRJ_1_5
EN-A2-00197,A2,10,castle,noun,성,CEFRJ_1_5
EN-A2-00198,A2,10,cause,verb,야기하다; 원인이 되다,CEFRJ_1_5
EN-A2-00199,A2,10,cent,noun,센트,CEFRJ_1_5
EN-A2-00200,A2,10,center/centre,noun,중심; 중앙,CEFRJ_1_5
EN-A2-00201,A2,11,centimeter/centimetre,noun,센티미터,CEFRJ_1_5
EN-A2-00202,A2,11,century,noun,세기; 100년,CEFRJ_1_5
EN-A2-00203,A2,11,cereal,noun,시리얼; 곡물,CEFRJ_1_5
EN-A2-00204,A2,11,certain,adjective,확실한; 특정한,CEFRJ_1_5
EN-A2-00205,A2,11,certainly,adverb,틀림없이; 확실히,CEFRJ_1_5
EN-A2-00206,A2,11,chain,noun,사슬; 체인,CEFRJ_1_5
EN-A2-00207,A2,11,chairman,noun,의장; 회장,CEFRJ_1_5
EN-A2-00208,A2,11,challenge,noun,도전; 난제,CEFRJ_1_5
EN-A2-00209,A2,11,champagne,noun,샴페인,CEFRJ_1_5
EN-A2-00210,A2,11,championship,noun,선수권 대회; 챔피언십,CEFRJ_1_5
EN-A2-00211,A2,11,chance,noun,기회; 가능성,CEFRJ_1_5
EN-A2-00212,A2,11,chapter,noun,장,CEFRJ_1_5
EN-A2-00213,A2,11,chart,noun,도표; 차트,CEFRJ_1_5
EN-A2-00214,A2,11,chat,verb,잡담하다; 이야기하다,CEFRJ_1_5
EN-A2-00215,A2,11,cheap,adjective,값싼; 저렴한,CEFRJ_1_5
EN-A2-00216,A2,11,check,verb,확인하다; 점검하다,CEFRJ_1_5
EN-A2-00217,A2,11,cheek,noun,뺨; 볼,CEFRJ_1_5
EN-A2-00218,A2,11,cheer,verb,환호하다; 응원하다,CEFRJ_1_5
EN-A2-00219,A2,11,chef,noun,요리사; 주방장,CEFRJ_1_5
EN-A2-00220,A2,11,chemical,adjective,화학의; 화학적인,CEFRJ_1_5
EN-A2-00221,A2,12,cheque,noun,수표,CEFRJ_1_5
EN-A2-00222,A2,12,chess,noun,체스,CEFRJ_1_5
EN-A2-00223,A2,12,chest,noun,가슴; 상자,CEFRJ_1_5
EN-A2-00224,A2,12,childhood,noun,어린 시절; 유년기,CEFRJ_1_5
EN-A2-00225,A2,12,chili/chilli,noun,칠리; 고추,CEFRJ_1_5
EN-A2-00226,A2,12,chimpanzee,noun,침팬지,CEFRJ_1_5
EN-A2-00227,A2,12,chin,noun,턱,CEFRJ_1_5
EN-A2-00228,A2,12,chirp,noun,지저귐; 짹짹하는 소리,CEFRJ_1_5
EN-A2-00229,A2,12,choice,noun,선택; 선택권,CEFRJ_1_5
EN-A2-00230,A2,12,cigarette,noun,담배,CEFRJ_1_5
EN-A2-00231,A2,12,citizen,noun,시민; 주민,CEFRJ_1_5
EN-A2-00232,A2,12,claim,verb,주장하다; 요구하다,CEFRJ_1_5
EN-A2-00233,A2,12,classic,adjective,고전적인; 전형적인,CEFRJ_1_5
EN-A2-00234,A2,12,classical music,noun,클래식 음악,CEFRJ_1_5
EN-A2-00235,A2,12,cleaner,noun,청소부; 청소기,CEFRJ_1_5
EN-A2-00236,A2,12,clear,adjective,맑은; 명확한,CEFRJ_1_5
EN-A2-00237,A2,12,clearly,adverb,분명히; 또렷하게,CEFRJ_1_5
EN-A2-00238,A2,12,clerk,noun,점원; 직원,CEFRJ_1_5
EN-A2-00239,A2,12,click,verb,클릭하다; 찰칵 소리가 나다,CEFRJ_1_5
EN-A2-00240,A2,12,climb,verb,오르다; 등반하다,CEFRJ_1_5
EN-A2-00241,A2,13,climbing,noun,등반; 암벽 등반,CEFRJ_1_5
EN-A2-00242,A2,13,clone,verb,복제하다,CEFRJ_1_5
EN-A2-00243,A2,13,clown,noun,광대,CEFRJ_1_5
EN-A2-00244,A2,13,clue,noun,단서; 실마리,CEFRJ_1_5
EN-A2-00245,A2,13,coast,noun,해안; 연안,CEFRJ_1_5
EN-A2-00246,A2,13,coin,noun,동전,CEFRJ_1_5
EN-A2-00247,A2,13,cola,noun,콜라,CEFRJ_1_5
EN-A2-00248,A2,13,colorful/colourful,adjective,알록달록한; 다채로운,CEFRJ_1_5
EN-A2-00249,A2,13,column,noun,기둥; 세로줄; 칼럼,CEFRJ_1_5
EN-A2-00250,A2,13,comb,noun,빗,CEFRJ_1_5
EN-A2-00251,A2,13,comfortable,adjective,편안한; 안락한,CEFRJ_1_5
EN-A2-00252,A2,13,comic,adjective,웃기는; 재미있는,CEFRJ_1_5
EN-A2-00253,A2,13,comic,noun,만화책; 코미디언,CEFRJ_1_5
EN-A2-00254,A2,13,commitment,noun,약속; 전념; 헌신,CEFRJ_1_5
EN-A2-00255,A2,13,committee,noun,위원회,CEFRJ_1_5
EN-A2-00256,A2,13,common,adjective,흔한; 공통의,CEFRJ_1_5
EN-A2-00257,A2,13,communicate,verb,의사소통하다; 연락을 주고받다,CEFRJ_1_5
EN-A2-00258,A2,13,communication,noun,의사소통; 연락,CEFRJ_1_5
EN-A2-00259,A2,13,company,noun,회사; 동행; 함께 있음,CEFRJ_1_5
EN-A2-00260,A2,13,comparative,noun,비교급,CEFRJ_1_5
EN-A2-00261,A2,14,compare,verb,비교하다; 비유하다,CEFRJ_1_5
EN-A2-00262,A2,14,competition,noun,경쟁; 대회; 시합,CEFRJ_1_5
EN-A2-00263,A2,14,complain,verb,불평하다; 항의하다,CEFRJ_1_5
EN-A2-00264,A2,14,complaint,noun,불평; 불만; 고소,CEFRJ_1_5
EN-A2-00265,A2,14,complete,adjective,완전한; 완료된,CEFRJ_1_5
EN-A2-00266,A2,14,composer,noun,작곡가,CEFRJ_1_5
EN-A2-00267,A2,14,concentrate,verb,집중하다,CEFRJ_1_5
EN-A2-00268,A2,14,concern,noun,우려; 걱정; 관심사,CEFRJ_1_5
EN-A2-00269,A2,14,condition,noun,상태; 조건,CEFRJ_1_5
EN-A2-00270,A2,14,confident,adjective,자신감 있는; 확신하는,CEFRJ_1_5
EN-A2-00271,A2,14,confuse,verb,혼란스럽게 하다; 혼동하다,CEFRJ_1_5
EN-A2-00272,A2,14,confused,adjective,혼란스러워하는; 어리둥절한,CEFRJ_1_5
EN-A2-00273,A2,14,consequence,noun,결과,CEFRJ_1_5
EN-A2-00274,A2,14,consider,verb,고려하다; 여기다,CEFRJ_1_5
EN-A2-00275,A2,14,consist,verb,구성되다; 이루어지다,CEFRJ_1_5
EN-A2-00276,A2,14,contact,noun,접촉; 연락,CEFRJ_1_5
EN-A2-00277,A2,14,contact,verb,연락하다; 접촉하다,CEFRJ_1_5
EN-A2-00278,A2,14,container,noun,그릇; 용기,CEFRJ_1_5
EN-A2-00279,A2,14,context,noun,맥락; 문맥; 배경,CEFRJ_1_5
EN-A2-00280,A2,14,continent,noun,대륙,CEFRJ_1_5
EN-A2-00281,A2,15,continue,verb,계속하다; 지속되다,CEFRJ_1_5
EN-A2-00282,A2,15,contrast,noun,대조; 대비,CEFRJ_1_5
EN-A2-00283,A2,15,control,noun,지배; 통제; 제어,CEFRJ_1_5
EN-A2-00284,A2,15,convenience,noun,편의; 편리함,CEFRJ_1_5
EN-A2-00285,A2,15,convenient,adjective,편리한; 사용하기 쉬운,CEFRJ_1_5
EN-A2-00286,A2,15,cooker,noun,조리기구; 가스레인지,CEFRJ_1_5
EN-A2-00287,A2,15,cooking,noun,요리,CEFRJ_1_5
EN-A2-00288,A2,15,cooler,noun,아이스박스; 냉각기,CEFRJ_1_5
EN-A2-00289,A2,15,copy,verb,복사하다; 베끼다,CEFRJ_1_5
EN-A2-00290,A2,15,correctly,adverb,바르게; 정확하게,CEFRJ_1_5
EN-A2-00291,A2,15,cost,noun,비용; 대가,CEFRJ_1_5
EN-A2-00292,A2,15,cost,verb,비용이 들다,CEFRJ_1_5
EN-A2-00293,A2,15,count,verb,세다; 계산하다; 중요하다,CEFRJ_1_5
EN-A2-00294,A2,15,country,noun,나라; 국가; 시골,CEFRJ_1_5
EN-A2-00295,A2,15,countryside,noun,시골; 지방,CEFRJ_1_5
EN-A2-00296,A2,15,couple,noun,두 서너 개; 커플; 부부,CEFRJ_1_5
EN-A2-00297,A2,15,court,noun,법정; 법원; 경기장,CEFRJ_1_5
EN-A2-00298,A2,15,cover,verb,덮다; 씌우다; 다루다,CEFRJ_1_5
EN-A2-00299,A2,15,crazy,adjective,미친; 열광적인,CEFRJ_1_5
EN-A2-00300,A2,15,cream,adjective,크림색의; 부드러운,CEFRJ_1_5
EN-A2-00301,A2,16,create,verb,창조하다; 만들다,CEFRJ_1_5
EN-A2-00302,A2,16,creative,adjective,창의적인; 독창적인,CEFRJ_1_5
EN-A2-00303,A2,16,creativity,noun,창의성; 독창성,CEFRJ_1_5
EN-A2-00304,A2,16,creature,noun,생명체; 생물,CEFRJ_1_5
EN-A2-00305,A2,16,credit,noun,신용; 신용 거래; 학점,CEFRJ_1_5
EN-A2-00306,A2,16,cricket,noun,크리켓; 귀뚜라미,CEFRJ_1_5
EN-A2-00307,A2,16,crime,noun,범죄,CEFRJ_1_5
EN-A2-00308,A2,16,crisp,noun,감자칩,CEFRJ_1_5
EN-A2-00309,A2,16,criticize/criticise,verb,비판하다; 비난하다,CEFRJ_1_5
EN-A2-00310,A2,16,cross,noun,십자가; X표,CEFRJ_1_5
EN-A2-00311,A2,16,cross,verb,건너다; 가로지르다,CEFRJ_1_5
EN-A2-00312,A2,16,crowd,noun,군중; 무리,CEFRJ_1_5
EN-A2-00313,A2,16,crowded,adjective,붐비는; 가득 찬,CEFRJ_1_5
EN-A2-00314,A2,16,crown,noun,왕관,CEFRJ_1_5
EN-A2-00315,A2,16,cruise,noun,크루즈 여행; 유람선 여행,CEFRJ_1_5
EN-A2-00316,A2,16,cry,verb,울다; 외치다,CEFRJ_1_5
EN-A2-00317,A2,16,cupboard,noun,찬장; 벽장,CEFRJ_1_5
EN-A2-00318,A2,16,curry,noun,카레,CEFRJ_1_5
EN-A2-00319,A2,16,curse,noun,저주; 욕설,CEFRJ_1_5
EN-A2-00320,A2,16,custom,noun,관습; 풍습,CEFRJ_1_5
EN-A2-00321,A2,17,customer,noun,고객; 손님,CEFRJ_1_5
EN-A2-00322,A2,17,cycling,noun,자전거 타기,CEFRJ_1_5
EN-A2-00323,A2,17,daily,adjective,매일의; 일상의,CEFRJ_1_5
EN-A2-00324,A2,17,daily,adverb,매일,CEFRJ_1_5
EN-A2-00325,A2,17,dam,noun,댐,CEFRJ_1_5
EN-A2-00326,A2,17,dancer,noun,무용수; 댄서,CEFRJ_1_5
EN-A2-00327,A2,17,danger,noun,위험,CEFRJ_1_5
EN-A2-00328,A2,17,dangerous,adjective,위험한,CEFRJ_1_5
EN-A2-00329,A2,17,daylight,noun,일광; 햇빛,CEFRJ_1_5
EN-A2-00330,A2,17,dead,adjective,죽은,CEFRJ_1_5
EN-A2-00331,A2,17,deal,noun,거래; 합의,CEFRJ_1_5
EN-A2-00332,A2,17,death,noun,죽음; 사망,CEFRJ_1_5
EN-A2-00333,A2,17,debate,noun,토론; 논쟁,CEFRJ_1_5
EN-A2-00334,A2,17,decide,verb,결정하다; 결심하다,CEFRJ_1_5
EN-A2-00335,A2,17,deep,adverb,깊게; 깊숙이,CEFRJ_1_5
EN-A2-00336,A2,17,deeply,adverb,깊이; 대단히; 몹시,CEFRJ_1_5
EN-A2-00337,A2,17,degree,noun,도; 정도; 학위,CEFRJ_1_5
EN-A2-00338,A2,17,delay,noun,지연; 미룸,CEFRJ_1_5
EN-A2-00339,A2,17,dentist,noun,치과의사,CEFRJ_1_5
EN-A2-00340,A2,17,department store,noun,백화점,CEFRJ_1_5
EN-A2-00341,A2,18,depend,verb,의존하다; 의지하다; ~에 달려 있다,CEFRJ_1_5
EN-A2-00342,A2,18,description,noun,묘사; 서술; 설명,CEFRJ_1_5
EN-A2-00343,A2,18,desert,noun,사막,CEFRJ_1_5
EN-A2-00344,A2,18,dessert,noun,디저트; 후식,CEFRJ_1_5
EN-A2-00345,A2,18,destroy,verb,파괴하다; 망치다,CEFRJ_1_5
EN-A2-00346,A2,18,detail,noun,세부 사항; 상세,CEFRJ_1_5
EN-A2-00347,A2,18,develop,verb,발달하다; 개발하다; 성장하다,CEFRJ_1_5
EN-A2-00348,A2,18,developed,adjective,선진의; 발달한,CEFRJ_1_5
EN-A2-00349,A2,18,diamond,noun,다이아몬드,CEFRJ_1_5
EN-A2-00350,A2,18,diary,noun,일기; 수첩,CEFRJ_1_5
EN-A2-00351,A2,18,die,verb,죽다,CEFRJ_1_5
EN-A2-00352,A2,18,diet,noun,식단; 식사; 다이어트,CEFRJ_1_5
EN-A2-00353,A2,18,differently,adverb,다르게; 다르게 하여,CEFRJ_1_5
EN-A2-00354,A2,18,difficulty,noun,어려움; 곤란,CEFRJ_1_5
EN-A2-00355,A2,18,digital camera,noun,디지털카메라,CEFRJ_1_5
EN-A2-00356,A2,18,dinosaur,noun,공룡,CEFRJ_1_5
EN-A2-00357,A2,18,direct,adjective,직접적인; 직행의,CEFRJ_1_5
EN-A2-00358,A2,18,direction,noun,방향; 지도; 지시,CEFRJ_1_5
EN-A2-00359,A2,18,director,noun,감독; 임원; 책임자,CEFRJ_1_5
EN-A2-00360,A2,18,disadvantage,noun,단점; 불리한 점,CEFRJ_1_5
EN-A2-00361,A2,19,disagree,verb,동의하지 않다; 의견이 다르다,CEFRJ_1_5
EN-A2-00362,A2,19,disappear,verb,사라지다; 없어지다,CEFRJ_1_5
EN-A2-00363,A2,19,disappointed,adjective,실망한; 낙담한,CEFRJ_1_5
EN-A2-00364,A2,19,disappointing,adjective,실망스러운; 김새는,CEFRJ_1_5
EN-A2-00365,A2,19,disco,noun,디스코; 디스코텍,CEFRJ_1_5
EN-A2-00366,A2,19,discover,verb,발견하다; 알아내다,CEFRJ_1_5
EN-A2-00367,A2,19,discussion,noun,토론; 논의,CEFRJ_1_5
EN-A2-00368,A2,19,dishonest,adjective,정직하지 못한; 부정직한,CEFRJ_1_5
EN-A2-00369,A2,19,dislike,noun,싫어함; 반감,CEFRJ_1_5
EN-A2-00370,A2,19,display,noun,전시; 진열; 표현,CEFRJ_1_5
EN-A2-00371,A2,19,disturb,verb,방해하다; 불안하게 하다,CEFRJ_1_5
EN-A2-00372,A2,19,divide,verb,나누다; 갈라지다,CEFRJ_1_5
EN-A2-00373,A2,19,dizzy,adjective,어지러운,CEFRJ_1_5
EN-A2-00374,A2,19,done,do-verb,했다; 완료했다 (do의 과거분사형),CEFRJ_1_5
EN-A2-00375,A2,19,double,adjective,두 배의; 이중의,CEFRJ_1_5
EN-A2-00376,A2,19,doubt,noun,의심; 의혹,CEFRJ_1_5
EN-A2-00377,A2,19,down,preposition,~을 따라 아래로; ~의 아래쪽에,CEFRJ_1_5
EN-A2-00378,A2,19,download,verb,다운로드하다; 내려받다,CEFRJ_1_5
EN-A2-00379,A2,19,downstairs,adverb,아래층에서; 아래층으로,CEFRJ_1_5
EN-A2-00380,A2,19,downtown,adverb,시내로; 도심지로,CEFRJ_1_5
EN-A2-00381,A2,20,draw,noun,무승부; 비기기,CEFRJ_1_5
EN-A2-00382,A2,20,drawer,noun,서랍,CEFRJ_1_5
EN-A2-00383,A2,20,drawing,noun,그림; 소묘,CEFRJ_1_5
EN-A2-00384,A2,20,dream,verb,꿈을 꾸다; 꿈꾸다,CEFRJ_1_5
EN-A2-00385,A2,20,dress,verb,옷을 입다; 옷을 입히다,CEFRJ_1_5
EN-A2-00386,A2,20,dressed,adjective,옷을 입은,CEFRJ_1_5
EN-A2-00387,A2,20,drill,noun,드릴; 송곳; 반복 연습,CEFRJ_1_5
EN-A2-00388,A2,20,drive,verb,운전하다; 몰다,CEFRJ_1_5
EN-A2-00389,A2,20,driver's license/driving licence,noun,운전면허증,CEFRJ_1_5
EN-A2-00390,A2,20,drop,noun,방울; 소량; 하락,CEFRJ_1_5
EN-A2-00391,A2,20,drug,noun,약; 약품; 마약,CEFRJ_1_5
EN-A2-00392,A2,20,drugstore,noun,약국,CEFRJ_1_5
EN-A2-00393,A2,20,dry,verb,말리다; 마르다,CEFRJ_1_5
EN-A2-00394,A2,20,duck,noun,오리,CEFRJ_1_5
EN-A2-00395,A2,20,during,preposition,~ 동안에,CEFRJ_1_5
EN-A2-00396,A2,20,dust,noun,먼지; 가루,CEFRJ_1_5
EN-A2-00397,A2,20,early,adjective,이른; 조기의,CEFRJ_1_5
EN-A2-00398,A2,20,earn,verb,벌다; 얻다,CEFRJ_1_5
EN-A2-00399,A2,20,earring,noun,귀걸이,CEFRJ_1_5
EN-A2-00400,A2,20,earth,noun,지구; 땅; 흙,CEFRJ_1_5
EN-A2-00401,A2,21,earthquake,noun,지진,CEFRJ_1_5
EN-A2-00402,A2,21,easily,adverb,쉽게; 용이하게,CEFRJ_1_5
EN-A2-00403,A2,21,east,adjective,동쪽의; 동쪽에 있는,CEFRJ_1_5
EN-A2-00404,A2,21,east,adverb,동쪽으로,CEFRJ_1_5
EN-A2-00405,A2,21,east,noun,동쪽,CEFRJ_1_5
EN-A2-00406,A2,21,editor,noun,편집자; 편집장,CEFRJ_1_5
EN-A2-00407,A2,21,education,noun,교육,CEFRJ_1_5
EN-A2-00408,A2,21,educational,adjective,교육적인; 교육의,CEFRJ_1_5
EN-A2-00409,A2,21,effect,noun,영향; 결과; 효과,CEFRJ_1_5
EN-A2-00410,A2,21,effort,noun,노력; 수고,CEFRJ_1_5
EN-A2-00411,A2,21,either,conjunction,either A or B의 형태로 'A 또는 B'의 뜻을 나타냄,CEFRJ_1_5
EN-A2-00412,A2,21,elderly,adjective,연세가 드신; 어르신들의,CEFRJ_1_5
EN-A2-00413,A2,21,electric,adjective,전기의; 전기를 사용하는,CEFRJ_1_5
EN-A2-00414,A2,21,elephant,noun,코끼리,CEFRJ_1_5
EN-A2-00415,A2,21,elevator,noun,엘리베이터,CEFRJ_1_5
EN-A2-00416,A2,21,elsewhere,adverb,다른 곳에서; 다른 곳으로,CEFRJ_1_5
EN-A2-00417,A2,21,email,verb,이메일을 보내다,CEFRJ_1_5
EN-A2-00418,A2,21,embarrassing,adjective,당황스러운; 난처한,CEFRJ_1_5
EN-A2-00419,A2,21,emergency,noun,비상사태; 응급 상황,CEFRJ_1_5
EN-A2-00420,A2,21,empty,adjective,비어 있는,CEFRJ_1_5
EN-A2-00421,A2,22,encourage,verb,격려하다; 권장하다,CEFRJ_1_5
EN-A2-00422,A2,22,end,verb,끝나다; 끝내다,CEFRJ_1_5
EN-A2-00423,A2,22,endangered,adjective,멸종 위기에 처한,CEFRJ_1_5
EN-A2-00424,A2,22,ending,noun,결말; 끝,CEFRJ_1_5
EN-A2-00425,A2,22,energetic,adjective,활동적인; 에너지가 넘치는,CEFRJ_1_5
EN-A2-00426,A2,22,enormous,adjective,막대한; 거대한,CEFRJ_1_5
EN-A2-00427,A2,22,enough,adverb,충분히,CEFRJ_1_5
EN-A2-00428,A2,22,enough,determiner,충분한,CEFRJ_1_5
EN-A2-00429,A2,22,enough,pronoun,충분한 양; 충분한 것,CEFRJ_1_5
EN-A2-00430,A2,22,enter,verb,들어가다; 입학하다; 참가하다,CEFRJ_1_5
EN-A2-00431,A2,22,entertainment,noun,오락; 엔터테인먼트; 대접,CEFRJ_1_5
EN-A2-00432,A2,22,entrance,noun,입구; 입장,CEFRJ_1_5
EN-A2-00433,A2,22,envelope,noun,봉투,CEFRJ_1_5
EN-A2-00434,A2,22,envy,noun,부러움; 질투,CEFRJ_1_5
EN-A2-00435,A2,22,episode,noun,에피소드; 한 회,CEFRJ_1_5
EN-A2-00436,A2,22,error,noun,실수; 오류,CEFRJ_1_5
EN-A2-00437,A2,22,escalator,noun,에스컬레이터,CEFRJ_1_5
EN-A2-00438,A2,22,escape,noun,탈출; 도망,CEFRJ_1_5
EN-A2-00439,A2,22,especially,adverb,특히; 특별히,CEFRJ_1_5
EN-A2-00440,A2,22,essay,noun,에세이; 수필,CEFRJ_1_5
EN-A2-00441,A2,23,establish,verb,설립하다; 수립하다,CEFRJ_1_5
EN-A2-00442,A2,23,euro,noun,유로,CEFRJ_1_5
EN-A2-00443,A2,23,even,adverb,심지어; ~조차,CEFRJ_1_5
EN-A2-00444,A2,23,ever,adverb,언젠가; 이전에; 늘,CEFRJ_1_5
EN-A2-00445,A2,23,evidence,noun,증거,CEFRJ_1_5
EN-A2-00446,A2,23,exactly,adverb,정확히; 틀림없이,CEFRJ_1_5
EN-A2-00447,A2,23,exam,noun,시험,CEFRJ_1_5
EN-A2-00448,A2,23,except,conjunction,~를 제외하고는,CEFRJ_1_5
EN-A2-00449,A2,23,except,preposition,~을 제외하고,CEFRJ_1_5
EN-A2-00450,A2,23,exchange,noun,교환; 환전,CEFRJ_1_5
EN-A2-00451,A2,23,exercise,noun,운동; 연습 문제,CEFRJ_1_5
EN-A2-00452,A2,23,exhibition,noun,전시회; 전시,CEFRJ_1_5
EN-A2-00453,A2,23,exist,verb,존재하다; 실재하다,CEFRJ_1_5
EN-A2-00454,A2,23,expect,verb,예상하다; 기대하다,CEFRJ_1_5
EN-A2-00455,A2,23,experience,noun,경험,CEFRJ_1_5
EN-A2-00456,A2,23,expert,noun,전문가,CEFRJ_1_5
EN-A2-00457,A2,23,explain,verb,설명하다,CEFRJ_1_5
EN-A2-00458,A2,23,explanation,noun,설명,CEFRJ_1_5
EN-A2-00459,A2,23,explore,verb,탐험하다; 탐구하다,CEFRJ_1_5
EN-A2-00460,A2,23,express,noun,급행열차; 고속버스,CEFRJ_1_5
EN-A2-00461,A2,24,expression,noun,표현; 표정,CEFRJ_1_5
EN-A2-00462,A2,24,extra,adjective,추가의; 여분의,CEFRJ_1_5
EN-A2-00463,A2,24,extra,adverb,추가로; 특별히,CEFRJ_1_5
EN-A2-00464,A2,24,extremely,adverb,극도로; 매우,CEFRJ_1_5
EN-A2-00465,A2,24,face,verb,직면하다; 향하다,CEFRJ_1_5
EN-A2-00466,A2,24,fact,noun,사실,CEFRJ_1_5
EN-A2-00467,A2,24,fail,verb,실패하다; 낙제하다,CEFRJ_1_5
EN-A2-00468,A2,24,fairly,adverb,꽤; 상당히,CEFRJ_1_5
EN-A2-00469,A2,24,fall,verb,떨어지다; 넘어지다,CEFRJ_1_5
EN-A2-00470,A2,24,familiar,adjective,익숙한; 친숙한,CEFRJ_1_5
EN-A2-00471,A2,24,fancy,adjective,화려한; 고급의,CEFRJ_1_5
EN-A2-00472,A2,24,fantastic,adjective,환상적인; 멋진,CEFRJ_1_5
EN-A2-00473,A2,24,far,adverb,멀리,CEFRJ_1_5
EN-A2-00474,A2,24,fare,noun,요금,CEFRJ_1_5
EN-A2-00475,A2,24,fascinating,adjective,대단히 흥미로운; 매력적인,CEFRJ_1_5
EN-A2-00476,A2,24,fashion,noun,패션; 유행,CEFRJ_1_5
EN-A2-00477,A2,24,fast food,noun,패스트푸드,CEFRJ_1_5
EN-A2-00478,A2,24,fault,noun,잘못; 책임; 결점,CEFRJ_1_5
EN-A2-00479,A2,24,favor/favour,noun,호의; 부탁,CEFRJ_1_5
EN-A2-00480,A2,24,fear,noun,공포; 두려움,CEFRJ_1_5
EN-A2-00481,A2,25,feather,noun,깃털,CEFRJ_1_5
EN-A2-00482,A2,25,feature,noun,특징; 이목구비,CEFRJ_1_5
EN-A2-00483,A2,25,fee,noun,수수료; 요금,CEFRJ_1_5
EN-A2-00484,A2,25,feel,noun,촉감; 느낌,CEFRJ_1_5
EN-A2-00485,A2,25,female,adjective,여성의; 암컷의,CEFRJ_1_5
EN-A2-00486,A2,25,fence,noun,울타리; 담,CEFRJ_1_5
EN-A2-00487,A2,25,few,determiner,수가 적은; 거의 없는,CEFRJ_1_5
EN-A2-00488,A2,25,fiction,noun,소설; 허구,CEFRJ_1_5
EN-A2-00489,A2,25,fighter,noun,전사; 싸움꾼,CEFRJ_1_5
EN-A2-00490,A2,25,figure,noun,숫자; 인물; 수치,CEFRJ_1_5
EN-A2-00491,A2,25,figure,verb,생각하다; 판단하다,CEFRJ_1_5
EN-A2-00492,A2,25,film,noun,영화; 필름,CEFRJ_1_5
EN-A2-00493,A2,25,final,adjective,마지막의; 최종적인,CEFRJ_1_5
EN-A2-00494,A2,25,final,noun,결승전; 기말시험,CEFRJ_1_5
EN-A2-00495,A2,25,finally,adverb,마침내; 결국,CEFRJ_1_5
EN-A2-00496,A2,25,first name,noun,이름,CEFRJ_1_5
EN-A2-00497,A2,25,fisherman,noun,어부,CEFRJ_1_5
EN-A2-00498,A2,25,fit,adjective,건강한; 알맞은,CEFRJ_1_5
EN-A2-00499,A2,25,fix,noun,해결책; 수리,CEFRJ_1_5
EN-A2-00500,A2,25,flea,noun,벼룩,CEFRJ_1_5
EN-A2-00501,A2,26,flight,noun,비행; 항공편,CEFRJ_1_5
EN-A2-00502,A2,26,float,noun,부표; 퍼레이드용 장식 차량,CEFRJ_1_5
EN-A2-00503,A2,26,flood,noun,홍수,CEFRJ_1_5
EN-A2-00504,A2,26,flour,noun,밀가루,CEFRJ_1_5
EN-A2-00505,A2,26,fog,noun,안개,CEFRJ_1_5
EN-A2-00506,A2,26,folder,noun,폴더; 서류철,CEFRJ_1_5
EN-A2-00507,A2,26,follow,verb,따르다; 따라가다,CEFRJ_1_5
EN-A2-00508,A2,26,fool,noun,바보,CEFRJ_1_5
EN-A2-00509,A2,26,footballer,noun,축구 선수,CEFRJ_1_5
EN-A2-00510,A2,26,for,conjunction,왜냐하면 ~이므로,CEFRJ_1_5
EN-A2-00511,A2,26,forbid,verb,금지하다,CEFRJ_1_5
EN-A2-00512,A2,26,force,noun,힘; 물리력; 군대,CEFRJ_1_5
EN-A2-00513,A2,26,forest,noun,숲,CEFRJ_1_5
EN-A2-00514,A2,26,forever,adverb,영원히,CEFRJ_1_5
EN-A2-00515,A2,26,fork,noun,포크; 갈림길,CEFRJ_1_5
EN-A2-00516,A2,26,fortunately,adverb,다행히도; 운 좋게도,CEFRJ_1_5
EN-A2-00517,A2,26,fortune,noun,운; 행운; 거금,CEFRJ_1_5
EN-A2-00518,A2,26,forward,adverb,앞으로,CEFRJ_1_5
EN-A2-00519,A2,26,frame,noun,틀; 액자; 뼈대,CEFRJ_1_5
EN-A2-00520,A2,26,frank,adjective,솔직한,CEFRJ_1_5
EN-A2-00521,A2,27,free,adverb,무료로; 자유롭게,CEFRJ_1_5
EN-A2-00522,A2,27,freedom,noun,자유,CEFRJ_1_5
EN-A2-00523,A2,27,freeze,verb,얼다; 얼리다,CEFRJ_1_5
EN-A2-00524,A2,27,fresh,adjective,신선한; 새로운,CEFRJ_1_5
EN-A2-00525,A2,27,fridge,noun,냉장고,CEFRJ_1_5
EN-A2-00526,A2,27,fried,adjective,기름에 튀긴; 구운,CEFRJ_1_5
EN-A2-00527,A2,27,friendship,noun,우정; 우의,CEFRJ_1_5
EN-A2-00528,A2,27,frighten,verb,겁주다; 놀라게 하다,CEFRJ_1_5
EN-A2-00529,A2,27,frightened,adjective,겁먹은; 무서워하는,CEFRJ_1_5
EN-A2-00530,A2,27,frightening,adjective,무서운; 두려운,CEFRJ_1_5
EN-A2-00531,A2,27,front,noun,앞면; 앞부분,CEFRJ_1_5
EN-A2-00532,A2,27,fry,noun,튀김 요리; 치어,CEFRJ_1_5
EN-A2-00533,A2,27,fully,adverb,완전히; 충분히,CEFRJ_1_5
EN-A2-00534,A2,27,function,verb,작동하다; 기능하다,CEFRJ_1_5
EN-A2-00535,A2,27,furniture,noun,가구,CEFRJ_1_5
EN-A2-00536,A2,27,further,adjective,더 먼; 추가의,CEFRJ_1_5
EN-A2-00537,A2,27,gallery,noun,미술관; 화랑,CEFRJ_1_5
EN-A2-00538,A2,27,garage,noun,차고; 정비소,CEFRJ_1_5
EN-A2-00539,A2,27,garlic,noun,마늘,CEFRJ_1_5
EN-A2-00540,A2,27,gas,noun,가스; 기체; 휘발유,CEFRJ_1_5
EN-A2-00541,A2,28,gate,noun,문; 대문,CEFRJ_1_5
EN-A2-00542,A2,28,gather,verb,모으다; 모이다,CEFRJ_1_5
EN-A2-00543,A2,28,gender,noun,성별; 성,CEFRJ_1_5
EN-A2-00544,A2,28,generation,noun,세대; 대,CEFRJ_1_5
EN-A2-00545,A2,28,gentle,adjective,온화한; 친절한; 완만한,CEFRJ_1_5
EN-A2-00546,A2,28,given,adjective,특정한; 주어진,CEFRJ_1_5
EN-A2-00547,A2,28,globe,noun,지구; 세계; 지구의,CEFRJ_1_5
EN-A2-00548,A2,28,glove,noun,장갑,CEFRJ_1_5
EN-A2-00549,A2,28,gold,noun,금; 황금,CEFRJ_1_5
EN-A2-00550,A2,28,golden,adjective,금빛의; 황금기의,CEFRJ_1_5
EN-A2-00551,A2,28,golf,noun,골프,CEFRJ_1_5
EN-A2-00552,A2,28,good-looking,adjective,잘생긴; 매력적인,CEFRJ_1_5
EN-A2-00553,A2,28,government,noun,정부; 정권,CEFRJ_1_5
EN-A2-00554,A2,28,grace,noun,우아함; 품위,CEFRJ_1_5
EN-A2-00555,A2,28,gradually,adverb,서서히; 점차적으로,CEFRJ_1_5
EN-A2-00556,A2,28,graduate,verb,졸업하다,CEFRJ_1_5
EN-A2-00557,A2,28,gram/gramme,noun,그램,CEFRJ_1_5
EN-A2-00558,A2,28,grandchild,noun,손주; 손자녀,CEFRJ_1_5
EN-A2-00559,A2,28,granddad,noun,할아버지,CEFRJ_1_5
EN-A2-00560,A2,28,granddaughter,noun,손녀,CEFRJ_1_5
EN-A2-00561,A2,29,grandson,noun,손자,CEFRJ_1_5
EN-A2-00562,A2,29,granny,noun,할머니,CEFRJ_1_5
EN-A2-00563,A2,29,grateful,adjective,감사하는; 고마워하는,CEFRJ_1_5
EN-A2-00564,A2,29,greatly,adverb,대단히; 크게,CEFRJ_1_5
EN-A2-00565,A2,29,greedy,adjective,탐욕스러운; 욕심 많은,CEFRJ_1_5
EN-A2-00566,A2,29,green,noun,녹색; 초록색,CEFRJ_1_5
EN-A2-00567,A2,29,grilled,adjective,석쇠에 구운,CEFRJ_1_5
EN-A2-00568,A2,29,grocery store,noun,식료품점,CEFRJ_1_5
EN-A2-00569,A2,29,guard,noun,경비원; 보초; 보호대,CEFRJ_1_5
EN-A2-00570,A2,29,guidebook,noun,여행 안내서; 가이드북,CEFRJ_1_5
EN-A2-00571,A2,29,gun,noun,총,CEFRJ_1_5
EN-A2-00572,A2,29,half,determiner,반의; 절반의,CEFRJ_1_5
EN-A2-00573,A2,29,half,pronoun,절반; 반,CEFRJ_1_5
EN-A2-00574,A2,29,half-price,adjective,반값의,CEFRJ_1_5
EN-A2-00575,A2,29,half-price,adverb,반값으로,CEFRJ_1_5
EN-A2-00576,A2,29,ham,noun,햄,CEFRJ_1_5
EN-A2-00577,A2,29,hand,verb,건네주다; 제출하다,CEFRJ_1_5
EN-A2-00578,A2,29,handbag,noun,핸드백; 휴대용 가방,CEFRJ_1_5
EN-A2-00579,A2,29,handicapped,adjective,장애가 있는,CEFRJ_1_5
EN-A2-00580,A2,29,handle,noun,손잡이,CEFRJ_1_5
EN-A2-00581,A2,30,happily,adverb,행복하게; 기쁘게,CEFRJ_1_5
EN-A2-00582,A2,30,happiness,noun,행복,CEFRJ_1_5
EN-A2-00583,A2,30,hardly,adverb,거의 ~않다,CEFRJ_1_5
EN-A2-00584,A2,30,harm,verb,해치다; 피해를 입히다,CEFRJ_1_5
EN-A2-00585,A2,30,harmful,adjective,해로운; 유해한,CEFRJ_1_5
EN-A2-00586,A2,30,harmony,noun,조화; 화합,CEFRJ_1_5
EN-A2-00587,A2,30,harvest,noun,수확; 수확기,CEFRJ_1_5
EN-A2-00588,A2,30,hate,verb,싫어하다; 미워하다,CEFRJ_1_5
EN-A2-00589,A2,30,head,verb,향하다; 나아가다,CEFRJ_1_5
EN-A2-00590,A2,30,headphone,noun,헤드폰,CEFRJ_1_5
EN-A2-00591,A2,30,headteacher,noun,교장 선생님,CEFRJ_1_5
EN-A2-00592,A2,30,heat,noun,열; 열기; 더위,CEFRJ_1_5
EN-A2-00593,A2,30,heating,noun,난방; 난방 장치,CEFRJ_1_5
EN-A2-00594,A2,30,heavily,adverb,심하게; 몹시; 무겁게,CEFRJ_1_5
EN-A2-00595,A2,30,help,noun,도움; 원조,CEFRJ_1_5
EN-A2-00596,A2,30,helpful,adjective,도움이 되는; 유용한,CEFRJ_1_5
EN-A2-00597,A2,30,hero,noun,영웅,CEFRJ_1_5
EN-A2-00598,A2,30,herself,pronoun,그녀 자신; 스스로,CEFRJ_1_5
EN-A2-00599,A2,30,hey,interjection,이봐; 야; 저기,CEFRJ_1_5
EN-A2-00600,A2,30,high,adverb,높이; 높게,CEFRJ_1_5
EN-A2-00601,A2,31,high school,noun,고등학교,CEFRJ_1_5
EN-A2-00602,A2,31,highway,noun,고속도로,CEFRJ_1_5
EN-A2-00603,A2,31,hike,noun,하이킹; 도보 여행,CEFRJ_1_5
EN-A2-00604,A2,31,hiking,noun,하이킹; 도보 여행,CEFRJ_1_5
EN-A2-00605,A2,31,himself,pronoun,그 자신; 스스로,CEFRJ_1_5
EN-A2-00606,A2,31,hip hop/hip-hop/hiphop,noun,힙합,CEFRJ_1_5
EN-A2-00607,A2,31,hit,verb,치다; 때리다; 부딪치다,CEFRJ_1_5
EN-A2-00608,A2,31,hockey,noun,하키,CEFRJ_1_5
EN-A2-00609,A2,31,hold,verb,잡고 있다; 쥐다; 개최하다,CEFRJ_1_5
EN-A2-00610,A2,31,home,adverb,집으로; 집에서,CEFRJ_1_5
EN-A2-00611,A2,31,honey,noun,꿀; 벌꿀,CEFRJ_1_5
EN-A2-00612,A2,31,honor/honour,noun,명예; 영광,CEFRJ_1_5
EN-A2-00613,A2,31,horror,noun,공포; 공포감,CEFRJ_1_5
EN-A2-00614,A2,31,host,noun,주인; 주최자; 진행자,CEFRJ_1_5
EN-A2-00615,A2,31,however,adverb,하지만; 그러나,CEFRJ_1_5
EN-A2-00616,A2,31,hug,verb,껴안다; 포옹하다,CEFRJ_1_5
EN-A2-00617,A2,31,human,adjective,인간의; 사람의,CEFRJ_1_5
EN-A2-00618,A2,31,hundred,number,백; 100,CEFRJ_1_5
EN-A2-00619,A2,31,hunter,noun,사냥꾼,CEFRJ_1_5
EN-A2-00620,A2,31,hurry,verb,서두르다,CEFRJ_1_5
EN-A2-00621,A2,32,ID,noun,신분증; 신원 확인,CEFRJ_1_5
EN-A2-00622,A2,32,ID card,noun,신분증,CEFRJ_1_5
EN-A2-00623,A2,32,ill,adjective,아픈; 병든,CEFRJ_1_5
EN-A2-00624,A2,32,illegal,adjective,불법적인; 불법의,CEFRJ_1_5
EN-A2-00625,A2,32,image,noun,이미지; 그림; 모습,CEFRJ_1_5
EN-A2-00626,A2,32,imagination,noun,상상력; 상상,CEFRJ_1_5
EN-A2-00627,A2,32,impact,noun,영향; 충격,CEFRJ_1_5
EN-A2-00628,A2,32,impatient,adjective,참을성 없는; 조급한,CEFRJ_1_5
EN-A2-00629,A2,32,importance,noun,중요성,CEFRJ_1_5
EN-A2-00630,A2,32,importantly,adverb,중요하게; 무엇보다도,CEFRJ_1_5
EN-A2-00631,A2,32,impossible,adjective,불가능한,CEFRJ_1_5
EN-A2-00632,A2,32,impress,verb,깊은 인상을 주다; 감동시키다,CEFRJ_1_5
EN-A2-00633,A2,32,improve,verb,개선하다; 향상시키다; 나아지다,CEFRJ_1_5
EN-A2-00634,A2,32,in,adverb,안에; 안으로,CEFRJ_1_5
EN-A2-00635,A2,32,inch,noun,인치,CEFRJ_1_5
EN-A2-00636,A2,32,include,verb,포함하다,CEFRJ_1_5
EN-A2-00637,A2,32,increase,verb,증가하다; 늘다,CEFRJ_1_5
EN-A2-00638,A2,32,indeed,adverb,정말로; 참으로,CEFRJ_1_5
EN-A2-00639,A2,32,independence,noun,독립; 자립,CEFRJ_1_5
EN-A2-00640,A2,32,indicate,verb,나타내다; 가리키다,CEFRJ_1_5
EN-A2-00641,A2,33,indoor,adjective,실내의,CEFRJ_1_5
EN-A2-00642,A2,33,inexpensive,adjective,저렴한; 비싸지 않은,CEFRJ_1_5
EN-A2-00643,A2,33,influence,noun,영향; 영향력,CEFRJ_1_5
EN-A2-00644,A2,33,injure,verb,다치게 하다; 상처를 입히다,CEFRJ_1_5
EN-A2-00645,A2,33,inner,adjective,안쪽의; 내면의,CEFRJ_1_5
EN-A2-00646,A2,33,insect,noun,곤충,CEFRJ_1_5
EN-A2-00647,A2,33,inside,adverb,안에; 내부에,CEFRJ_1_5
EN-A2-00648,A2,33,inspiration,noun,영감; 자극,CEFRJ_1_5
EN-A2-00649,A2,33,instant,adjective,즉각적인; 인스턴트의,CEFRJ_1_5
EN-A2-00650,A2,33,instead,adverb,대신에,CEFRJ_1_5
EN-A2-00651,A2,33,instrument,noun,악기; 도구,CEFRJ_1_5
EN-A2-00652,A2,33,intelligence,noun,지능; 지성,CEFRJ_1_5
EN-A2-00653,A2,33,intelligent,adjective,똑똑한; 총명한,CEFRJ_1_5
EN-A2-00654,A2,33,interest,noun,흥미; 관심; 이자,CEFRJ_1_5
EN-A2-00655,A2,33,international,adjective,국제의; 국제적인,CEFRJ_1_5
EN-A2-00656,A2,33,invade,verb,침입하다; 침략하다,CEFRJ_1_5
EN-A2-00657,A2,33,invent,verb,발명하다,CEFRJ_1_5
EN-A2-00658,A2,33,invention,noun,발명; 발명품,CEFRJ_1_5
EN-A2-00659,A2,33,invite,verb,초대하다,CEFRJ_1_5
EN-A2-00660,A2,33,issue,noun,주제; 쟁점; 발행물,CEFRJ_1_5
EN-A2-00661,A2,34,IT,noun,정보기술,CEFRJ_1_5
EN-A2-00662,A2,34,itself,pronoun,그 자신; 그것 자체,CEFRJ_1_5
EN-A2-00663,A2,34,jam,noun,잼; 혼잡,CEFRJ_1_5
EN-A2-00664,A2,34,jelly,noun,젤리,CEFRJ_1_5
EN-A2-00665,A2,34,joke,noun,농담,CEFRJ_1_5
EN-A2-00666,A2,34,journey,noun,여행; 여정,CEFRJ_1_5
EN-A2-00667,A2,34,joy,noun,기쁨; 즐거움,CEFRJ_1_5
EN-A2-00668,A2,34,junior,adjective,하급의; 부하의; 연소자의,CEFRJ_1_5
EN-A2-00669,A2,34,junk,noun,쓰레기; 쓸모없는 물건,CEFRJ_1_5
EN-A2-00670,A2,34,killer,noun,살인자; 킬러,CEFRJ_1_5
EN-A2-00671,A2,34,kilo,noun,킬로그램; 킬로미터,CEFRJ_1_5
EN-A2-00672,A2,34,kilogram/kilogramme,noun,킬로그램,CEFRJ_1_5
EN-A2-00673,A2,34,kilometer/kilometre,noun,킬로미터,CEFRJ_1_5
EN-A2-00674,A2,34,kind,adjective,친절한,CEFRJ_1_5
EN-A2-00675,A2,34,kindly,adjective,친절한; 다정한,CEFRJ_1_5
EN-A2-00676,A2,34,kingdom,noun,왕국,CEFRJ_1_5
EN-A2-00677,A2,34,kit,noun,조립 용품 세트; 도구 상자,CEFRJ_1_5
EN-A2-00678,A2,34,knock,noun,노크 소리; 두드림,CEFRJ_1_5
EN-A2-00679,A2,34,knowledge,noun,지식; 알고 있음,CEFRJ_1_5
EN-A2-00680,A2,34,labor/labour,noun,노동; 근로,CEFRJ_1_5
EN-A2-00681,A2,35,lack,noun,부족; 결핍,CEFRJ_1_5
EN-A2-00682,A2,35,lake,noun,호수,CEFRJ_1_5
EN-A2-00683,A2,35,lamp,noun,램프; 등,CEFRJ_1_5
EN-A2-00684,A2,35,land,verb,착륙하다; 내려앉다,CEFRJ_1_5
EN-A2-00685,A2,35,landscape,noun,풍경; 경치,CEFRJ_1_5
EN-A2-00686,A2,35,lane,noun,차선; 좁은 길,CEFRJ_1_5
EN-A2-00687,A2,35,last,determiner,지난; 마지막의 수량사,CEFRJ_1_5
EN-A2-00688,A2,35,last,pronoun,마지막 사람; 마지막 것,CEFRJ_1_5
EN-A2-00689,A2,35,latest,adjective,최신의; 가장 최근의,CEFRJ_1_5
EN-A2-00690,A2,35,latter,adverb,후자에; 최근에,CEFRJ_1_5
EN-A2-00691,A2,35,latter,pronoun,후자; 뒤의 것,CEFRJ_1_5
EN-A2-00692,A2,35,law,noun,법; 법률,CEFRJ_1_5
EN-A2-00693,A2,35,lawyer,noun,변호사,CEFRJ_1_5
EN-A2-00694,A2,35,laziness,noun,게으름; 나태,CEFRJ_1_5
EN-A2-00695,A2,35,lead,noun,선두; 우세; 납,CEFRJ_1_5
EN-A2-00696,A2,35,learner,noun,학습자; 배우는 사람,CEFRJ_1_5
EN-A2-00697,A2,35,least,determiner,가장 적은 수량사,CEFRJ_1_5
EN-A2-00698,A2,35,leather,noun,가죽,CEFRJ_1_5
EN-A2-00699,A2,35,left,adverb,왼쪽으로; 좌측에,CEFRJ_1_5
EN-A2-00700,A2,35,left,noun,왼쪽; 좌측,CEFRJ_1_5
EN-A2-00701,A2,36,left-hand,adjective,왼손잡이의; 왼쪽에 있는,CEFRJ_1_5
EN-A2-00702,A2,36,leisure,noun,여가; 자유 시간,CEFRJ_1_5
EN-A2-00703,A2,36,lemon,noun,레몬,CEFRJ_1_5
EN-A2-00704,A2,36,lemonade,noun,레모네이드,CEFRJ_1_5
EN-A2-00705,A2,36,lend,verb,빌려주다,CEFRJ_1_5
EN-A2-00706,A2,36,less,adverb,덜; 더 적게,CEFRJ_1_5
EN-A2-00707,A2,36,less,determiner,더 적은 수량사,CEFRJ_1_5
EN-A2-00708,A2,36,less,pronoun,더 적은 것,CEFRJ_1_5
EN-A2-00709,A2,36,level,noun,수준; 단계; 높이,CEFRJ_1_5
EN-A2-00710,A2,36,liberty,noun,자유,CEFRJ_1_5
EN-A2-00711,A2,36,license/licence,verb,허가하다; 면허를 주다,CEFRJ_1_5
EN-A2-00712,A2,36,lie,verb,눕다; 놓여 있다; 거짓말하다,CEFRJ_1_5
EN-A2-00713,A2,36,lifestyle,noun,생활 방식; 라이프스타일,CEFRJ_1_5
EN-A2-00714,A2,36,likely,adjective,~할 것 같은; 유망한,CEFRJ_1_5
EN-A2-00715,A2,36,lip,noun,입술,CEFRJ_1_5
EN-A2-00716,A2,36,liter/litre,noun,리터,CEFRJ_1_5
EN-A2-00717,A2,36,lively,adjective,활기찬; 생기 넘치는,CEFRJ_1_5
EN-A2-00718,A2,36,load,noun,짐; 화물,CEFRJ_1_5
EN-A2-00719,A2,36,local,adjective,지역의; 현지의,CEFRJ_1_5
EN-A2-00720,A2,36,lock,noun,자물쇠; 잠금장치,CEFRJ_1_5
EN-A2-00721,A2,37,logical,adjective,논리적인; 타당한,CEFRJ_1_5
EN-A2-00722,A2,37,long,adverb,오랫동안; 멀리,CEFRJ_1_5
EN-A2-00723,A2,37,loose,adjective,헐거운; 풀린,CEFRJ_1_5
EN-A2-00724,A2,37,lose,verb,잃다; 지다; 잃어버리다,CEFRJ_1_5
EN-A2-00725,A2,37,lost,adjective,길을 잃은; 분실된,CEFRJ_1_5
EN-A2-00726,A2,37,lot,noun,몫; 운명; 제비뽑기,CEFRJ_1_5
EN-A2-00727,A2,37,loudly,adverb,큰 소리로; 시끄럽게,CEFRJ_1_5
EN-A2-00728,A2,37,lover,noun,연인; 애호가,CEFRJ_1_5
EN-A2-00729,A2,37,low,adjective,낮은; 적은,CEFRJ_1_5
EN-A2-00730,A2,37,low,adverb,낮게; 아래에,CEFRJ_1_5
EN-A2-00731,A2,37,luckily,adverb,다행히도; 운 좋게도,CEFRJ_1_5
EN-A2-00732,A2,37,lunchtime,noun,점심시간,CEFRJ_1_5
EN-A2-00733,A2,37,lyric,adjective,서정적인; 노래하는,CEFRJ_1_5
EN-A2-00734,A2,37,mad,adjective,화가 난; 미친,CEFRJ_1_5
EN-A2-00735,A2,37,magic,adjective,마법의; 마술적인,CEFRJ_1_5
EN-A2-00736,A2,37,magic,noun,마술; 마법,CEFRJ_1_5
EN-A2-00737,A2,37,main course,noun,메인 요리; 주 요리,CEFRJ_1_5
EN-A2-00738,A2,37,mainly,adverb,주로; 대체로,CEFRJ_1_5
EN-A2-00739,A2,37,major,adjective,주요한; 중대한,CEFRJ_1_5
EN-A2-00740,A2,37,maker,noun,제조사; 만드는 사람,CEFRJ_1_5
EN-A2-00741,A2,38,make-up,noun,화장; 화장품,CEFRJ_1_5
EN-A2-00742,A2,38,male,noun,남성; 수컷,CEFRJ_1_5
EN-A2-00743,A2,38,mall,noun,쇼핑몰; 상가,CEFRJ_1_5
EN-A2-00744,A2,38,manage,verb,관리하다; 어떻게든 해내다,CEFRJ_1_5
EN-A2-00745,A2,38,manager,noun,매니저; 관리자; 경영자,CEFRJ_1_5
EN-A2-00746,A2,38,manner,noun,방식; 태도; 예의범절,CEFRJ_1_5
EN-A2-00747,A2,38,mark,noun,표시; 흔적; 점수,CEFRJ_1_5
EN-A2-00748,A2,38,mark,verb,표시하다; 채점하다,CEFRJ_1_5
EN-A2-00749,A2,38,market,noun,시장,CEFRJ_1_5
EN-A2-00750,A2,38,married,adjective,결혼한; 기혼의,CEFRJ_1_5
EN-A2-00751,A2,38,marry,verb,결혼하다,CEFRJ_1_5
EN-A2-00752,A2,38,marvelous/marvellous,adjective,놀라운; 훌륭한,CEFRJ_1_5
EN-A2-00753,A2,38,material,noun,재료; 물질; 자료,CEFRJ_1_5
EN-A2-00754,A2,38,matter,verb,중요하다; 문제가 되다,CEFRJ_1_5
EN-A2-00755,A2,38,max,noun,최대; 최고조,CEFRJ_1_5
EN-A2-00756,A2,38,mean,adjective,못된; 심술궂은,CEFRJ_1_5
EN-A2-00757,A2,38,meaning,noun,의미; 뜻,CEFRJ_1_5
EN-A2-00758,A2,38,medal,noun,메달; 훈장,CEFRJ_1_5
EN-A2-00759,A2,38,medical,adjective,의학의; 의료의,CEFRJ_1_5
EN-A2-00760,A2,38,melon,noun,멜론,CEFRJ_1_5
EN-A2-00761,A2,39,member,noun,회원; 일원,CEFRJ_1_5
EN-A2-00762,A2,39,mention,noun,언급; 거론,CEFRJ_1_5
EN-A2-00763,A2,39,menu,noun,메뉴; 식단표,CEFRJ_1_5
EN-A2-00764,A2,39,metal,noun,금속,CEFRJ_1_5
EN-A2-00765,A2,39,meter/metre,noun,미터,CEFRJ_1_5
EN-A2-00766,A2,39,method,noun,방법; 방법론,CEFRJ_1_5
EN-A2-00767,A2,39,midday,noun,정오; 한낮,CEFRJ_1_5
EN-A2-00768,A2,39,middle,noun,중앙; 중간,CEFRJ_1_5
EN-A2-00769,A2,39,midnight,noun,자정; 밤 12시,CEFRJ_1_5
EN-A2-00770,A2,39,might,modal auxiliary,추측이나 가능성을 나타내는 조동사; ~일지도 모른다,CEFRJ_1_5
EN-A2-00771,A2,39,military,adjective,군사의; 군대의,CEFRJ_1_5
EN-A2-00772,A2,39,million,number,100만,CEFRJ_1_5
EN-A2-00773,A2,39,mind,verb,꺼려하다; 상관하다; 신경 쓰다,CEFRJ_1_5
EN-A2-00774,A2,39,mineral water,noun,광천수; 생수,CEFRJ_1_5
EN-A2-00775,A2,39,mirror,noun,거울,CEFRJ_1_5
EN-A2-00776,A2,39,missing,adjective,없어진; 분실된,CEFRJ_1_5
EN-A2-00777,A2,39,mistake,noun,실수; 잘못,CEFRJ_1_5
EN-A2-00778,A2,39,mix,verb,섞다; 섞이다,CEFRJ_1_5
EN-A2-00779,A2,39,mobile,adjective,이동식의; 기동성 있는,CEFRJ_1_5
EN-A2-00780,A2,39,model,noun,모형; 모델,CEFRJ_1_5
EN-A2-00781,A2,40,modern,adjective,현대의; 근대의,CEFRJ_1_5
EN-A2-00782,A2,40,mood,noun,기분; 분위기,CEFRJ_1_5
EN-A2-00783,A2,40,mosque,noun,이슬람 사원; 모스크,CEFRJ_1_5
EN-A2-00784,A2,40,most,adverb,가장; 제일,CEFRJ_1_5
EN-A2-00785,A2,40,most,pronoun,대부분; 가장 많은 수,CEFRJ_1_5
EN-A2-00786,A2,40,mostly,adverb,대개; 주로,CEFRJ_1_5
EN-A2-00787,A2,40,motorway,noun,고속도로,CEFRJ_1_5
EN-A2-00788,A2,40,move,verb,움직이다; 이사하다,CEFRJ_1_5
EN-A2-00789,A2,40,MP3 player,noun,MP3 플레이어,CEFRJ_1_5
EN-A2-00790,A2,40,Ms./Ms,noun,여성 호칭; ~씨,CEFRJ_1_5
EN-A2-00791,A2,40,mug,noun,머그잔; 큰 잔,CEFRJ_1_5
EN-A2-00792,A2,40,murder,noun,살인; 살인 사건,CEFRJ_1_5
EN-A2-00793,A2,40,museum,noun,박물관; 미술관,CEFRJ_1_5
EN-A2-00794,A2,40,mushroom,noun,버섯,CEFRJ_1_5
EN-A2-00795,A2,40,musical,adjective,음악의; 음악적인,CEFRJ_1_5
EN-A2-00796,A2,40,myself,pronoun,나 자신; 나 스스로,CEFRJ_1_5
EN-A2-00797,A2,40,mysterious,adjective,신비로운; 불가사의한,CEFRJ_1_5
EN-A2-00798,A2,40,mystery,noun,수수께끼; 미스터리,CEFRJ_1_5
EN-A2-00799,A2,40,napkin,noun,냅킨; 식탁용 수건,CEFRJ_1_5
EN-A2-00800,A2,40,nation,noun,국가; 나라,CEFRJ_1_5
EN-A2-00801,A2,41,national,adjective,국가의; 국립의,CEFRJ_1_5
EN-A2-00802,A2,41,native,adjective,모국의; 토착의; 태어난 곳의,CEFRJ_1_5
EN-A2-00803,A2,41,natural,adjective,자연의; 자연스러운,CEFRJ_1_5
EN-A2-00804,A2,41,nature,noun,자연; 본성,CEFRJ_1_5
EN-A2-00805,A2,41,nearly,adverb,거의,CEFRJ_1_5
EN-A2-00806,A2,41,necessary,adjective,필요한; 필수의,CEFRJ_1_5
EN-A2-00807,A2,41,need,verb,필요하다; ~해야 하다,CEFRJ_1_5
EN-A2-00808,A2,41,negative,adjective,부정적인; 비관적인,CEFRJ_1_5
EN-A2-00809,A2,41,nervous,adjective,긴장한; 불안해하는,CEFRJ_1_5
EN-A2-00810,A2,41,net,adjective,순종의; 순이익의,CEFRJ_1_5
EN-A2-00811,A2,41,next,adverb,다음에; 그 뒤에,CEFRJ_1_5
EN-A2-00812,A2,41,next,determiner,다음의; 옆의,CEFRJ_1_5
EN-A2-00813,A2,41,next to,preposition,~옆에; ~의 바로 옆에,CEFRJ_1_5
EN-A2-00814,A2,41,no one,pronoun,아무도 ~않다,CEFRJ_1_5
EN-A2-00815,A2,41,nobody,pronoun,아무도 ~않다,CEFRJ_1_5
EN-A2-00816,A2,41,noisy,adjective,시끄러운; 떠들썩한,CEFRJ_1_5
EN-A2-00817,A2,41,noon,noun,정오; 낮 12시,CEFRJ_1_5
EN-A2-00818,A2,41,normal,adjective,보통의; 정상적인,CEFRJ_1_5
EN-A2-00819,A2,41,north,adjective,북쪽의; 북쪽에 있는,CEFRJ_1_5
EN-A2-00820,A2,41,north,adverb,북쪽으로; 북쪽에서,CEFRJ_1_5
EN-A2-00821,A2,42,north,noun,북쪽; 북부,CEFRJ_1_5
EN-A2-00822,A2,42,notice,noun,안내판; 공고; 주목,CEFRJ_1_5
EN-A2-00823,A2,42,noun,noun,명사,CEFRJ_1_5
EN-A2-00824,A2,42,novel,noun,소설,CEFRJ_1_5
EN-A2-00825,A2,42,nowadays,adverb,요즘에는; 오늘날에는,CEFRJ_1_5
EN-A2-00826,A2,42,oak,noun,떡갈나무; 오크,CEFRJ_1_5
EN-A2-00827,A2,42,occupation,noun,직업; 점령,CEFRJ_1_5
EN-A2-00828,A2,42,off,adverb,떨어져; 꺼져,CEFRJ_1_5
EN-A2-00829,A2,42,offer,noun,제안; 제의,CEFRJ_1_5
EN-A2-00830,A2,42,offer,verb,제안하다; 제공하다,CEFRJ_1_5
EN-A2-00831,A2,42,official,adjective,공식적인; 공무의,CEFRJ_1_5
EN-A2-00832,A2,42,oil,noun,기름; 석유,CEFRJ_1_5
EN-A2-00833,A2,42,olive oil,noun,올리브유,CEFRJ_1_5
EN-A2-00834,A2,42,Olympic,adjective,올림픽의,CEFRJ_1_5
EN-A2-00835,A2,42,omelet/omelette,noun,오믈렛,CEFRJ_1_5
EN-A2-00836,A2,42,on,adverb,계속해서; 켜져서,CEFRJ_1_5
EN-A2-00837,A2,42,one,pronoun,사람; 것; 하나,CEFRJ_1_5
EN-A2-00838,A2,42,onion,noun,양파,CEFRJ_1_5
EN-A2-00839,A2,42,online,adjective,온라인의; 인터넷 연결이 된,CEFRJ_1_5
EN-A2-00840,A2,42,online,adverb,온라인으로; 인터넷으로,CEFRJ_1_5
EN-A2-00841,A2,43,operate,verb,작동하다; 운영하다; 수술하다,CEFRJ_1_5
EN-A2-00842,A2,43,opinion,noun,의견; 생각,CEFRJ_1_5
EN-A2-00843,A2,43,opportunity,noun,기회,CEFRJ_1_5
EN-A2-00844,A2,43,oppose,verb,반대하다,CEFRJ_1_5
EN-A2-00845,A2,43,opposite,adjective,반대의; 맞은편의,CEFRJ_1_5
EN-A2-00846,A2,43,opposite,preposition,맞은편에; 건너편에,CEFRJ_1_5
EN-A2-00847,A2,43,order,verb,주문하다; 명령하다,CEFRJ_1_5
EN-A2-00848,A2,43,organize/organise,verb,준비하다; 조직하다; 정리하다,CEFRJ_1_5
EN-A2-00849,A2,43,organized/organised,adjective,체계적인; 정리된,CEFRJ_1_5
EN-A2-00850,A2,43,original,adjective,원래의; 독창적인,CEFRJ_1_5
EN-A2-00851,A2,43,orphan,noun,고아,CEFRJ_1_5
EN-A2-00852,A2,43,other,pronoun,다른 사람; 다른 것,CEFRJ_1_5
EN-A2-00853,A2,43,ourselves,pronoun,우리 자신; 우리 스스로,CEFRJ_1_5
EN-A2-00854,A2,43,out of,preposition,~의 밖으로; ~ 중에서; ~이 떨어져,CEFRJ_1_5
EN-A2-00855,A2,43,outside,preposition,~의 밖에; ~의 바깥쪽에,CEFRJ_1_5
EN-A2-00856,A2,43,oven,noun,오븐,CEFRJ_1_5
EN-A2-00857,A2,43,over,adverb,끝나서; 넘어져서; 건너편에,CEFRJ_1_5
EN-A2-00858,A2,43,overseas,adverb,해외로; 외국으로,CEFRJ_1_5
EN-A2-00859,A2,43,overweight,adjective,과체중의; 비만의,CEFRJ_1_5
EN-A2-00860,A2,43,own,pronoun,자신의 것,CEFRJ_1_5
EN-A2-00861,A2,44,pacific,adjective,태평양의; 평화로운,CEFRJ_1_5
EN-A2-00862,A2,44,pack,noun,묶음; 배낭; 무리,CEFRJ_1_5
EN-A2-00863,A2,44,pack,verb,짐을 싸다; 포장하다,CEFRJ_1_5
EN-A2-00864,A2,44,painter,noun,화가; 페인트공,CEFRJ_1_5
EN-A2-00865,A2,44,pal,noun,친구,CEFRJ_1_5
EN-A2-00866,A2,44,pan,noun,냄비; 팬,CEFRJ_1_5
EN-A2-00867,A2,44,panic,noun,공황; 극심한 공포,CEFRJ_1_5
EN-A2-00868,A2,44,park,verb,주차하다,CEFRJ_1_5
EN-A2-00869,A2,44,part,noun,부분; 부품; 역할,CEFRJ_1_5
EN-A2-00870,A2,44,partly,adverb,부분적으로; 어느 정도,CEFRJ_1_5
EN-A2-00871,A2,44,pass,noun,통행증; 합격; 패스,CEFRJ_1_5
EN-A2-00872,A2,44,pass,verb,통과하다; 지나가다; 건네주다,CEFRJ_1_5
EN-A2-00873,A2,44,passage,noun,통로; 복도; 구절,CEFRJ_1_5
EN-A2-00874,A2,44,passenger,noun,승객; 여객,CEFRJ_1_5
EN-A2-00875,A2,44,pasta,noun,파스타,CEFRJ_1_5
EN-A2-00876,A2,44,path,noun,길; 경로; 방향,CEFRJ_1_5
EN-A2-00877,A2,44,patient,noun,환자,CEFRJ_1_5
EN-A2-00878,A2,44,PC,noun,개인용 컴퓨터; 피시,CEFRJ_1_5
EN-A2-00879,A2,44,pea,noun,완두콩,CEFRJ_1_5
EN-A2-00880,A2,44,peaceful,adjective,평화로운; 조용한,CEFRJ_1_5
EN-A2-00881,A2,45,pear,noun,배,CEFRJ_1_5
EN-A2-00882,A2,45,pence,noun,펜스,CEFRJ_1_5
EN-A2-00883,A2,45,penfriend/pen friend,noun,펜팔 친구,CEFRJ_1_5
EN-A2-00884,A2,45,pepper,noun,후추; 피망,CEFRJ_1_5
EN-A2-00885,A2,45,perfect,adjective,완벽한; 온전한,CEFRJ_1_5
EN-A2-00886,A2,45,perfectly,adverb,완벽하게; 완전히,CEFRJ_1_5
EN-A2-00887,A2,45,perform,verb,공연하다; 수행하다,CEFRJ_1_5
EN-A2-00888,A2,45,performance,noun,공연; 실적; 성과,CEFRJ_1_5
EN-A2-00889,A2,45,perfume,noun,향수,CEFRJ_1_5
EN-A2-00890,A2,45,perhaps,adverb,어쩌면; 아마도,CEFRJ_1_5
EN-A2-00891,A2,45,permission,noun,허락; 허가,CEFRJ_1_5
EN-A2-00892,A2,45,personality,noun,성격; 개성; 인격,CEFRJ_1_5
EN-A2-00893,A2,45,petrol,noun,휘발유,CEFRJ_1_5
EN-A2-00894,A2,45,petrol station,noun,주유소,CEFRJ_1_5
EN-A2-00895,A2,45,photograph,noun,사진,CEFRJ_1_5
EN-A2-00896,A2,45,photographer,noun,사진작가; 사진사,CEFRJ_1_5
EN-A2-00897,A2,45,photography,noun,사진 촬영; 사진술,CEFRJ_1_5
EN-A2-00898,A2,45,physical,adjective,육체의; 신체의; 물질적인,CEFRJ_1_5
EN-A2-00899,A2,45,physically,adverb,신체적으로; 물리적으로,CEFRJ_1_5
EN-A2-00900,A2,45,pile,noun,더미; 쌓아 놓은 것,CEFRJ_1_5
EN-A2-00901,A2,46,pilgrim,noun,순례자,CEFRJ_1_5
EN-A2-00902,A2,46,pill,noun,알약,CEFRJ_1_5
EN-A2-00903,A2,46,pilot,noun,조종사; 비행사,CEFRJ_1_5
EN-A2-00904,A2,46,pink,noun,분홍색,CEFRJ_1_5
EN-A2-00905,A2,46,pity,noun,동정; 유감스러운 일,CEFRJ_1_5
EN-A2-00906,A2,46,planet,noun,행성,CEFRJ_1_5
EN-A2-00907,A2,46,plant,noun,식물; 공장,CEFRJ_1_5
EN-A2-00908,A2,46,plastic,adjective,플라스틱으로 된; 비닐로 된,CEFRJ_1_5
EN-A2-00909,A2,46,plate,noun,접시; 판,CEFRJ_1_5
EN-A2-00910,A2,46,playful,adjective,장난치는; 놀기 좋아하는,CEFRJ_1_5
EN-A2-00911,A2,46,playground,noun,놀이터,CEFRJ_1_5
EN-A2-00912,A2,46,pleasant,adjective,즐거운; 기분 좋은,CEFRJ_1_5
EN-A2-00913,A2,46,pleased,adjective,기쁜; 만족해하는,CEFRJ_1_5
EN-A2-00914,A2,46,pleasing,adjective,기분 좋은; 만족스러운,CEFRJ_1_5
EN-A2-00915,A2,46,plenty,noun,풍부함; 많음,CEFRJ_1_5
EN-A2-00916,A2,46,plural,noun,복수형,CEFRJ_1_5
EN-A2-00917,A2,46,plus,preposition,~에 더하여; ~외에도,CEFRJ_1_5
EN-A2-00918,A2,46,point,verb,가리키다; 향하다,CEFRJ_1_5
EN-A2-00919,A2,46,police,noun,경찰,CEFRJ_1_5
EN-A2-00920,A2,46,police officer,noun,경찰관,CEFRJ_1_5
EN-A2-00921,A2,47,police station,noun,경찰서,CEFRJ_1_5
EN-A2-00922,A2,47,policeman,noun,남자 경찰관,CEFRJ_1_5
EN-A2-00923,A2,47,policewoman,noun,여자 경찰관,CEFRJ_1_5
EN-A2-00924,A2,47,polite,adjective,공손한; 예의 바른,CEFRJ_1_5
EN-A2-00925,A2,47,political,adjective,정치적인; 정당의,CEFRJ_1_5
EN-A2-00926,A2,47,pollute,verb,오염시키다,CEFRJ_1_5
EN-A2-00927,A2,47,popular,adjective,인기 있는; 대중적인,CEFRJ_1_5
EN-A2-00928,A2,47,population,noun,인구; 주민,CEFRJ_1_5
EN-A2-00929,A2,47,portrait,noun,초상화; 인물 사진,CEFRJ_1_5
EN-A2-00930,A2,47,position,noun,위치; 제자리; 입장,CEFRJ_1_5
EN-A2-00931,A2,47,possible,adjective,가능한,CEFRJ_1_5
EN-A2-00932,A2,47,possibly,adverb,아마도; 어쩌면,CEFRJ_1_5
EN-A2-00933,A2,47,post,verb,우송하다; 게시하다,CEFRJ_1_5
EN-A2-00934,A2,47,post office,noun,우체국,CEFRJ_1_5
EN-A2-00935,A2,47,pour,verb,붓다; 따르다; 퍼붓다,CEFRJ_1_5
EN-A2-00936,A2,47,power,noun,힘; 권력; 전력,CEFRJ_1_5
EN-A2-00937,A2,47,powerful,adjective,강력한; 힘센,CEFRJ_1_5
EN-A2-00938,A2,47,precise,adjective,정확한; 정밀한,CEFRJ_1_5
EN-A2-00939,A2,47,predict,verb,예측하다; 예견하다,CEFRJ_1_5
EN-A2-00940,A2,47,prediction,noun,예측; 예보,CEFRJ_1_5
EN-A2-00941,A2,48,prefer,verb,선호하다; 더 좋아하다,CEFRJ_1_5
EN-A2-00942,A2,48,prepare,verb,준비하다,CEFRJ_1_5
EN-A2-00943,A2,48,pressure,noun,압력; 압박,CEFRJ_1_5
EN-A2-00944,A2,48,pretend,verb,인 척하다; 가장하다,CEFRJ_1_5
EN-A2-00945,A2,48,pretty,adverb,꽤; 상당히,CEFRJ_1_5
EN-A2-00946,A2,48,prevent,verb,예방하다; 막다,CEFRJ_1_5
EN-A2-00947,A2,48,pride,noun,자부심; 긍지,CEFRJ_1_5
EN-A2-00948,A2,48,principal,adjective,주요한; 주된,CEFRJ_1_5
EN-A2-00949,A2,48,print,verb,인쇄하다,CEFRJ_1_5
EN-A2-00950,A2,48,printer,noun,프린터; 인쇄기,CEFRJ_1_5
EN-A2-00951,A2,48,private,adjective,사적인; 개인의,CEFRJ_1_5
EN-A2-00952,A2,48,pro,noun,전문가; 프로,CEFRJ_1_5
EN-A2-00953,A2,48,probably,adverb,아마; 십중팔구,CEFRJ_1_5
EN-A2-00954,A2,48,produce,verb,생산하다; 제작하다,CEFRJ_1_5
EN-A2-00955,A2,48,product,noun,제품; 생산품,CEFRJ_1_5
EN-A2-00956,A2,48,production,noun,생산; 제작,CEFRJ_1_5
EN-A2-00957,A2,48,professional,adjective,전문적인; 직업의,CEFRJ_1_5
EN-A2-00958,A2,48,progressive,adjective,진보적인; 점진적인,CEFRJ_1_5
EN-A2-00959,A2,48,promise,noun,약속; 전망,CEFRJ_1_5
EN-A2-00960,A2,48,pronounce,verb,발음하다,CEFRJ_1_5
EN-A2-00961,A2,49,pronunciation,noun,발음,CEFRJ_1_5
EN-A2-00962,A2,49,proper,adjective,적절한; 알맞은,CEFRJ_1_5
EN-A2-00963,A2,49,provide,verb,제공하다; 공급하다,CEFRJ_1_5
EN-A2-00964,A2,49,psychologist,noun,심리학자,CEFRJ_1_5
EN-A2-00965,A2,49,public,noun,대중; 일반인,CEFRJ_1_5
EN-A2-00966,A2,49,publish,verb,출판하다; 발표하다,CEFRJ_1_5
EN-A2-00967,A2,49,pull,verb,당기다; 끌다,CEFRJ_1_5
EN-A2-00968,A2,49,punctuation,noun,구두점; 문장 부호,CEFRJ_1_5
EN-A2-00969,A2,49,purple,adjective,보라색의,CEFRJ_1_5
EN-A2-00970,A2,49,purpose,noun,목적; 의도,CEFRJ_1_5
EN-A2-00971,A2,49,pursue,verb,추구하다; 뒤쫓다,CEFRJ_1_5
EN-A2-00972,A2,49,quality,noun,품질; 특성,CEFRJ_1_5
EN-A2-00973,A2,49,queen,noun,여왕,CEFRJ_1_5
EN-A2-00974,A2,49,quick,adjective,빠른; 신속한,CEFRJ_1_5
EN-A2-00975,A2,49,quietly,adverb,조용히,CEFRJ_1_5
EN-A2-00976,A2,49,quit,verb,그만두다; 떠나다,CEFRJ_1_5
EN-A2-00977,A2,49,quite,adverb,꽤; 상당히,CEFRJ_1_5
EN-A2-00978,A2,49,quiz,noun,퀴즈; 간단한 시험,CEFRJ_1_5
EN-A2-00979,A2,49,racket,noun,라켓,CEFRJ_1_5
EN-A2-00980,A2,49,raincoat,noun,비옷; 레인코트,CEFRJ_1_5
EN-A2-00981,A2,50,raise,verb,올리다; 기르다,CEFRJ_1_5
EN-A2-00982,A2,50,range,noun,범위; 산맥,CEFRJ_1_5
EN-A2-00983,A2,50,rap,noun,랩; 톡톡 두드리기,CEFRJ_1_5
EN-A2-00984,A2,50,rate,noun,비율; 요금,CEFRJ_1_5
EN-A2-00985,A2,50,rather,adverb,오히려; 꽤,CEFRJ_1_5
EN-A2-00986,A2,50,rating,noun,평가; 등급,CEFRJ_1_5
EN-A2-00987,A2,50,raw,adjective,날것의; 가공하지 않은,CEFRJ_1_5
EN-A2-00988,A2,50,ray,noun,광선; 빛줄기,CEFRJ_1_5
EN-A2-00989,A2,50,reach,verb,도달하다; 연락하다,CEFRJ_1_5
EN-A2-00990,A2,50,realize/realise,verb,깨닫다; 실현하다,CEFRJ_1_5
EN-A2-00991,A2,50,receipt,noun,영수증; 수령,CEFRJ_1_5
EN-A2-00992,A2,50,receive,verb,받다; 수령하다,CEFRJ_1_5
EN-A2-00993,A2,50,recent,adjective,최근의,CEFRJ_1_5
EN-A2-00994,A2,50,recently,adverb,최근에,CEFRJ_1_5
EN-A2-00995,A2,50,receptionist,noun,접수원; 안내원,CEFRJ_1_5
EN-A2-00996,A2,50,record,verb,기록하다; 녹음하다,CEFRJ_1_5
EN-A2-00997,A2,50,recycle,verb,재활용하다,CEFRJ_1_5
EN-A2-00998,A2,50,red,noun,빨간색,CEFRJ_1_5
EN-A2-00999,A2,50,refer,verb,언급하다; 참조하다,CEFRJ_1_5
EN-A2-01000,A2,50,reflect,verb,반사하다; 반영하다,CEFRJ_1_5
EN-A2-01001,A2,51,refrigerator,noun,냉장고,CEFRJ_1_5
EN-A2-01002,A2,51,regret,verb,후회하다; 아쉬워하다,CEFRJ_1_5
EN-A2-01003,A2,51,regular,adjective,규칙적인; 정기적인,CEFRJ_1_5
EN-A2-01004,A2,51,regularly,adverb,규칙적으로; 정기적으로,CEFRJ_1_5
EN-A2-01005,A2,51,relax,verb,휴식을 취하다; 긴장을 풀다,CEFRJ_1_5
EN-A2-01006,A2,51,relaxed,adjective,긴장이 풀린; 편안한,CEFRJ_1_5
EN-A2-01007,A2,51,release,noun,출시; 석방; 해방,CEFRJ_1_5
EN-A2-01008,A2,51,remain,verb,남다; 여전히 ~이다,CEFRJ_1_5
EN-A2-01009,A2,51,remind,verb,상기시키다; 생각나게 하다,CEFRJ_1_5
EN-A2-01010,A2,51,remote,adjective,먼; 외딴,CEFRJ_1_5
EN-A2-01011,A2,51,rent,noun,집세; 임대료,CEFRJ_1_5
EN-A2-01012,A2,51,rent,verb,임대하다; 빌리다,CEFRJ_1_5
EN-A2-01013,A2,51,repair,noun,수리; 보수,CEFRJ_1_5
EN-A2-01014,A2,51,repair,verb,수리하다; 고치다,CEFRJ_1_5
EN-A2-01015,A2,51,replace,verb,대체하다; 교체하다,CEFRJ_1_5
EN-A2-01016,A2,51,reply,noun,대답; 회신,CEFRJ_1_5
EN-A2-01017,A2,51,report,noun,보고서; 보도,CEFRJ_1_5
EN-A2-01018,A2,51,represent,verb,대표하다; 나타내다,CEFRJ_1_5
EN-A2-01019,A2,51,request,noun,요청; 신청,CEFRJ_1_5
EN-A2-01020,A2,51,research,noun,연구; 조사,CEFRJ_1_5
EN-A2-01021,A2,52,response,noun,반응; 응답,CEFRJ_1_5
EN-A2-01022,A2,52,retire,verb,은퇴하다,CEFRJ_1_5
EN-A2-01023,A2,52,retired,adjective,은퇴한,CEFRJ_1_5
EN-A2-01024,A2,52,return,noun,귀환; 반환,CEFRJ_1_5
EN-A2-01025,A2,52,return,verb,돌아가다; 반납하다,CEFRJ_1_5
EN-A2-01026,A2,52,reunion,noun,재회; 동창회,CEFRJ_1_5
EN-A2-01027,A2,52,reveal,verb,드러내다; 밝히다,CEFRJ_1_5
EN-A2-01028,A2,52,rhythm,noun,리듬; 운율,CEFRJ_1_5
EN-A2-01029,A2,52,right,noun,권리; 오른쪽,CEFRJ_1_5
EN-A2-01030,A2,52,right-hand,adjective,오른쪽의,CEFRJ_1_5
EN-A2-01031,A2,52,ring,noun,반지; 고리,CEFRJ_1_5
EN-A2-01032,A2,52,road,noun,도로; 길,CEFRJ_1_5
EN-A2-01033,A2,52,roast,verb,굽다; 볶다,CEFRJ_1_5
EN-A2-01034,A2,52,rob,verb,강탈하다; 도둑질하다,CEFRJ_1_5
EN-A2-01035,A2,52,robbery,noun,강도; 도둑질,CEFRJ_1_5
EN-A2-01036,A2,52,robin,noun,울새,CEFRJ_1_5
EN-A2-01037,A2,52,rock,noun,바위; 돌,CEFRJ_1_5
EN-A2-01038,A2,52,roll,noun,두루마리; 회전,CEFRJ_1_5
EN-A2-01039,A2,52,romance,noun,연애; 로맨스,CEFRJ_1_5
EN-A2-01040,A2,52,romantic,adjective,낭만적인,CEFRJ_1_5
EN-A2-01041,A2,53,roof,noun,지붕,CEFRJ_1_5
EN-A2-01042,A2,53,root,noun,뿌리; 근원,CEFRJ_1_5
EN-A2-01043,A2,53,rope,noun,밧줄,CEFRJ_1_5
EN-A2-01044,A2,53,roughly,adverb,대략; 거칠게,CEFRJ_1_5
EN-A2-01045,A2,53,round,adverb,빙 둘러서; 사방에,CEFRJ_1_5
EN-A2-01046,A2,53,roundabout,noun,회전 교차로,CEFRJ_1_5
EN-A2-01047,A2,53,royal,adjective,왕실의; 왕의,CEFRJ_1_5
EN-A2-01048,A2,53,rugby,noun,럭비,CEFRJ_1_5
EN-A2-01049,A2,53,ruin,verb,망치다; 파멸시키다,CEFRJ_1_5
EN-A2-01050,A2,53,rumor/rumour,noun,소문,CEFRJ_1_5
EN-A2-01051,A2,53,runner,noun,달리는 사람; 주자,CEFRJ_1_5
EN-A2-01052,A2,53,running,noun,달리기; 운영,CEFRJ_1_5
EN-A2-01053,A2,53,rush,noun,돌진; 혼잡,CEFRJ_1_5
EN-A2-01054,A2,53,sadly,adverb,슬프게도; 안타깝게도,CEFRJ_1_5
EN-A2-01055,A2,53,safe,adjective,안전한,CEFRJ_1_5
EN-A2-01056,A2,53,sailing,noun,항해; 요트 타기,CEFRJ_1_5
EN-A2-01057,A2,53,sake,noun,위함; 목적,CEFRJ_1_5
EN-A2-01058,A2,53,salt,noun,소금,CEFRJ_1_5
EN-A2-01059,A2,53,sample,noun,표본; 샘플,CEFRJ_1_5
EN-A2-01060,A2,53,sandy,adjective,모래가 많은,CEFRJ_1_5
EN-A2-01061,A2,54,satisfy,verb,만족시키다,CEFRJ_1_5
EN-A2-01062,A2,54,sauce,noun,소스,CEFRJ_1_5
EN-A2-01063,A2,54,sausage,noun,소시지,CEFRJ_1_5
EN-A2-01064,A2,54,scale,noun,저울; 규모,CEFRJ_1_5
EN-A2-01065,A2,54,scarf,noun,스카프; 목도리,CEFRJ_1_5
EN-A2-01066,A2,54,scene,noun,장면; 현장,CEFRJ_1_5
EN-A2-01067,A2,54,scenery,noun,경치; 풍경,CEFRJ_1_5
EN-A2-01068,A2,54,schedule,noun,일정; 스케줄,CEFRJ_1_5
EN-A2-01069,A2,54,schoolchild,noun,학생,CEFRJ_1_5
EN-A2-01070,A2,54,schoolwork,noun,학교 공부; 숙제,CEFRJ_1_5
EN-A2-01071,A2,54,scientific,adjective,과학적인,CEFRJ_1_5
EN-A2-01072,A2,54,scissors,noun,가위,CEFRJ_1_5
EN-A2-01073,A2,54,scream,noun,비명,CEFRJ_1_5
EN-A2-01074,A2,54,screen,noun,화면; 스크린,CEFRJ_1_5
EN-A2-01075,A2,54,screw,noun,나사,CEFRJ_1_5
EN-A2-01076,A2,54,script,noun,대본; 스크립트,CEFRJ_1_5
EN-A2-01077,A2,54,seafood,noun,해산물,CEFRJ_1_5
EN-A2-01078,A2,54,search,noun,수색; 검색,CEFRJ_1_5
EN-A2-01079,A2,54,seaside,noun,해변가,CEFRJ_1_5
EN-A2-01080,A2,54,second,noun,초; 두 번째,CEFRJ_1_5
EN-A2-01081,A2,55,second,pronoun,두 번째 것,CEFRJ_1_5
EN-A2-01082,A2,55,secret,noun,비밀,CEFRJ_1_5
EN-A2-01083,A2,55,secretary,noun,비서,CEFRJ_1_5
EN-A2-01084,A2,55,seed,noun,씨앗,CEFRJ_1_5
EN-A2-01085,A2,55,seek,verb,찾다; 추구하다,CEFRJ_1_5
EN-A2-01086,A2,55,seem,verb,~처럼 보이다,CEFRJ_1_5
EN-A2-01087,A2,55,semester,noun,학기,CEFRJ_1_5
EN-A2-01088,A2,55,send,verb,보내다,CEFRJ_1_5
EN-A2-01089,A2,55,senior,adjective,상급의; 선배의,CEFRJ_1_5
EN-A2-01090,A2,55,senior,noun,선배; 고학년,CEFRJ_1_5
EN-A2-01091,A2,55,sense,noun,감각; 의미; 이성,CEFRJ_1_5
EN-A2-01092,A2,55,separate,adjective,분리된; 별개의,CEFRJ_1_5
EN-A2-01093,A2,55,seriously,adverb,진지하게; 심각하게,CEFRJ_1_5
EN-A2-01094,A2,55,serve,verb,제공하다; 봉사하다,CEFRJ_1_5
EN-A2-01095,A2,55,set,noun,세트; 한 벌,CEFRJ_1_5
EN-A2-01096,A2,55,several,determiner,몇몇의,CEFRJ_1_5
EN-A2-01097,A2,55,several,pronoun,몇몇,CEFRJ_1_5
EN-A2-01098,A2,55,sew,verb,바느질하다,CEFRJ_1_5
EN-A2-01099,A2,55,shade,noun,그늘; 색조,CEFRJ_1_5
EN-A2-01100,A2,55,shadow,noun,그림자,CEFRJ_1_5
EN-A2-01101,A2,56,shall,modal auxiliary,~할 것이다; ~할까요(제안),CEFRJ_1_5
EN-A2-01102,A2,56,shampoo,noun,샴푸,CEFRJ_1_5
EN-A2-01103,A2,56,shape,noun,모양; 형태,CEFRJ_1_5
EN-A2-01104,A2,56,share,noun,몫; 공유,CEFRJ_1_5
EN-A2-01105,A2,56,shell,noun,껍데기; 조개,CEFRJ_1_5
EN-A2-01106,A2,56,shine,verb,빛나다,CEFRJ_1_5
EN-A2-01107,A2,56,shock,noun,충격,CEFRJ_1_5
EN-A2-01108,A2,56,shoot,verb,쏘다; 촬영하다,CEFRJ_1_5
EN-A2-01109,A2,56,shop assistant,noun,점원,CEFRJ_1_5
EN-A2-01110,A2,56,shore,noun,해안; 물가,CEFRJ_1_5
EN-A2-01111,A2,56,short/shorts,noun,반바지,CEFRJ_1_5
EN-A2-01112,A2,56,shot,noun,발사; 시도; 사진,CEFRJ_1_5
EN-A2-01113,A2,56,shout,noun,외침; 고함,CEFRJ_1_5
EN-A2-01114,A2,56,show,noun,쇼; 구경거리,CEFRJ_1_5
EN-A2-01115,A2,56,shut,verb,닫다,CEFRJ_1_5
EN-A2-01116,A2,56,sightseeing,noun,관광,CEFRJ_1_5
EN-A2-01117,A2,56,significant,adjective,상당한; 중요한,CEFRJ_1_5
EN-A2-01118,A2,56,silence,noun,침묵; 정적,CEFRJ_1_5
EN-A2-01119,A2,56,silently,adverb,조용히,CEFRJ_1_5
EN-A2-01120,A2,56,silly,adjective,어리석은,CEFRJ_1_5
EN-A2-01121,A2,57,silver,adjective,은색의,CEFRJ_1_5
EN-A2-01122,A2,57,silver,noun,은; 은색,CEFRJ_1_5
EN-A2-01123,A2,57,similar,adjective,비슷한,CEFRJ_1_5
EN-A2-01124,A2,57,simple,adjective,간단한; 단순한,CEFRJ_1_5
EN-A2-01125,A2,57,simply,adverb,단순히; 그저,CEFRJ_1_5
EN-A2-01126,A2,57,since,preposition,~이래로; ~때문에,CEFRJ_1_5
EN-A2-01127,A2,57,singing,noun,노래하기,CEFRJ_1_5
EN-A2-01128,A2,57,single,adjective,단일의; 독신의,CEFRJ_1_5
EN-A2-01129,A2,57,singular,adjective,단수의,CEFRJ_1_5
EN-A2-01130,A2,57,singular,noun,단수,CEFRJ_1_5
EN-A2-01131,A2,57,sink,noun,싱크대; 세면대,CEFRJ_1_5
EN-A2-01132,A2,57,sitting room,noun,거실,CEFRJ_1_5
EN-A2-01133,A2,57,situation,noun,상황; 처지,CEFRJ_1_5
EN-A2-01134,A2,57,skate,noun,스케이트,CEFRJ_1_5
EN-A2-01135,A2,57,skateboarding,noun,스케이트보드 타기,CEFRJ_1_5
EN-A2-01136,A2,57,skating,noun,스케이트 타기,CEFRJ_1_5
EN-A2-01137,A2,57,ski,noun,스키,CEFRJ_1_5
EN-A2-01138,A2,57,skiing,noun,스키 타기,CEFRJ_1_5
EN-A2-01139,A2,57,slave,noun,노예,CEFRJ_1_5
EN-A2-01140,A2,57,sleepless,adjective,잠 못 이루는,CEFRJ_1_5
EN-A2-01141,A2,58,sleepy,adjective,졸린,CEFRJ_1_5
EN-A2-01142,A2,58,slice,noun,얇은 조각,CEFRJ_1_5
EN-A2-01143,A2,58,slide,noun,미끄럼틀,CEFRJ_1_5
EN-A2-01144,A2,58,slim,adjective,날씬한,CEFRJ_1_5
EN-A2-01145,A2,58,slowly,adverb,천천히,CEFRJ_1_5
EN-A2-01146,A2,58,smoke,verb,담배를 피우다,CEFRJ_1_5
EN-A2-01147,A2,58,smooth,adjective,매끄러운,CEFRJ_1_5
EN-A2-01148,A2,58,smoothly,adverb,매끄럽게,CEFRJ_1_5
EN-A2-01149,A2,58,snack,noun,간식,CEFRJ_1_5
EN-A2-01150,A2,58,snow,verb,눈이 오다,CEFRJ_1_5
EN-A2-01151,A2,58,snowboarding,noun,스노보드 타기,CEFRJ_1_5
EN-A2-01152,A2,58,so,adverb,매우; 그래서,CEFRJ_1_5
EN-A2-01153,A2,58,soap,noun,비누,CEFRJ_1_5
EN-A2-01154,A2,58,society,noun,사회,CEFRJ_1_5
EN-A2-01155,A2,58,sock,noun,양말,CEFRJ_1_5
EN-A2-01156,A2,58,soda,noun,탄산음료,CEFRJ_1_5
EN-A2-01157,A2,58,soft,adjective,부드러운,CEFRJ_1_5
EN-A2-01158,A2,58,soft drink,noun,청량음료,CEFRJ_1_5
EN-A2-01159,A2,58,softly,adverb,부드럽게,CEFRJ_1_5
EN-A2-01160,A2,58,software,noun,소프트웨어,CEFRJ_1_5
EN-A2-01161,A2,59,soldier,noun,군인,CEFRJ_1_5
EN-A2-01162,A2,59,solution,noun,해결책,CEFRJ_1_5
EN-A2-01163,A2,59,somebody,pronoun,누군가,CEFRJ_1_5
EN-A2-01164,A2,59,someday,adverb,언젠가,CEFRJ_1_5
EN-A2-01165,A2,59,somewhere,adverb,어딘가에,CEFRJ_1_5
EN-A2-01166,A2,59,sound,noun,소리,CEFRJ_1_5
EN-A2-01167,A2,59,sound,verb,소리가 나다; ~하게 들리다,CEFRJ_1_5
EN-A2-01168,A2,59,source,noun,출처; 근원,CEFRJ_1_5
EN-A2-01169,A2,59,south,adjective,남쪽의,CEFRJ_1_5
EN-A2-01170,A2,59,south,adverb,남쪽으로,CEFRJ_1_5
EN-A2-01171,A2,59,south,noun,남쪽,CEFRJ_1_5
EN-A2-01172,A2,59,space,noun,공간; 우주,CEFRJ_1_5
EN-A2-01173,A2,59,spaceship,noun,우주선,CEFRJ_1_5
EN-A2-01174,A2,59,spaghetti,noun,스파게티,CEFRJ_1_5
EN-A2-01175,A2,59,speaker,noun,연설자; 스피커,CEFRJ_1_5
EN-A2-01176,A2,59,specific,adjective,구체적인; 특정한,CEFRJ_1_5
EN-A2-01177,A2,59,speed,noun,속도,CEFRJ_1_5
EN-A2-01178,A2,59,spell,verb,철자를 쓰다,CEFRJ_1_5
EN-A2-01179,A2,59,spill,verb,쏟다,CEFRJ_1_5
EN-A2-01180,A2,59,splash,verb,물을 튀기다,CEFRJ_1_5
EN-A2-01181,A2,60,split,adjective,갈라진,CEFRJ_1_5
EN-A2-01182,A2,60,spoon,noun,숟가락,CEFRJ_1_5
EN-A2-01183,A2,60,sports center/sports centre,noun,스포츠 센터,CEFRJ_1_5
EN-A2-01184,A2,60,spread,noun,확산; 스프레드,CEFRJ_1_5
EN-A2-01185,A2,60,square,adjective,정사각형의,CEFRJ_1_5
EN-A2-01186,A2,60,square,noun,정사각형; 광장,CEFRJ_1_5
EN-A2-01187,A2,60,stadium,noun,경기장,CEFRJ_1_5
EN-A2-01188,A2,60,staff,noun,직원,CEFRJ_1_5
EN-A2-01189,A2,60,stair,noun,계단,CEFRJ_1_5
EN-A2-01190,A2,60,stamp,noun,우표,CEFRJ_1_5
EN-A2-01191,A2,60,stand,verb,서 있다,CEFRJ_1_5
EN-A2-01192,A2,60,state,noun,상태; 국가,CEFRJ_1_5
EN-A2-01193,A2,60,statement,noun,진술; 성명,CEFRJ_1_5
EN-A2-01194,A2,60,statue,noun,조각상,CEFRJ_1_5
EN-A2-01195,A2,60,steak,noun,스테이크,CEFRJ_1_5
EN-A2-01196,A2,60,steal,verb,훔치다,CEFRJ_1_5
EN-A2-01197,A2,60,step,noun,걸음; 단계,CEFRJ_1_5
EN-A2-01198,A2,60,still,adverb,여전히,CEFRJ_1_5
EN-A2-01199,A2,60,stomach,noun,위,CEFRJ_1_5
EN-A2-01200,A2,60,stomachache,noun,복통,CEFRJ_1_5
EN-A2-01201,A2,61,storm,noun,폭풍,CEFRJ_1_5
EN-A2-01202,A2,61,stove,noun,난로; 가스레인지,CEFRJ_1_5
EN-A2-01203,A2,61,straight,adjective,똑바른,CEFRJ_1_5
EN-A2-01204,A2,61,stranger,noun,낯선 사람,CEFRJ_1_5
EN-A2-01205,A2,61,strategy,noun,전략,CEFRJ_1_5
EN-A2-01206,A2,61,strength,noun,힘,CEFRJ_1_5
EN-A2-01207,A2,61,strike,noun,파업; 타격,CEFRJ_1_5
EN-A2-01208,A2,61,string,noun,끈,CEFRJ_1_5
EN-A2-01209,A2,61,strongly,adverb,강하게,CEFRJ_1_5
EN-A2-01210,A2,61,structure,noun,구조,CEFRJ_1_5
EN-A2-01211,A2,61,study,noun,연구; 공부,CEFRJ_1_5
EN-A2-01212,A2,61,stuff,noun,것; 물건,CEFRJ_1_5
EN-A2-01213,A2,61,style,noun,방식; 스타일,CEFRJ_1_5
EN-A2-01214,A2,61,succeed,verb,성공하다,CEFRJ_1_5
EN-A2-01215,A2,61,success,noun,성공,CEFRJ_1_5
EN-A2-01216,A2,61,successfully,adverb,성공적으로,CEFRJ_1_5
EN-A2-01217,A2,61,such,determiner,그러한,CEFRJ_1_5
EN-A2-01218,A2,61,such,pronoun,그러한 것,CEFRJ_1_5
EN-A2-01219,A2,61,sudden,adjective,갑작스러운,CEFRJ_1_5
EN-A2-01220,A2,61,suggest,verb,제안하다,CEFRJ_1_5
EN-A2-01221,A2,62,suit,noun,정장,CEFRJ_1_5
EN-A2-01222,A2,62,suit,verb,어울리다,CEFRJ_1_5
EN-A2-01223,A2,62,suitable,adjective,적절한,CEFRJ_1_5
EN-A2-01224,A2,62,suitcase,noun,여행 가방,CEFRJ_1_5
EN-A2-01225,A2,62,summary,noun,요약,CEFRJ_1_5
EN-A2-01226,A2,62,sunflower,noun,해바라기,CEFRJ_1_5
EN-A2-01227,A2,62,sunglasses,noun,선글라스,CEFRJ_1_5
EN-A2-01228,A2,62,sunlight,noun,햇빛,CEFRJ_1_5
EN-A2-01229,A2,62,superlative,noun,최상급,CEFRJ_1_5
EN-A2-01230,A2,62,superstar,noun,슈퍼스타,CEFRJ_1_5
EN-A2-01231,A2,62,supper,noun,저녁 식사,CEFRJ_1_5
EN-A2-01232,A2,62,support,noun,지지; 지원,CEFRJ_1_5
EN-A2-01233,A2,62,sure,adverb,확실히,CEFRJ_1_5
EN-A2-01234,A2,62,surf,verb,파도타기를 하다,CEFRJ_1_5
EN-A2-01235,A2,62,surfing,noun,파도타기,CEFRJ_1_5
EN-A2-01236,A2,62,surname,noun,성,CEFRJ_1_5
EN-A2-01237,A2,62,surprised,adjective,놀란,CEFRJ_1_5
EN-A2-01238,A2,62,surprising,adjective,놀라운,CEFRJ_1_5
EN-A2-01239,A2,62,survive,verb,살아남다; 생존하다,CEFRJ_1_5
EN-A2-01240,A2,62,swallow,verb,삼키다,CEFRJ_1_5
EN-A2-01241,A2,63,sweat,verb,땀을 흘리다,CEFRJ_1_5
EN-A2-01242,A2,63,sweater,noun,스웨터,CEFRJ_1_5
EN-A2-01243,A2,63,sweet,noun,단것; 사탕,CEFRJ_1_5
EN-A2-01244,A2,63,sweetheart,noun,연인; 다정한 사람,CEFRJ_1_5
EN-A2-01245,A2,63,swimming costume,noun,수영복,CEFRJ_1_5
EN-A2-01246,A2,63,swimsuit,noun,수영복,CEFRJ_1_5
EN-A2-01247,A2,63,symbol,noun,상징; 기호,CEFRJ_1_5
EN-A2-01248,A2,63,symphony,noun,교향곡,CEFRJ_1_5
EN-A2-01249,A2,63,system,noun,체계; 시스템,CEFRJ_1_5
EN-A2-01250,A2,63,table tennis,noun,탁구,CEFRJ_1_5
EN-A2-01251,A2,63,tablespoon,noun,큰 숟가락; 테이블스푼,CEFRJ_1_5
EN-A2-01252,A2,63,talent,noun,재능,CEFRJ_1_5
EN-A2-01253,A2,63,tap,noun,수도꼭지; 가볍게 두드리기,CEFRJ_1_5
EN-A2-01254,A2,63,tape,noun,테이프,CEFRJ_1_5
EN-A2-01255,A2,63,target,noun,목표; 과녁,CEFRJ_1_5
EN-A2-01256,A2,63,task,noun,일; 과제,CEFRJ_1_5
EN-A2-01257,A2,63,tear,noun,눈물,CEFRJ_1_5
EN-A2-01258,A2,63,teenage,adjective,십 대의,CEFRJ_1_5
EN-A2-01259,A2,63,teenager,noun,십 대,CEFRJ_1_5
EN-A2-01260,A2,63,telephone,verb,전화하다,CEFRJ_1_5
EN-A2-01261,A2,64,temperature,noun,온도; 기온,CEFRJ_1_5
EN-A2-01262,A2,64,terrify,verb,겁주다; 공포에 떨게 하다,CEFRJ_1_5
EN-A2-01263,A2,64,terrorist,adjective,테러리스트의,CEFRJ_1_5
EN-A2-01264,A2,64,text,noun,글; 본문,CEFRJ_1_5
EN-A2-01265,A2,64,text,verb,문자를 보내다,CEFRJ_1_5
EN-A2-01266,A2,64,text message,noun,문자 메시지,CEFRJ_1_5
EN-A2-01267,A2,64,textbook,noun,교과서,CEFRJ_1_5
EN-A2-01268,A2,64,theirs,pronoun,그들의 것,CEFRJ_1_5
EN-A2-01269,A2,64,themselves,pronoun,그들 자신,CEFRJ_1_5
EN-A2-01270,A2,64,therefore,adverb,그러므로; 따라서,CEFRJ_1_5
EN-A2-01271,A2,64,thief,noun,도둑,CEFRJ_1_5
EN-A2-01272,A2,64,third,adjective,세 번째의,CEFRJ_1_5
EN-A2-01273,A2,64,thirsty,adjective,목마른,CEFRJ_1_5
EN-A2-01274,A2,64,though,conjunction,~이지만; ~임에도 불구하고,CEFRJ_1_5
EN-A2-01275,A2,64,thought,noun,생각,CEFRJ_1_5
EN-A2-01276,A2,64,thousand,number,천,CEFRJ_1_5
EN-A2-01277,A2,64,throw,verb,던지다,CEFRJ_1_5
EN-A2-01278,A2,64,thunderstorm,noun,뇌우,CEFRJ_1_5
EN-A2-01279,A2,64,tidy,adjective,깔끔한; 정돈된,CEFRJ_1_5
EN-A2-01280,A2,64,tidy,verb,정돈하다; 치우다,CEFRJ_1_5
EN-A2-01281,A2,65,tie,noun,넥타이; 묶음,CEFRJ_1_5
EN-A2-01282,A2,65,tights,noun,타이즈,CEFRJ_1_5
EN-A2-01283,A2,65,till,preposition,~까지,CEFRJ_1_5
EN-A2-01284,A2,65,timetable,noun,시간표,CEFRJ_1_5
EN-A2-01285,A2,65,tip,noun,끝부분; 조언; 팁,CEFRJ_1_5
EN-A2-01286,A2,65,title,noun,제목; 직함,CEFRJ_1_5
EN-A2-01287,A2,65,toast,noun,토스트,CEFRJ_1_5
EN-A2-01288,A2,65,toe,noun,발가락,CEFRJ_1_5
EN-A2-01289,A2,65,tone,noun,어조; 음색,CEFRJ_1_5
EN-A2-01290,A2,65,tonight,noun,오늘 밤,CEFRJ_1_5
EN-A2-01291,A2,65,toothache,noun,치통,CEFRJ_1_5
EN-A2-01292,A2,65,toothbrush,noun,칫솔,CEFRJ_1_5
EN-A2-01293,A2,65,tour,noun,여행; 관광,CEFRJ_1_5
EN-A2-01294,A2,65,tour guide,noun,여행 가이드,CEFRJ_1_5
EN-A2-01295,A2,65,tourist,noun,관광객,CEFRJ_1_5
EN-A2-01296,A2,65,toward/towards,preposition,~쪽으로; ~을 향하여,CEFRJ_1_5
EN-A2-01297,A2,65,track,noun,길; 흔적; 트랙,CEFRJ_1_5
EN-A2-01298,A2,65,trade,noun,무역; 거래,CEFRJ_1_5
EN-A2-01299,A2,65,tradition,noun,전통,CEFRJ_1_5
EN-A2-01300,A2,65,traditional,adjective,전통적인,CEFRJ_1_5
EN-A2-01301,A2,66,traffic,noun,교통; 교통량,CEFRJ_1_5
EN-A2-01302,A2,66,traffic light,noun,신호등,CEFRJ_1_5
EN-A2-01303,A2,66,train,verb,훈련하다,CEFRJ_1_5
EN-A2-01304,A2,66,training,noun,훈련; 교육,CEFRJ_1_5
EN-A2-01305,A2,66,tram,noun,전차; 트램,CEFRJ_1_5
EN-A2-01306,A2,66,trap,noun,덫; 함정,CEFRJ_1_5
EN-A2-01307,A2,66,travel,noun,여행,CEFRJ_1_5
EN-A2-01308,A2,66,traveler/traveller,noun,여행자,CEFRJ_1_5
EN-A2-01309,A2,66,treasure,noun,보물,CEFRJ_1_5
EN-A2-01310,A2,66,trick,noun,속임수; 장난,CEFRJ_1_5
EN-A2-01311,A2,66,trouble,noun,문제; 곤란,CEFRJ_1_5
EN-A2-01312,A2,66,truly,adverb,진정으로; 정말로,CEFRJ_1_5
EN-A2-01313,A2,66,trust,verb,신뢰하다; 믿다,CEFRJ_1_5
EN-A2-01314,A2,66,truth,noun,진실,CEFRJ_1_5
EN-A2-01315,A2,66,try,verb,노력하다; 시도하다,CEFRJ_1_5
EN-A2-01316,A2,66,tune,noun,곡; 선율,CEFRJ_1_5
EN-A2-01317,A2,66,twice,adverb,두 번,CEFRJ_1_5
EN-A2-01318,A2,66,uncertain,adjective,불확실한,CEFRJ_1_5
EN-A2-01319,A2,66,uncomfortable,adjective,불편한,CEFRJ_1_5
EN-A2-01320,A2,66,understand,verb,이해하다,CEFRJ_1_5
EN-A2-01321,A2,67,underwater,adjective,수중의,CEFRJ_1_5
EN-A2-01322,A2,67,uneasy,adjective,불안한; 불편한,CEFRJ_1_5
EN-A2-01323,A2,67,unfair,adjective,불공평한,CEFRJ_1_5
EN-A2-01324,A2,67,unforgettable,adjective,잊을 수 없는,CEFRJ_1_5
EN-A2-01325,A2,67,unfortunately,adverb,불행하게도,CEFRJ_1_5
EN-A2-01326,A2,67,unhappy,adjective,불행한,CEFRJ_1_5
EN-A2-01327,A2,67,unhealthy,adjective,건강에 해로운,CEFRJ_1_5
EN-A2-01328,A2,67,uniform,adjective,균일한; 한결같은,CEFRJ_1_5
EN-A2-01329,A2,67,uniform,noun,제복; 유니폼,CEFRJ_1_5
EN-A2-01330,A2,67,unimportant,adjective,중요하지 않은,CEFRJ_1_5
EN-A2-01331,A2,67,unit,noun,단위; 단원,CEFRJ_1_5
EN-A2-01332,A2,67,university,noun,대학교,CEFRJ_1_5
EN-A2-01333,A2,67,unknown,adjective,알려지지 않은; 미지의,CEFRJ_1_5
EN-A2-01334,A2,67,unlike,adjective,~와 다른,CEFRJ_1_5
EN-A2-01335,A2,67,unnecessary,adjective,불필요한,CEFRJ_1_5
EN-A2-01336,A2,67,unpleasant,adjective,불쾌한,CEFRJ_1_5
EN-A2-01337,A2,67,unusual,adjective,"특이한, 흔치 않은",CEFRJ_1_5
EN-A2-01338,A2,67,up,adverb,"위로, 위쪽에",CEFRJ_1_5
EN-A2-01339,A2,67,upon,preposition,"~위에, ~에 접하여",CEFRJ_1_5
EN-A2-01340,A2,67,upset,adjective,"속상한, 마음이 상한",CEFRJ_1_5
EN-A2-01341,A2,68,upstairs,adverb,위층으로,CEFRJ_1_5
EN-A2-01342,A2,68,use,noun,"사용, 용도",CEFRJ_1_5
EN-A2-01343,A2,68,used,adjective,"중고의, 익숙한",CEFRJ_1_5
EN-A2-01344,A2,68,useful,adjective,"유용한, 도움이 되는",CEFRJ_1_5
EN-A2-01345,A2,68,usual,adjective,"보통의, 평소의",CEFRJ_1_5
EN-A2-01346,A2,68,valley,noun,"골짜기, 계곡",CEFRJ_1_5
EN-A2-01347,A2,68,value,noun,"가치, 가격",CEFRJ_1_5
EN-A2-01348,A2,68,verb,noun,동사,CEFRJ_1_5
EN-A2-01349,A2,68,video game,noun,비디오 게임,CEFRJ_1_5
EN-A2-01350,A2,68,view,noun,"경치, 전망; 견해",CEFRJ_1_5
EN-A2-01351,A2,68,village,noun,마을,CEFRJ_1_5
EN-A2-01352,A2,68,violent,adjective,"폭력적인, 격렬한",CEFRJ_1_5
EN-A2-01353,A2,68,violin,noun,바이올린,CEFRJ_1_5
EN-A2-01354,A2,68,visitor,noun,방문객,CEFRJ_1_5
EN-A2-01355,A2,68,vocabulary,noun,어휘,CEFRJ_1_5
EN-A2-01356,A2,68,voice,noun,목소리,CEFRJ_1_5
EN-A2-01357,A2,68,walking,noun,"걷기, 도보",CEFRJ_1_5
EN-A2-01358,A2,68,wallet,noun,지갑,CEFRJ_1_5
EN-A2-01359,A2,68,wander,verb,"거닐다, 배회하다",CEFRJ_1_5
EN-A2-01360,A2,68,washing machine,noun,세탁기,CEFRJ_1_5
EN-A2-01361,A2,69,washing-up,noun,설거지,CEFRJ_1_5
EN-A2-01362,A2,69,wave,noun,"파도, 물결",CEFRJ_1_5
EN-A2-01363,A2,69,weak,adjective,약한,CEFRJ_1_5
EN-A2-01364,A2,69,wealth,noun,"부, 재산",CEFRJ_1_5
EN-A2-01365,A2,69,web,noun,"거미줄, 웹",CEFRJ_1_5
EN-A2-01366,A2,69,web page,noun,웹 페이지,CEFRJ_1_5
EN-A2-01367,A2,69,website,noun,웹사이트,CEFRJ_1_5
EN-A2-01368,A2,69,wedding,noun,결혼식,CEFRJ_1_5
EN-A2-01369,A2,69,weekday,noun,평일,CEFRJ_1_5
EN-A2-01370,A2,69,weekly,adjective,"매주의, 주간의",CEFRJ_1_5
EN-A2-01371,A2,69,weekly,adverb,"매주, 주 단위로",CEFRJ_1_5
EN-A2-01372,A2,69,weep,noun,울음,CEFRJ_1_5
EN-A2-01373,A2,69,weigh,verb,무게를 재다,CEFRJ_1_5
EN-A2-01374,A2,69,weight,noun,"무게, 체중",CEFRJ_1_5
EN-A2-01375,A2,69,well-known,adjective,"잘 알려진, 유명한",CEFRJ_1_5
EN-A2-01376,A2,69,west,adjective,서쪽의,CEFRJ_1_5
EN-A2-01377,A2,69,west,adverb,서쪽으로,CEFRJ_1_5
EN-A2-01378,A2,69,west,noun,서쪽,CEFRJ_1_5
EN-A2-01379,A2,69,wet,adjective,젖은,CEFRJ_1_5
EN-A2-01380,A2,69,whatever,determiner,"무엇이든, 어떤 ~라도",CEFRJ_1_5
EN-A2-01381,A2,70,wheelchair,noun,휠체어,CEFRJ_1_5
EN-A2-01382,A2,70,while,conjunction,~하는 동안,CEFRJ_1_5
EN-A2-01383,A2,70,whole,adjective,"전체의, 모든",CEFRJ_1_5
EN-A2-01384,A2,70,whom,pronoun,누구를(목적격),CEFRJ_1_5
EN-A2-01385,A2,70,wide,adjective,넓은,CEFRJ_1_5
EN-A2-01386,A2,70,wide,adverb,"넓게, 활짝",CEFRJ_1_5
EN-A2-01387,A2,70,widely,adverb,널리,CEFRJ_1_5
EN-A2-01388,A2,70,wild,adjective,"야생의, 거친",CEFRJ_1_5
EN-A2-01389,A2,70,windy,adjective,바람이 부는,CEFRJ_1_5
EN-A2-01390,A2,70,wine,noun,와인,CEFRJ_1_5
EN-A2-01391,A2,70,winner,noun,"우승자, 수상자",CEFRJ_1_5
EN-A2-01392,A2,70,wisdom,noun,지혜,CEFRJ_1_5
EN-A2-01393,A2,70,wise,adjective,"지혜로운, 현명한",CEFRJ_1_5
EN-A2-01394,A2,70,wish,verb,"바라다, 소망하다",CEFRJ_1_5
EN-A2-01395,A2,70,within,preposition,~이내에,CEFRJ_1_5
EN-A2-01396,A2,70,without,preposition,~없이,CEFRJ_1_5
EN-A2-01397,A2,70,wonder,verb,"궁금해하다, 놀라다",CEFRJ_1_5
EN-A2-01398,A2,70,wood,noun,"나무, 숲",CEFRJ_1_5
EN-A2-01399,A2,70,wooden,adjective,나무로 된,CEFRJ_1_5
EN-A2-01400,A2,70,wool,noun,"양털, 울",CEFRJ_1_5
EN-A2-01401,A2,71,worldwide,adverb,전 세계적으로,CEFRJ_1_5
EN-A2-01402,A2,71,worried,adjective,걱정하는,CEFRJ_1_5
EN-A2-01403,A2,71,worry,verb,걱정하다,CEFRJ_1_5
EN-A2-01404,A2,71,worse,adjective,더 나쁜,CEFRJ_1_5
EN-A2-01405,A2,71,worse,adverb,더 나쁘게,CEFRJ_1_5
EN-A2-01406,A2,71,worst,adjective,최악의,CEFRJ_1_5
EN-A2-01407,A2,71,writing,noun,"글쓰기, 저술",CEFRJ_1_5
EN-A2-01408,A2,71,wrong,adverb,"잘못되게, 틀리게",CEFRJ_1_5
EN-A2-01409,A2,71,yeah,adverb,"그래, 응",CEFRJ_1_5
EN-A2-01410,A2,71,youth,noun,"청년기, 젊은 시절",CEFRJ_1_5
EN-A2-01411,A2,71,zone,noun,"구역, 지대",CEFRJ_1_5
EN-B1-00001,B1,1,abandon,verb,"버리다, 포기하다",CEFRJ_1_5
EN-B1-00002,B1,1,able,adjective,~할 수 있는,CEFRJ_1_5
EN-B1-00003,B1,1,abnormal,adjective,비정상의,CEFRJ_1_5
EN-B1-00004,B1,1,aboard,adverb,배나 비행기에 탄,CEFRJ_1_5
EN-B1-00005,B1,1,aborigine,noun,원주민,CEFRJ_1_5
EN-B1-00006,B1,1,above,adjective,"위의, 상기의",CEFRJ_1_5
EN-B1-00007,B1,1,absence,noun,"부재, 결석",CEFRJ_1_5
EN-B1-00008,B1,1,absent,adjective,"결석한, 없는",CEFRJ_1_5
EN-B1-00009,B1,1,absolute,adjective,"절대적인, 완전한",CEFRJ_1_5
EN-B1-00010,B1,1,absolutely,adverb,"절대적으로, 완전히",CEFRJ_1_5
EN-B1-00011,B1,1,absorb,verb,흡수하다,CEFRJ_1_5
EN-B1-00012,B1,1,abstract,adjective,추상적인,CEFRJ_1_5
EN-B1-00013,B1,1,abundance,noun,풍부함,CEFRJ_1_5
EN-B1-00014,B1,1,abundant,adjective,풍부한,CEFRJ_1_5
EN-B1-00015,B1,1,academic,adjective,"학구적인, 대학의",CEFRJ_1_5
EN-B1-00016,B1,1,academy,noun,"학회, 아카데미",CEFRJ_1_5
EN-B1-00017,B1,1,accent,noun,"억양, 강세",CEFRJ_1_5
EN-B1-00018,B1,1,acceptance,noun,"수락, 동의",CEFRJ_1_5
EN-B1-00019,B1,1,access,noun,"접근, 이용",CEFRJ_1_5
EN-B1-00020,B1,1,accessible,adjective,"접근 가능한, 이용 가능한",CEFRJ_1_5
EN-B1-00021,B1,2,accessory,noun,"액세서리, 부속품",CEFRJ_1_5
EN-B1-00022,B1,2,accidental,adjective,"우연한, 사고의",CEFRJ_1_5
EN-B1-00023,B1,2,accidentally,adverb,우연히,CEFRJ_1_5
EN-B1-00024,B1,2,accompany,verb,"동행하다, 수반하다",CEFRJ_1_5
EN-B1-00025,B1,2,accomplish,verb,"성취하다, 완수하다",CEFRJ_1_5
EN-B1-00026,B1,2,according to,preposition,~에 따라,CEFRJ_1_5
EN-B1-00027,B1,2,account,verb,설명하다; 책임지다,CEFRJ_1_5
EN-B1-00028,B1,2,accountant,noun,회계사,CEFRJ_1_5
EN-B1-00029,B1,2,accuracy,noun,정확성,CEFRJ_1_5
EN-B1-00030,B1,2,accurate,adjective,정확한,CEFRJ_1_5
EN-B1-00031,B1,2,accurately,adverb,정확하게,CEFRJ_1_5
EN-B1-00032,B1,2,accuse,verb,고발하다; 비난하다,CEFRJ_1_5
EN-B1-00033,B1,2,accustom,verb,익숙하게 하다,CEFRJ_1_5
EN-B1-00034,B1,2,ache,noun,통증,CEFRJ_1_5
EN-B1-00035,B1,2,achievement,noun,성취; 업적,CEFRJ_1_5
EN-B1-00036,B1,2,acknowledge,verb,인정하다; 알았음을 알리다,CEFRJ_1_5
EN-B1-00037,B1,2,acknowledgment/acknowledgement,noun,인정; 확인,CEFRJ_1_5
EN-B1-00038,B1,2,acquaintance,noun,지인,CEFRJ_1_5
EN-B1-00039,B1,2,acquire,verb,얻다; 습득하다,CEFRJ_1_5
EN-B1-00040,B1,2,act,verb,행동하다; 연기하다,CEFRJ_1_5
EN-B1-00041,B1,3,active,adjective,활동적인,CEFRJ_1_5
EN-B1-00042,B1,3,actress,noun,여배우,CEFRJ_1_5
EN-B1-00043,B1,3,ad,noun,광고,CEFRJ_1_5
EN-B1-00044,B1,3,adapt,verb,적응하다; 각색하다,CEFRJ_1_5
EN-B1-00045,B1,3,address,verb,다루다; 연설하다; 주소를 쓰다,CEFRJ_1_5
EN-B1-00046,B1,3,addressee,noun,수신인,CEFRJ_1_5
EN-B1-00047,B1,3,administration,noun,관리; 행정,CEFRJ_1_5
EN-B1-00048,B1,3,admiration,noun,감탄; 존경,CEFRJ_1_5
EN-B1-00049,B1,3,admission,noun,입장; 승인,CEFRJ_1_5
EN-B1-00050,B1,3,adopt,verb,입양하다; 채택하다,CEFRJ_1_5
EN-B1-00051,B1,3,adorable,adjective,사랑스러운,CEFRJ_1_5
EN-B1-00052,B1,3,advance,verb,전진하다; 발전시키다,CEFRJ_1_5
EN-B1-00053,B1,3,adverb,noun,부사,CEFRJ_1_5
EN-B1-00054,B1,3,adverbial,adjective,부사의,CEFRJ_1_5
EN-B1-00055,B1,3,advert,noun,광고,CEFRJ_1_5
EN-B1-00056,B1,3,advertise,verb,광고하다,CEFRJ_1_5
EN-B1-00057,B1,3,adviser/advisor,noun,조언자,CEFRJ_1_5
EN-B1-00058,B1,3,aerobics,noun,에어로빅,CEFRJ_1_5
EN-B1-00059,B1,3,affect,verb,영향을 미치다,CEFRJ_1_5
EN-B1-00060,B1,3,affection,noun,애정,CEFRJ_1_5
EN-B1-00061,B1,4,afford,verb,~할 여유가 있다,CEFRJ_1_5
EN-B1-00062,B1,4,after,conjunction,~한 후에,CEFRJ_1_5
EN-B1-00063,B1,4,afterward,adverb,나중에,CEFRJ_1_5
EN-B1-00064,B1,4,afterwards,adverb,나중에,CEFRJ_1_5
EN-B1-00065,B1,4,agenda,noun,안건; 의제,CEFRJ_1_5
EN-B1-00066,B1,4,aggressive,adjective,공격적인,CEFRJ_1_5
EN-B1-00067,B1,4,agreement,noun,동의; 합의,CEFRJ_1_5
EN-B1-00068,B1,4,agricultural,adjective,농업의,CEFRJ_1_5
EN-B1-00069,B1,4,agriculture,noun,농업,CEFRJ_1_5
EN-B1-00070,B1,4,aid,noun,도움; 지원,CEFRJ_1_5
EN-B1-00071,B1,4,aid,verb,돕다; 지원하다,CEFRJ_1_5
EN-B1-00072,B1,4,aim,noun,목표; 겨냥,CEFRJ_1_5
EN-B1-00073,B1,4,air conditioning,noun,에어컨,CEFRJ_1_5
EN-B1-00074,B1,4,air force,noun,공군,CEFRJ_1_5
EN-B1-00075,B1,4,airline,noun,항공사,CEFRJ_1_5
EN-B1-00076,B1,4,alarm,verb,불안하게 하다; 경보를 울리다,CEFRJ_1_5
EN-B1-00077,B1,4,alcohol,noun,알코올; 술,CEFRJ_1_5
EN-B1-00078,B1,4,alcoholic,adjective,알코올의; 알코올 중독의,CEFRJ_1_5
EN-B1-00079,B1,4,alike,adjective,비슷한,CEFRJ_1_5
EN-B1-00080,B1,4,alike,adverb,똑같이; 마찬가지로,CEFRJ_1_5
EN-B1-00081,B1,5,allergic,adjective,알레르기가 있는,CEFRJ_1_5
EN-B1-00082,B1,5,allowance,noun,수당; 허용량,CEFRJ_1_5
EN-B1-00083,B1,5,aloud,adverb,소리 내어,CEFRJ_1_5
EN-B1-00084,B1,5,alphabet,noun,알파벳,CEFRJ_1_5
EN-B1-00085,B1,5,alternative,adjective,대안의,CEFRJ_1_5
EN-B1-00086,B1,5,alternative,noun,대안,CEFRJ_1_5
EN-B1-00087,B1,5,altogether,adverb,전적으로; 완전히,CEFRJ_1_5
EN-B1-00088,B1,5,amazed,adjective,놀란,CEFRJ_1_5
EN-B1-00089,B1,5,amazing,adjective,놀라운,CEFRJ_1_5
EN-B1-00090,B1,5,ambitious,adjective,야심 찬,CEFRJ_1_5
EN-B1-00091,B1,5,ambulance,noun,구급차,CEFRJ_1_5
EN-B1-00092,B1,5,amount,noun,양; 총액,CEFRJ_1_5
EN-B1-00093,B1,5,amusing,adjective,재미있는,CEFRJ_1_5
EN-B1-00094,B1,5,analysis,noun,분석,CEFRJ_1_5
EN-B1-00095,B1,5,analyze/analyse,verb,분석하다,CEFRJ_1_5
EN-B1-00096,B1,5,anger,noun,분노,CEFRJ_1_5
EN-B1-00097,B1,5,angle,noun,각도; 관점,CEFRJ_1_5
EN-B1-00098,B1,5,animated,adjective,활기찬; 애니메이션의,CEFRJ_1_5
EN-B1-00099,B1,5,animation,noun,애니메이션,CEFRJ_1_5
EN-B1-00100,B1,5,announce,verb,발표하다; 알리다,CEFRJ_1_5
EN-B1-00101,B1,6,announcement,noun,발표; 공고,CEFRJ_1_5
EN-B1-00102,B1,6,annoyance,noun,짜증,CEFRJ_1_5
EN-B1-00103,B1,6,annoyed,adjective,짜증 난,CEFRJ_1_5
EN-B1-00104,B1,6,annual,adjective,연례의,CEFRJ_1_5
EN-B1-00105,B1,6,annually,adverb,매년,CEFRJ_1_5
EN-B1-00106,B1,6,ant,noun,개미,CEFRJ_1_5
EN-B1-00107,B1,6,anti,adjective,반대의,CEFRJ_1_5
EN-B1-00108,B1,6,antique,noun,골동품,CEFRJ_1_5
EN-B1-00109,B1,6,antonym,noun,반의어,CEFRJ_1_5
EN-B1-00110,B1,6,anxiety,noun,불안; 걱정,CEFRJ_1_5
EN-B1-00111,B1,6,anxiously,adverb,불안하게,CEFRJ_1_5
EN-B1-00112,B1,6,anyhow,adverb,어쨌든,CEFRJ_1_5
EN-B1-00113,B1,6,ape,noun,유인원,CEFRJ_1_5
EN-B1-00114,B1,6,apology,noun,사과,CEFRJ_1_5
EN-B1-00115,B1,6,apparent,adjective,명백한,CEFRJ_1_5
EN-B1-00116,B1,6,appeal,noun,호소; 매력,CEFRJ_1_5
EN-B1-00117,B1,6,appetite,noun,식욕,CEFRJ_1_5
EN-B1-00118,B1,6,applaud,verb,박수갈채를 보내다,CEFRJ_1_5
EN-B1-00119,B1,6,applause,noun,박수갈채,CEFRJ_1_5
EN-B1-00120,B1,6,application,noun,지원; 적용,CEFRJ_1_5
EN-B1-00121,B1,7,appoint,verb,임명하다; 정하다,CEFRJ_1_5
EN-B1-00122,B1,7,appreciation,noun,감상; 감사,CEFRJ_1_5
EN-B1-00123,B1,7,approach,noun,접근; 접근법,CEFRJ_1_5
EN-B1-00124,B1,7,approval,noun,승인; 찬성,CEFRJ_1_5
EN-B1-00125,B1,7,approve,verb,승인하다; 찬성하다,CEFRJ_1_5
EN-B1-00126,B1,7,approximately,adverb,"대략, 거의",CEFRJ_1_5
EN-B1-00127,B1,7,architect,noun,건축가,CEFRJ_1_5
EN-B1-00128,B1,7,arise,verb,"발생하다, 생기다",CEFRJ_1_5
EN-B1-00129,B1,7,arithmetic,noun,"산수, 연산",CEFRJ_1_5
EN-B1-00130,B1,7,arm,verb,무장시키다,CEFRJ_1_5
EN-B1-00131,B1,7,army,noun,군대,CEFRJ_1_5
EN-B1-00132,B1,7,arrange,verb,"정리하다, 마련하다",CEFRJ_1_5
EN-B1-00133,B1,7,arrangement,noun,"정리, 준비, 합의",CEFRJ_1_5
EN-B1-00134,B1,7,arrest,noun,체포,CEFRJ_1_5
EN-B1-00135,B1,7,arrest,verb,체포하다,CEFRJ_1_5
EN-B1-00136,B1,7,arrival,noun,도착,CEFRJ_1_5
EN-B1-00137,B1,7,arrow,noun,화살,CEFRJ_1_5
EN-B1-00138,B1,7,artist,noun,예술가,CEFRJ_1_5
EN-B1-00139,B1,7,artistic,adjective,예술적인,CEFRJ_1_5
EN-B1-00140,B1,7,ashamed,adjective,부끄러워하는,CEFRJ_1_5
EN-B1-00141,B1,8,aside,adverb,"한쪽으로, 따로",CEFRJ_1_5
EN-B1-00142,B1,8,aspect,noun,"측면, 양상",CEFRJ_1_5
EN-B1-00143,B1,8,aspirin,noun,아스피린,CEFRJ_1_5
EN-B1-00144,B1,8,assign,verb,"배정하다, 할당하다",CEFRJ_1_5
EN-B1-00145,B1,8,assignment,noun,"과제, 임무",CEFRJ_1_5
EN-B1-00146,B1,8,assist,verb,"돕다, 지원하다",CEFRJ_1_5
EN-B1-00147,B1,8,assistance,noun,"도움, 지원",CEFRJ_1_5
EN-B1-00148,B1,8,assistant,noun,"조수, 보조원",CEFRJ_1_5
EN-B1-00149,B1,8,associate,verb,"연상하다, 관련짓다",CEFRJ_1_5
EN-B1-00150,B1,8,assume,verb,"가정하다, 추정하다",CEFRJ_1_5
EN-B1-00151,B1,8,astronomer,noun,천문학자,CEFRJ_1_5
EN-B1-00152,B1,8,athletic,adjective,"운동의, 운동선수다운",CEFRJ_1_5
EN-B1-00153,B1,8,Atlantic,adjective,대서양의,CEFRJ_1_5
EN-B1-00154,B1,8,atmosphere,noun,"대기, 분위기",CEFRJ_1_5
EN-B1-00155,B1,8,atomic,adjective,원자의,CEFRJ_1_5
EN-B1-00156,B1,8,attach,verb,"붙이다, 첨부하다",CEFRJ_1_5
EN-B1-00157,B1,8,attachment,noun,"부착물, 첨부 파일",CEFRJ_1_5
EN-B1-00158,B1,8,attain,verb,"달성하다, 도달하다",CEFRJ_1_5
EN-B1-00159,B1,8,attempt,verb,시도하다,CEFRJ_1_5
EN-B1-00160,B1,8,attend,verb,참석하다,CEFRJ_1_5
EN-B1-00161,B1,9,attract,verb,"끌어들이다, 유인하다",CEFRJ_1_5
EN-B1-00162,B1,9,attraction,noun,"매력, 명소",CEFRJ_1_5
EN-B1-00163,B1,9,authority,noun,"권위, 당국",CEFRJ_1_5
EN-B1-00164,B1,9,auxiliary,adjective,보조의,CEFRJ_1_5
EN-B1-00165,B1,9,available,adjective,"이용 가능한, 시간이 있는",CEFRJ_1_5
EN-B1-00166,B1,9,avenue,noun,"거리, 가로수길",CEFRJ_1_5
EN-B1-00167,B1,9,award,verb,"수여하다, 상을 주다",CEFRJ_1_5
EN-B1-00168,B1,9,aware,adjective,"알고 있는, 의식하는",CEFRJ_1_5
EN-B1-00169,B1,9,awareness,noun,"인식, 자각",CEFRJ_1_5
EN-B1-00170,B1,9,awesome,adjective,"경외심을 일으키는, 아주 멋진",CEFRJ_1_5
EN-B1-00171,B1,9,awkward,adjective,"어색한, 서투른",CEFRJ_1_5
EN-B1-00172,B1,9,babysit,verb,아이를 봐주다,CEFRJ_1_5
EN-B1-00173,B1,9,babysitter,noun,베이비시터,CEFRJ_1_5
EN-B1-00174,B1,9,back,verb,"후원하다, 뒤로 움직이다",CEFRJ_1_5
EN-B1-00175,B1,9,backache,noun,요통,CEFRJ_1_5
EN-B1-00176,B1,9,backpack,noun,배낭,CEFRJ_1_5
EN-B1-00177,B1,9,backpacker,noun,배낭 여행자,CEFRJ_1_5
EN-B1-00178,B1,9,backpacking,noun,배낭 여행,CEFRJ_1_5
EN-B1-00179,B1,9,bacon,noun,베이컨,CEFRJ_1_5
EN-B1-00180,B1,9,baggage,noun,"수하물, 짐",CEFRJ_1_5
EN-B1-00181,B1,10,baker,noun,제빵사,CEFRJ_1_5
EN-B1-00182,B1,10,bakery,noun,빵집,CEFRJ_1_5
EN-B1-00183,B1,10,balance,noun,"균형, 잔액",CEFRJ_1_5
EN-B1-00184,B1,10,bald,adjective,대머리의,CEFRJ_1_5
EN-B1-00185,B1,10,bandage,noun,붕대,CEFRJ_1_5
EN-B1-00186,B1,10,bang,noun,쾅 하는 소리,CEFRJ_1_5
EN-B1-00187,B1,10,bang,verb,쾅 치다,CEFRJ_1_5
EN-B1-00188,B1,10,bank account,noun,은행 계좌,CEFRJ_1_5
EN-B1-00189,B1,10,bar,verb,"막다, 금지하다",CEFRJ_1_5
EN-B1-00190,B1,10,barbecue,verb,바비큐를 하다,CEFRJ_1_5
EN-B1-00191,B1,10,bare,adjective,"벌거벗은, 텅 빈",CEFRJ_1_5
EN-B1-00192,B1,10,barely,adverb,"거의 ~않다, 간신히",CEFRJ_1_5
EN-B1-00193,B1,10,bark,noun,"나무껍질, 개 짖는 소리",CEFRJ_1_5
EN-B1-00194,B1,10,barman,noun,바텐더,CEFRJ_1_5
EN-B1-00195,B1,10,barrel,noun,"통, 배럴",CEFRJ_1_5
EN-B1-00196,B1,10,base,verb,기초를 두다,CEFRJ_1_5
EN-B1-00197,B1,10,basement,noun,지하실,CEFRJ_1_5
EN-B1-00198,B1,10,basin,noun,"대야, 분지",CEFRJ_1_5
EN-B1-00199,B1,10,basis,noun,"기초, 근거",CEFRJ_1_5
EN-B1-00200,B1,10,bat,verb,방망이로 치다,CEFRJ_1_5
EN-B1-00201,B1,11,bathe,verb,목욕하다,CEFRJ_1_5
EN-B1-00202,B1,11,battle,noun,"전투, 싸움",CEFRJ_1_5
EN-B1-00203,B1,11,beard,noun,수염,CEFRJ_1_5
EN-B1-00204,B1,11,beast,noun,"짐승, 야수",CEFRJ_1_5
EN-B1-00205,B1,11,beat,verb,"치다, 이기다",CEFRJ_1_5
EN-B1-00206,B1,11,beautifully,adverb,아름답게,CEFRJ_1_5
EN-B1-00207,B1,11,beaver,noun,비버,CEFRJ_1_5
EN-B1-00208,B1,11,because of,preposition,~때문에,CEFRJ_1_5
EN-B1-00209,B1,11,bedside,noun,침대 옆,CEFRJ_1_5
EN-B1-00210,B1,11,behalf,noun,"이익, 대표",CEFRJ_1_5
EN-B1-00211,B1,11,behave,verb,행동하다,CEFRJ_1_5
EN-B1-00212,B1,11,belief,noun,"신념, 믿음",CEFRJ_1_5
EN-B1-00213,B1,11,beloved,adjective,사랑받는,CEFRJ_1_5
EN-B1-00214,B1,11,beneath,preposition,~의 아래에,CEFRJ_1_5
EN-B1-00215,B1,11,benefit,noun,"혜택, 이점",CEFRJ_1_5
EN-B1-00216,B1,11,bent,adjective,구부러진,CEFRJ_1_5
EN-B1-00217,B1,11,besides,preposition,~외에도,CEFRJ_1_5
EN-B1-00218,B1,11,bet,verb,내기하다,CEFRJ_1_5
EN-B1-00219,B1,11,bilingual,adjective,2개 국어를 구사하는,CEFRJ_1_5
EN-B1-00220,B1,11,bill,verb,청구서를 보내다,CEFRJ_1_5
EN-B1-00221,B1,12,bin,noun,"통, 쓰레기통",CEFRJ_1_5
EN-B1-00222,B1,12,biochemistry,noun,생화학,CEFRJ_1_5
EN-B1-00223,B1,12,biography,noun,"전기, 약력",CEFRJ_1_5
EN-B1-00224,B1,12,biology,noun,생물학,CEFRJ_1_5
EN-B1-00225,B1,12,bishop,noun,주교,CEFRJ_1_5
EN-B1-00226,B1,12,bite,verb,물다,CEFRJ_1_5
EN-B1-00227,B1,12,bitter,adjective,쓴; 쓰라린,CEFRJ_1_5
EN-B1-00228,B1,12,blame,noun,비난; 책임,CEFRJ_1_5
EN-B1-00229,B1,12,bleed,verb,피를 흘리다,CEFRJ_1_5
EN-B1-00230,B1,12,blend,verb,섞다; 혼합하다,CEFRJ_1_5
EN-B1-00231,B1,12,bless,verb,축복하다,CEFRJ_1_5
EN-B1-00232,B1,12,blessing,noun,축복,CEFRJ_1_5
EN-B1-00233,B1,12,blind,adjective,눈이 먼; 맹목적인,CEFRJ_1_5
EN-B1-00234,B1,12,block,verb,막다; 차단하다,CEFRJ_1_5
EN-B1-00235,B1,12,blog,noun,블로그,CEFRJ_1_5
EN-B1-00236,B1,12,blogger,noun,블로거,CEFRJ_1_5
EN-B1-00237,B1,12,blush,noun,홍조; 얼굴이 붉어짐,CEFRJ_1_5
EN-B1-00238,B1,12,board,verb,탑승하다,CEFRJ_1_5
EN-B1-00239,B1,12,boast,verb,자랑하다,CEFRJ_1_5
EN-B1-00240,B1,12,bold,adjective,대담한; 굵은,CEFRJ_1_5
EN-B1-00241,B1,13,boldly,adverb,대담하게,CEFRJ_1_5
EN-B1-00242,B1,13,bomb,noun,폭탄,CEFRJ_1_5
EN-B1-00243,B1,13,bomb,verb,폭격하다,CEFRJ_1_5
EN-B1-00244,B1,13,bond,noun,유대; 채권,CEFRJ_1_5
EN-B1-00245,B1,13,book,verb,예약하다,CEFRJ_1_5
EN-B1-00246,B1,13,booking,noun,예약,CEFRJ_1_5
EN-B1-00247,B1,13,boom,noun,호황; 굉음,CEFRJ_1_5
EN-B1-00248,B1,13,boot,noun,부츠; 장화,CEFRJ_1_5
EN-B1-00249,B1,13,border,noun,국경; 경계,CEFRJ_1_5
EN-B1-00250,B1,13,bore,verb,지루하게 하다,CEFRJ_1_5
EN-B1-00251,B1,13,boredom,noun,지루함,CEFRJ_1_5
EN-B1-00252,B1,13,bother,noun,성가심; 괴롭힘,CEFRJ_1_5
EN-B1-00253,B1,13,bounce,verb,튀다; 튀기다,CEFRJ_1_5
EN-B1-00254,B1,13,bound,adjective,꼭 ~할 것 같은; ~행의,CEFRJ_1_5
EN-B1-00255,B1,13,bow,noun,절; 활,CEFRJ_1_5
EN-B1-00256,B1,13,bowl,verb,볼링을 하다,CEFRJ_1_5
EN-B1-00257,B1,13,boxing,noun,권투,CEFRJ_1_5
EN-B1-00258,B1,13,bracelet,noun,팔찌,CEFRJ_1_5
EN-B1-00259,B1,13,brainstorming,noun,브레인스토밍,CEFRJ_1_5
EN-B1-00260,B1,13,branch,verb,나뉘다; 분지하다,CEFRJ_1_5
EN-B1-00261,B1,14,brand-new,adjective,아주 새로운,CEFRJ_1_5
EN-B1-00262,B1,14,brass,noun,황동; 놋쇠,CEFRJ_1_5
EN-B1-00263,B1,14,bravely,adverb,용감하게,CEFRJ_1_5
EN-B1-00264,B1,14,breakthrough,noun,돌파구; 획기적 발전,CEFRJ_1_5
EN-B1-00265,B1,14,breast,noun,가슴,CEFRJ_1_5
EN-B1-00266,B1,14,breath,noun,숨; 호흡,CEFRJ_1_5
EN-B1-00267,B1,14,breathless,adjective,숨이 가쁜,CEFRJ_1_5
EN-B1-00268,B1,14,breed,verb,번식하다; 사육하다,CEFRJ_1_5
EN-B1-00269,B1,14,breeding,noun,번식; 사육,CEFRJ_1_5
EN-B1-00270,B1,14,brick,noun,벽돌,CEFRJ_1_5
EN-B1-00271,B1,14,brief,adjective,짧은; 간결한,CEFRJ_1_5
EN-B1-00272,B1,14,briefly,adverb,잠시; 간단히,CEFRJ_1_5
EN-B1-00273,B1,14,brightly,adverb,밝게; 환하게,CEFRJ_1_5
EN-B1-00274,B1,14,broad,adjective,넓은; 폭넓은,CEFRJ_1_5
EN-B1-00275,B1,14,broadcast,noun,방송,CEFRJ_1_5
EN-B1-00276,B1,14,broccoli,noun,브로콜리,CEFRJ_1_5
EN-B1-00277,B1,14,bronze,noun,청동,CEFRJ_1_5
EN-B1-00278,B1,14,brotherhood,noun,형제애,CEFRJ_1_5
EN-B1-00279,B1,14,bubble,noun,거품,CEFRJ_1_5
EN-B1-00280,B1,14,buddy,noun,친구,CEFRJ_1_5
EN-B1-00281,B1,15,builder,noun,건축업자,CEFRJ_1_5
EN-B1-00282,B1,15,bull,noun,황소,CEFRJ_1_5
EN-B1-00283,B1,15,bullet,noun,총알,CEFRJ_1_5
EN-B1-00284,B1,15,bulletin,noun,게시; 뉴스 단신,CEFRJ_1_5
EN-B1-00285,B1,15,bump,verb,부딪치다,CEFRJ_1_5
EN-B1-00286,B1,15,bunch,noun,다발; 한 무리,CEFRJ_1_5
EN-B1-00287,B1,15,burden,noun,부담; 짐,CEFRJ_1_5
EN-B1-00288,B1,15,bureau,noun,사무국; 부서,CEFRJ_1_5
EN-B1-00289,B1,15,burglar,noun,도둑,CEFRJ_1_5
EN-B1-00290,B1,15,burn,verb,타다; 태우다,CEFRJ_1_5
EN-B1-00291,B1,15,burning,adjective,불타는; 타오르는,CEFRJ_1_5
EN-B1-00292,B1,15,burst,verb,터지다; 파열하다,CEFRJ_1_5
EN-B1-00293,B1,15,bust,verb,부수다; 고장 내다,CEFRJ_1_5
EN-B1-00294,B1,15,but,preposition,~을 제외하고,CEFRJ_1_5
EN-B1-00295,B1,15,butcher,noun,정육점 주인,CEFRJ_1_5
EN-B1-00296,B1,15,buyer,noun,구매자,CEFRJ_1_5
EN-B1-00297,B1,15,cabbage,noun,양배추,CEFRJ_1_5
EN-B1-00298,B1,15,cabin,noun,오두막; 선실,CEFRJ_1_5
EN-B1-00299,B1,15,cage,noun,우리; 새장,CEFRJ_1_5
EN-B1-00300,B1,15,calculate,verb,계산하다,CEFRJ_1_5
EN-B1-00301,B1,16,calculation,noun,계산,CEFRJ_1_5
EN-B1-00302,B1,16,calculator,noun,계산기,CEFRJ_1_5
EN-B1-00303,B1,16,calf,noun,송아지; 종아리,CEFRJ_1_5
EN-B1-00304,B1,16,caller,noun,전화 거는 사람,CEFRJ_1_5
EN-B1-00305,B1,16,calm,adjective,차분한; 침착한,CEFRJ_1_5
EN-B1-00306,B1,16,calmness,noun,침착함,CEFRJ_1_5
EN-B1-00307,B1,16,camel,noun,낙타,CEFRJ_1_5
EN-B1-00308,B1,16,campsite,noun,캠핑장,CEFRJ_1_5
EN-B1-00309,B1,16,canal,noun,운하,CEFRJ_1_5
EN-B1-00310,B1,16,cancel,verb,취소하다,CEFRJ_1_5
EN-B1-00311,B1,16,cancer,noun,암,CEFRJ_1_5
EN-B1-00312,B1,16,candle,noun,양초,CEFRJ_1_5
EN-B1-00313,B1,16,canned,adjective,통조림의,CEFRJ_1_5
EN-B1-00314,B1,16,canteen,noun,구내식당,CEFRJ_1_5
EN-B1-00315,B1,16,capable,adjective,유능한; ~할 수 있는,CEFRJ_1_5
EN-B1-00316,B1,16,capacity,noun,용량; 능력,CEFRJ_1_5
EN-B1-00317,B1,16,capsule,noun,캡슐,CEFRJ_1_5
EN-B1-00318,B1,16,capture,noun,포획; 점령,CEFRJ_1_5
EN-B1-00319,B1,16,capture,verb,포획하다; 사로잡다,CEFRJ_1_5
EN-B1-00320,B1,16,care,verb,상관하다; 마음 쓰다,CEFRJ_1_5
EN-B1-00321,B1,17,career,noun,직업; 경력,CEFRJ_1_5
EN-B1-00322,B1,17,careless,adjective,부주의한,CEFRJ_1_5
EN-B1-00323,B1,17,carelessly,adverb,부주의하게,CEFRJ_1_5
EN-B1-00324,B1,17,carelessness,noun,부주의,CEFRJ_1_5
EN-B1-00325,B1,17,carpet,noun,카펫; 양탄자,CEFRJ_1_5
EN-B1-00326,B1,17,carriage,noun,마차; 탈것,CEFRJ_1_5
EN-B1-00327,B1,17,carton,noun,상자; 갑,CEFRJ_1_5
EN-B1-00328,B1,17,cashpoint,noun,현금 자동 입출금기,CEFRJ_1_5
EN-B1-00329,B1,17,casual,adjective,격식 없는; 우연한,CEFRJ_1_5
EN-B1-00330,B1,17,categorize/categorise,verb,분류하다,CEFRJ_1_5
EN-B1-00331,B1,17,category,noun,범주; 부문,CEFRJ_1_5
EN-B1-00332,B1,17,cattle,noun,소; 가축,CEFRJ_1_5
EN-B1-00333,B1,17,caution,noun,조심; 경고,CEFRJ_1_5
EN-B1-00334,B1,17,cautious,adjective,조심스러운; 신중한,CEFRJ_1_5
EN-B1-00335,B1,17,cave,noun,동굴,CEFRJ_1_5
EN-B1-00336,B1,17,CD-ROM,noun,시디롬,CEFRJ_1_5
EN-B1-00337,B1,17,celebrity,noun,유명 인사,CEFRJ_1_5
EN-B1-00338,B1,17,cell,noun,세포; 작은 방,CEFRJ_1_5
EN-B1-00339,B1,17,central,adjective,중앙의; 중심의,CEFRJ_1_5
EN-B1-00340,B1,17,central heating,noun,중앙 난방,CEFRJ_1_5
EN-B1-00341,B1,18,ceremony,noun,의식; 식,CEFRJ_1_5
EN-B1-00342,B1,18,certainty,noun,확실성,CEFRJ_1_5
EN-B1-00343,B1,18,challenging,adjective,도전적인; 힘든,CEFRJ_1_5
EN-B1-00344,B1,18,champion,noun,우승자; 챔피언,CEFRJ_1_5
EN-B1-00345,B1,18,channel,noun,채널; 경로,CEFRJ_1_5
EN-B1-00346,B1,18,chaos,noun,혼돈; 대혼란,CEFRJ_1_5
EN-B1-00347,B1,18,characteristic,noun,특징; 특성,CEFRJ_1_5
EN-B1-00348,B1,18,characterize/characterise,verb,특징짓다; 묘사하다,CEFRJ_1_5
EN-B1-00349,B1,18,charge,noun,요금; 책임; 충전,CEFRJ_1_5
EN-B1-00350,B1,18,charge,verb,청구하다; 충전하다; 돌격하다,CEFRJ_1_5
EN-B1-00351,B1,18,chariot,noun,고대 전차,CEFRJ_1_5
EN-B1-00352,B1,18,charity,noun,자선; 자선 단체,CEFRJ_1_5
EN-B1-00353,B1,18,charm,noun,매력,CEFRJ_1_5
EN-B1-00354,B1,18,chase,noun,추격; 추적,CEFRJ_1_5
EN-B1-00355,B1,18,chat,noun,잡담; 담소,CEFRJ_1_5
EN-B1-00356,B1,18,chat show,noun,토크쇼,CEFRJ_1_5
EN-B1-00357,B1,18,check-in counter/check-in,noun,탑승 수속대,CEFRJ_1_5
EN-B1-00358,B1,18,check-in desk/check-in,noun,탑승 수속대,CEFRJ_1_5
EN-B1-00359,B1,18,checkout,noun,계산대; 퇴실,CEFRJ_1_5
EN-B1-00360,B1,18,cheerful,adjective,쾌활한; 명랑한,CEFRJ_1_5
EN-B1-00361,B1,19,chemical,noun,화학 물질,CEFRJ_1_5
EN-B1-00362,B1,19,chemist,noun,약사; 화학자,CEFRJ_1_5
EN-B1-00363,B1,19,chemistry,noun,화학,CEFRJ_1_5
EN-B1-00364,B1,19,cherish,verb,소중히 여기다,CEFRJ_1_5
EN-B1-00365,B1,19,chest of drawers,noun,서랍장,CEFRJ_1_5
EN-B1-00366,B1,19,chewing gum,noun,껌,CEFRJ_1_5
EN-B1-00367,B1,19,chief,adjective,주요한; 최고의,CEFRJ_1_5
EN-B1-00368,B1,19,choir,noun,합창단,CEFRJ_1_5
EN-B1-00369,B1,19,choke,verb,질식하다; 숨이 막히다,CEFRJ_1_5
EN-B1-00370,B1,19,Christian,adjective,기독교의,CEFRJ_1_5
EN-B1-00371,B1,19,chronological,adjective,연대순의,CEFRJ_1_5
EN-B1-00372,B1,19,chuckle,noun,킬킬거림; 웃음,CEFRJ_1_5
EN-B1-00373,B1,19,circle,verb,원을 그리다; 동그라미를 치다,CEFRJ_1_5
EN-B1-00374,B1,19,circular,adjective,원형의; 순환하는,CEFRJ_1_5
EN-B1-00375,B1,19,circus,noun,서커스,CEFRJ_1_5
EN-B1-00376,B1,19,citizenship,noun,시민권,CEFRJ_1_5
EN-B1-00377,B1,19,civil,adjective,시민의; 민간의,CEFRJ_1_5
EN-B1-00378,B1,19,civilization/civilisation,noun,문명,CEFRJ_1_5
EN-B1-00379,B1,19,claim,noun,주장; 청구,CEFRJ_1_5
EN-B1-00380,B1,19,classical,adjective,고전의; 클래식의,CEFRJ_1_5
EN-B1-00381,B1,20,classify,verb,분류하다,CEFRJ_1_5
EN-B1-00382,B1,20,clear,verb,치우다; 맑게 하다,CEFRJ_1_5
EN-B1-00383,B1,20,click,noun,딸깍하는 소리; 클릭,CEFRJ_1_5
EN-B1-00384,B1,20,cliff,noun,절벽,CEFRJ_1_5
EN-B1-00385,B1,20,climate,noun,기후,CEFRJ_1_5
EN-B1-00386,B1,20,climber,noun,등반가,CEFRJ_1_5
EN-B1-00387,B1,20,clinic,noun,진료소; 병원,CEFRJ_1_5
EN-B1-00388,B1,20,clip,noun,클립; 영상,CEFRJ_1_5
EN-B1-00389,B1,20,closely,adverb,면밀히; 밀접하게,CEFRJ_1_5
EN-B1-00390,B1,20,coal,noun,석탄,CEFRJ_1_5
EN-B1-00391,B1,20,coast,verb,관성으로 나아가다; 해안을 따라가다,CEFRJ_1_5
EN-B1-00392,B1,20,coastal,adjective,해안의,CEFRJ_1_5
EN-B1-00393,B1,20,cod,noun,대구,CEFRJ_1_5
EN-B1-00394,B1,20,coffin,noun,관,CEFRJ_1_5
EN-B1-00395,B1,20,collapse,noun,붕괴; 실패,CEFRJ_1_5
EN-B1-00396,B1,20,collar,noun,칼라; 깃,CEFRJ_1_5
EN-B1-00397,B1,20,columnist,noun,칼럼니스트,CEFRJ_1_5
EN-B1-00398,B1,20,combination,noun,결합; 조합,CEFRJ_1_5
EN-B1-00399,B1,20,combine,verb,결합하다; 겸비하다,CEFRJ_1_5
EN-B1-00400,B1,20,comedian,noun,코미디언,CEFRJ_1_5
EN-B1-00401,B1,21,comedy,noun,코미디; 희극,CEFRJ_1_5
EN-B1-00402,B1,21,comet,noun,혜성,CEFRJ_1_5
EN-B1-00403,B1,21,comfort,noun,안락; 위로,CEFRJ_1_5
EN-B1-00404,B1,21,comma,noun,쉼표,CEFRJ_1_5
EN-B1-00405,B1,21,command,noun,명령; 지휘,CEFRJ_1_5
EN-B1-00406,B1,21,comment,noun,논평; 의견,CEFRJ_1_5
EN-B1-00407,B1,21,commercial,adjective,상업적인; 영리적인,CEFRJ_1_5
EN-B1-00408,B1,21,commit,verb,저지르다; 전념하다,CEFRJ_1_5
EN-B1-00409,B1,21,common sense,noun,상식,CEFRJ_1_5
EN-B1-00410,B1,21,commonly,adverb,흔히; 보통,CEFRJ_1_5
EN-B1-00411,B1,21,companion,noun,동반자; 친구,CEFRJ_1_5
EN-B1-00412,B1,21,comparison,noun,비교,CEFRJ_1_5
EN-B1-00413,B1,21,compete,verb,경쟁하다,CEFRJ_1_5
EN-B1-00414,B1,21,competitive,adjective,경쟁적인,CEFRJ_1_5
EN-B1-00415,B1,21,competitor,noun,경쟁자,CEFRJ_1_5
EN-B1-00416,B1,21,complement,noun,보완물; 보충,CEFRJ_1_5
EN-B1-00417,B1,21,complete,verb,완료하다; 완성하다,CEFRJ_1_5
EN-B1-00418,B1,21,completely,adverb,완전히,CEFRJ_1_5
EN-B1-00419,B1,21,complex,adjective,복잡한,CEFRJ_1_5
EN-B1-00420,B1,21,complicate,verb,복잡하게 만들다,CEFRJ_1_5
EN-B1-00421,B1,22,complicated,adjective,복잡한,CEFRJ_1_5
EN-B1-00422,B1,22,compliment,noun,칭찬,CEFRJ_1_5
EN-B1-00423,B1,22,compose,verb,구성하다; 작곡하다,CEFRJ_1_5
EN-B1-00424,B1,22,composition,noun,구성; 작문,CEFRJ_1_5
EN-B1-00425,B1,22,compound,noun,화합물; 구내,CEFRJ_1_5
EN-B1-00426,B1,22,compromise,noun,타협; 절충,CEFRJ_1_5
EN-B1-00427,B1,22,concentration,noun,집중; 농도,CEFRJ_1_5
EN-B1-00428,B1,22,concept,noun,개념; 구상,CEFRJ_1_5
EN-B1-00429,B1,22,concerned,adjective,걱정하는; 관련된,CEFRJ_1_5
EN-B1-00430,B1,22,conclude,verb,결론을 내리다; 끝내다,CEFRJ_1_5
EN-B1-00431,B1,22,conclusion,noun,결론; 결말,CEFRJ_1_5
EN-B1-00432,B1,22,conduct,noun,행동; 수행,CEFRJ_1_5
EN-B1-00433,B1,22,confidence,noun,자신감; 신뢰,CEFRJ_1_5
EN-B1-00434,B1,22,confirm,verb,확인하다; 확정하다,CEFRJ_1_5
EN-B1-00435,B1,22,confirmation,noun,확인; 확증,CEFRJ_1_5
EN-B1-00436,B1,22,conflict,noun,갈등; 충돌,CEFRJ_1_5
EN-B1-00437,B1,22,confusing,adjective,혼란스러운,CEFRJ_1_5
EN-B1-00438,B1,22,confusion,noun,혼란; 당혹,CEFRJ_1_5
EN-B1-00439,B1,22,congratulate,verb,축하하다,CEFRJ_1_5
EN-B1-00440,B1,22,connect,verb,연결하다; 잇다,CEFRJ_1_5
EN-B1-00441,B1,23,connection/connexion,noun,연결; 관계,CEFRJ_1_5
EN-B1-00442,B1,23,conquer,verb,정복하다; 극복하다,CEFRJ_1_5
EN-B1-00443,B1,23,conscious,adjective,의식하는; 자각하는,CEFRJ_1_5
EN-B1-00444,B1,23,consequently,adverb,결과적으로; 따라서,CEFRJ_1_5
EN-B1-00445,B1,23,conservation,noun,보존; 보호,CEFRJ_1_5
EN-B1-00446,B1,23,conservative,adjective,보수적인,CEFRJ_1_5
EN-B1-00447,B1,23,considerable,adjective,상당한; 많은,CEFRJ_1_5
EN-B1-00448,B1,23,consideration,noun,고려; 숙고,CEFRJ_1_5
EN-B1-00449,B1,23,consonant,noun,자음,CEFRJ_1_5
EN-B1-00450,B1,23,constantly,adverb,끊임없이; 항상,CEFRJ_1_5
EN-B1-00451,B1,23,constitute,verb,구성하다; 제정하다,CEFRJ_1_5
EN-B1-00452,B1,23,constitution,noun,헌법; 구조,CEFRJ_1_5
EN-B1-00453,B1,23,construct,verb,건설하다; 구성하다,CEFRJ_1_5
EN-B1-00454,B1,23,construction,noun,건설; 건축,CEFRJ_1_5
EN-B1-00455,B1,23,consume,verb,소비하다; 먹다,CEFRJ_1_5
EN-B1-00456,B1,23,consumer,noun,소비자,CEFRJ_1_5
EN-B1-00457,B1,23,consumption,noun,소비; 소모,CEFRJ_1_5
EN-B1-00458,B1,23,contain,verb,포함하다; 담고 있다,CEFRJ_1_5
EN-B1-00459,B1,23,content,noun,내용; 내용물; 목차,CEFRJ_1_5
EN-B1-00460,B1,23,continual,adjective,끊임없는; 계속되는,CEFRJ_1_5
EN-B1-00461,B1,24,continually,adverb,끊임없이; 계속해서,CEFRJ_1_5
EN-B1-00462,B1,24,continuous,adjective,연속적인; 끊임없는,CEFRJ_1_5
EN-B1-00463,B1,24,continuously,adverb,연속적으로; 계속해서,CEFRJ_1_5
EN-B1-00464,B1,24,contrary,adjective,반대의; 상반되는,CEFRJ_1_5
EN-B1-00465,B1,24,contribute,verb,기여하다; 원인이 되다,CEFRJ_1_5
EN-B1-00466,B1,24,contribution,noun,기여; 기부,CEFRJ_1_5
EN-B1-00467,B1,24,control,verb,통제하다; 제어하다,CEFRJ_1_5
EN-B1-00468,B1,24,controversial,adjective,논란이 많은,CEFRJ_1_5
EN-B1-00469,B1,24,convey,verb,전달하다; 운반하다,CEFRJ_1_5
EN-B1-00470,B1,24,convince,verb,설득하다; 납득시키다,CEFRJ_1_5
EN-B1-00471,B1,24,copyright,noun,저작권,CEFRJ_1_5
EN-B1-00472,B1,24,correction,noun,교정; 수정,CEFRJ_1_5
EN-B1-00473,B1,24,cotton,noun,면; 목화,CEFRJ_1_5
EN-B1-00474,B1,24,cough,verb,기침하다,CEFRJ_1_5
EN-B1-00475,B1,24,council,noun,의회; 협의회,CEFRJ_1_5
EN-B1-00476,B1,24,counseling/counselling,noun,상담,CEFRJ_1_5
EN-B1-00477,B1,24,count,noun,수; 계산,CEFRJ_1_5
EN-B1-00478,B1,24,counter,verb,반박하다; 대응하다,CEFRJ_1_5
EN-B1-00479,B1,24,countless,adjective,셀 수 없이 많은,CEFRJ_1_5
EN-B1-00480,B1,24,county,noun,자치주; 카운티,CEFRJ_1_5
EN-B1-00481,B1,25,courage,noun,용기; 담력,CEFRJ_1_5
EN-B1-00482,B1,25,courageous,adjective,용기 있는,CEFRJ_1_5
EN-B1-00483,B1,25,courgette,noun,애호박,CEFRJ_1_5
EN-B1-00484,B1,25,craft,noun,공예; 기술,CEFRJ_1_5
EN-B1-00485,B1,25,crash,noun,충돌; 추락,CEFRJ_1_5
EN-B1-00486,B1,25,crash,verb,충돌하다; 추락하다,CEFRJ_1_5
EN-B1-00487,B1,25,creator,noun,창조자; 제작자,CEFRJ_1_5
EN-B1-00488,B1,25,criminal,noun,범죄자,CEFRJ_1_5
EN-B1-00489,B1,25,crisis,noun,위기,CEFRJ_1_5
EN-B1-00490,B1,25,critic,noun,비평가,CEFRJ_1_5
EN-B1-00491,B1,25,critical,adjective,비판적인; 결정적인,CEFRJ_1_5
EN-B1-00492,B1,25,crop,noun,농작물; 수확량,CEFRJ_1_5
EN-B1-00493,B1,25,crossing,noun,횡단; 건널목,CEFRJ_1_5
EN-B1-00494,B1,25,crossroads,noun,교차로,CEFRJ_1_5
EN-B1-00495,B1,25,crow,noun,까마귀,CEFRJ_1_5
EN-B1-00496,B1,25,cruel,adjective,잔인한,CEFRJ_1_5
EN-B1-00497,B1,25,crush,noun,반함; 짝사랑; 짓누름,CEFRJ_1_5
EN-B1-00498,B1,25,cucumber,noun,오이,CEFRJ_1_5
EN-B1-00499,B1,25,cultivate,verb,경작하다; 함양하다,CEFRJ_1_5
EN-B1-00500,B1,25,cultural,adjective,문화의,CEFRJ_1_5
EN-B1-00501,B1,26,cure,noun,치료; 치료법,CEFRJ_1_5
EN-B1-00502,B1,26,curiosity,noun,호기심,CEFRJ_1_5
EN-B1-00503,B1,26,curious,adjective,호기심 많은,CEFRJ_1_5
EN-B1-00504,B1,26,curiously,adverb,신기하게도; 호기심 있게,CEFRJ_1_5
EN-B1-00505,B1,26,curly,adjective,곱슬곱슬한,CEFRJ_1_5
EN-B1-00506,B1,26,currency,noun,통화; 유통,CEFRJ_1_5
EN-B1-00507,B1,26,current,adjective,현재의; 통용되는,CEFRJ_1_5
EN-B1-00508,B1,26,currently,adverb,현재,CEFRJ_1_5
EN-B1-00509,B1,26,curriculum,noun,교육 과정,CEFRJ_1_5
EN-B1-00510,B1,26,curtain,noun,커튼,CEFRJ_1_5
EN-B1-00511,B1,26,curve,noun,곡선; 굴곡,CEFRJ_1_5
EN-B1-00512,B1,26,cushion,noun,쿠션,CEFRJ_1_5
EN-B1-00513,B1,26,customs,noun,관세; 세관,CEFRJ_1_5
EN-B1-00514,B1,26,cut,noun,베인 상처; 절단,CEFRJ_1_5
EN-B1-00515,B1,26,CV,noun,이력서,CEFRJ_1_5
EN-B1-00516,B1,26,cycle,noun,주기; 자전거,CEFRJ_1_5
EN-B1-00517,B1,26,cycle,verb,자전거를 타다; 순환하다,CEFRJ_1_5
EN-B1-00518,B1,26,daisy,noun,데이지,CEFRJ_1_5
EN-B1-00519,B1,26,damage,noun,손상; 피해,CEFRJ_1_5
EN-B1-00520,B1,26,damage,verb,손상시키다; 피해를 주다,CEFRJ_1_5
EN-B1-00521,B1,27,damaged,adjective,손상된,CEFRJ_1_5
EN-B1-00522,B1,27,damp,adjective,축축한,CEFRJ_1_5
EN-B1-00523,B1,27,dangerously,adverb,위험하게,CEFRJ_1_5
EN-B1-00524,B1,27,dare,verb,감히 ~하다; 도전하다,CEFRJ_1_5
EN-B1-00525,B1,27,darkness,noun,어둠,CEFRJ_1_5
EN-B1-00526,B1,27,date,verb,날짜를 적다; 데이트하다,CEFRJ_1_5
EN-B1-00527,B1,27,dating,noun,데이트,CEFRJ_1_5
EN-B1-00528,B1,27,daze,noun,멍한 상태,CEFRJ_1_5
EN-B1-00529,B1,27,dazzle,noun,눈부심; 매혹,CEFRJ_1_5
EN-B1-00530,B1,27,deadline,noun,마감 기한,CEFRJ_1_5
EN-B1-00531,B1,27,deadly,adjective,치명적인,CEFRJ_1_5
EN-B1-00532,B1,27,deaf,adjective,귀가 들리지 않는,CEFRJ_1_5
EN-B1-00533,B1,27,deal,verb,거래하다; 다루다,CEFRJ_1_5
EN-B1-00534,B1,27,dealer,noun,상인; 딜러,CEFRJ_1_5
EN-B1-00535,B1,27,debris,noun,잔해; 쓰레기,CEFRJ_1_5
EN-B1-00536,B1,27,debt,noun,빚,CEFRJ_1_5
EN-B1-00537,B1,27,decision,noun,결정,CEFRJ_1_5
EN-B1-00538,B1,27,declaration,noun,선언; 신고,CEFRJ_1_5
EN-B1-00539,B1,27,declare,verb,선언하다; 신고하다,CEFRJ_1_5
EN-B1-00540,B1,27,decline,noun,감소; 쇠퇴,CEFRJ_1_5
EN-B1-00541,B1,28,decrease,noun,감소,CEFRJ_1_5
EN-B1-00542,B1,28,decrease,verb,줄이다,CEFRJ_1_5
EN-B1-00543,B1,28,dedicate,verb,헌신하다; 바치다,CEFRJ_1_5
EN-B1-00544,B1,28,deed,noun,행위; 증서,CEFRJ_1_5
EN-B1-00545,B1,28,defeat,verb,패배시키다,CEFRJ_1_5
EN-B1-00546,B1,28,defend,verb,방어하다; 변호하다,CEFRJ_1_5
EN-B1-00547,B1,28,defender,noun,방어자; 수비수,CEFRJ_1_5
EN-B1-00548,B1,28,defense/defence,noun,방어; 변호,CEFRJ_1_5
EN-B1-00549,B1,28,deficiency,noun,결핍; 부족,CEFRJ_1_5
EN-B1-00550,B1,28,define,verb,정의하다; 규정하다,CEFRJ_1_5
EN-B1-00551,B1,28,definite,adjective,명확한; 확실한,CEFRJ_1_5
EN-B1-00552,B1,28,definite article,noun,정관사,CEFRJ_1_5
EN-B1-00553,B1,28,definitely,adverb,분명히; 확실히,CEFRJ_1_5
EN-B1-00554,B1,28,definition,noun,정의,CEFRJ_1_5
EN-B1-00555,B1,28,delay,verb,지연시키다; 미루다,CEFRJ_1_5
EN-B1-00556,B1,28,delete,verb,삭제하다,CEFRJ_1_5
EN-B1-00557,B1,28,delicate,adjective,섬세한; 연약한,CEFRJ_1_5
EN-B1-00558,B1,28,delight,noun,기쁨,CEFRJ_1_5
EN-B1-00559,B1,28,delighted,adjective,기뻐하는,CEFRJ_1_5
EN-B1-00560,B1,28,delightful,adjective,아주 기쁜; 즐거운,CEFRJ_1_5
EN-B1-00561,B1,29,deliver,verb,배달하다; 전하다,CEFRJ_1_5
EN-B1-00562,B1,29,delivery,noun,배달; 분만,CEFRJ_1_5
EN-B1-00563,B1,29,demand,noun,수요; 요구,CEFRJ_1_5
EN-B1-00564,B1,29,demand,verb,요구하다,CEFRJ_1_5
EN-B1-00565,B1,29,democracy,noun,민주주의,CEFRJ_1_5
EN-B1-00566,B1,29,democratic,adjective,민주적인,CEFRJ_1_5
EN-B1-00567,B1,29,demonstrate,verb,증명하다; 시위하다,CEFRJ_1_5
EN-B1-00568,B1,29,demonstration,noun,시위; 증명,CEFRJ_1_5
EN-B1-00569,B1,29,deny,verb,부인하다; 거절하다,CEFRJ_1_5
EN-B1-00570,B1,29,depart,verb,떠나다; 출발하다,CEFRJ_1_5
EN-B1-00571,B1,29,department,noun,부서; 학과,CEFRJ_1_5
EN-B1-00572,B1,29,departure,noun,출발,CEFRJ_1_5
EN-B1-00573,B1,29,dependent,adjective,의존하는,CEFRJ_1_5
EN-B1-00574,B1,29,deposit,noun,보증금; 예금,CEFRJ_1_5
EN-B1-00575,B1,29,depressed,adjective,우울한,CEFRJ_1_5
EN-B1-00576,B1,29,depressing,adjective,우울하게 하는,CEFRJ_1_5
EN-B1-00577,B1,29,depression,noun,우울증; 불경기,CEFRJ_1_5
EN-B1-00578,B1,29,deprive,verb,박탈하다,CEFRJ_1_5
EN-B1-00579,B1,29,depth,noun,깊이,CEFRJ_1_5
EN-B1-00580,B1,29,derive,verb,끌어내다; 유래하다,CEFRJ_1_5
EN-B1-00581,B1,30,deserve,verb,받을 자격이 있다,CEFRJ_1_5
EN-B1-00582,B1,30,design,verb,설계하다; 디자인하다,CEFRJ_1_5
EN-B1-00583,B1,30,designer,noun,디자이너,CEFRJ_1_5
EN-B1-00584,B1,30,desire,noun,욕구; 갈망,CEFRJ_1_5
EN-B1-00585,B1,30,despair,noun,절망,CEFRJ_1_5
EN-B1-00586,B1,30,desperate,adjective,필사적인,CEFRJ_1_5
EN-B1-00587,B1,30,despite,preposition,~에도 불구하고,CEFRJ_1_5
EN-B1-00588,B1,30,destination,noun,목적지,CEFRJ_1_5
EN-B1-00589,B1,30,destruction,noun,파괴,CEFRJ_1_5
EN-B1-00590,B1,30,destructive,adjective,파괴적인,CEFRJ_1_5
EN-B1-00591,B1,30,detective,noun,탐정,CEFRJ_1_5
EN-B1-00592,B1,30,determination,noun,결단력; 투지,CEFRJ_1_5
EN-B1-00593,B1,30,determine,verb,결정하다; 알아내다,CEFRJ_1_5
EN-B1-00594,B1,30,devastate,verb,황폐화하다,CEFRJ_1_5
EN-B1-00595,B1,30,devastating,adjective,파괴적인; 엄청난,CEFRJ_1_5
EN-B1-00596,B1,30,development,noun,발달; 개발,CEFRJ_1_5
EN-B1-00597,B1,30,device,noun,장치; 기구,CEFRJ_1_5
EN-B1-00598,B1,30,devotion,noun,헌신,CEFRJ_1_5
EN-B1-00599,B1,30,diagram,noun,도표; 다이어그램,CEFRJ_1_5
EN-B1-00600,B1,30,dial,noun,다이얼; 눈금판,CEFRJ_1_5
EN-B1-00601,B1,31,dial,verb,전화를 걸다,CEFRJ_1_5
EN-B1-00602,B1,31,dialog/dialogue,noun,대화,CEFRJ_1_5
EN-B1-00603,B1,31,diameter,noun,지름,CEFRJ_1_5
EN-B1-00604,B1,31,diaper,noun,기저귀,CEFRJ_1_5
EN-B1-00605,B1,31,differ,verb,다르다,CEFRJ_1_5
EN-B1-00606,B1,31,dig,verb,파다,CEFRJ_1_5
EN-B1-00607,B1,31,digital,adjective,디지털의,CEFRJ_1_5
EN-B1-00608,B1,31,diligence,noun,근면,CEFRJ_1_5
EN-B1-00609,B1,31,diligent,adjective,근면한,CEFRJ_1_5
EN-B1-00610,B1,31,dioxide,noun,이산화물,CEFRJ_1_5
EN-B1-00611,B1,31,direct,verb,지휘하다; 길을 안내하다,CEFRJ_1_5
EN-B1-00612,B1,31,directly,adverb,직접; 곧바로,CEFRJ_1_5
EN-B1-00613,B1,31,dirt,noun,먼지; 흙,CEFRJ_1_5
EN-B1-00614,B1,31,disability,noun,장애,CEFRJ_1_5
EN-B1-00615,B1,31,disable,verb,사용 불능하게 하다,CEFRJ_1_5
EN-B1-00616,B1,31,disabled,adjective,장애가 있는,CEFRJ_1_5
EN-B1-00617,B1,31,disagreement,noun,불일치; 의견 충돌,CEFRJ_1_5
EN-B1-00618,B1,31,disappoint,verb,실망시키다,CEFRJ_1_5
EN-B1-00619,B1,31,disappointment,noun,실망,CEFRJ_1_5
EN-B1-00620,B1,31,disaster,noun,재난,CEFRJ_1_5
EN-B1-00621,B1,32,disastrous,adjective,재앙의; 비참한,CEFRJ_1_5
EN-B1-00622,B1,32,disc jockey/disk jockey,noun,디스크 자키,CEFRJ_1_5
EN-B1-00623,B1,32,discomfort,noun,불편,CEFRJ_1_5
EN-B1-00624,B1,32,discount,noun,할인,CEFRJ_1_5
EN-B1-00625,B1,32,discourage,verb,낙담시키다,CEFRJ_1_5
EN-B1-00626,B1,32,discovery,noun,발견,CEFRJ_1_5
EN-B1-00627,B1,32,discrimination,noun,차별,CEFRJ_1_5
EN-B1-00628,B1,32,disease,noun,질병,CEFRJ_1_5
EN-B1-00629,B1,32,disgusting,adjective,역겨운,CEFRJ_1_5
EN-B1-00630,B1,32,dishwasher,noun,식기 세척기,CEFRJ_1_5
EN-B1-00631,B1,32,disk/disc,noun,디스크; 원반,CEFRJ_1_5
EN-B1-00632,B1,32,dislike,verb,싫어하다,CEFRJ_1_5
EN-B1-00633,B1,32,display,verb,전시하다; 보여주다,CEFRJ_1_5
EN-B1-00634,B1,32,dissolve,verb,녹이다; 용해하다,CEFRJ_1_5
EN-B1-00635,B1,32,distance,noun,거리,CEFRJ_1_5
EN-B1-00636,B1,32,distant,adjective,먼,CEFRJ_1_5
EN-B1-00637,B1,32,distinction,noun,구별; 차이,CEFRJ_1_5
EN-B1-00638,B1,32,distinctly,adverb,뚜렷하게,CEFRJ_1_5
EN-B1-00639,B1,32,distinguish,verb,구별하다,CEFRJ_1_5
EN-B1-00640,B1,32,distribute,verb,분배하다; 유통하다,CEFRJ_1_5
EN-B1-00641,B1,33,distribution,noun,분배; 유통,CEFRJ_1_5
EN-B1-00642,B1,33,district,noun,지구; 지역,CEFRJ_1_5
EN-B1-00643,B1,33,disturbance,noun,방해; 소란,CEFRJ_1_5
EN-B1-00644,B1,33,dive,noun,다이빙,CEFRJ_1_5
EN-B1-00645,B1,33,dive,verb,다이빙하다; 뛰어들다,CEFRJ_1_5
EN-B1-00646,B1,33,diver,noun,다이버,CEFRJ_1_5
EN-B1-00647,B1,33,diverse,adjective,다양한,CEFRJ_1_5
EN-B1-00648,B1,33,divide,noun,차이; 분열; 경계,CEFRJ_1_5
EN-B1-00649,B1,33,divine,adjective,신성한,CEFRJ_1_5
EN-B1-00650,B1,33,diving,noun,다이빙,CEFRJ_1_5
EN-B1-00651,B1,33,divorced,adjective,이혼한,CEFRJ_1_5
EN-B1-00652,B1,33,DJ,noun,디제이,CEFRJ_1_5
EN-B1-00653,B1,33,doc,noun,의사,CEFRJ_1_5
EN-B1-00654,B1,33,document,noun,문서; 서류,CEFRJ_1_5
EN-B1-00655,B1,33,documentary,noun,다큐멘터리,CEFRJ_1_5
EN-B1-00656,B1,33,dolphin,noun,돌고래,CEFRJ_1_5
EN-B1-00657,B1,33,dot,noun,점,CEFRJ_1_5
EN-B1-00658,B1,33,downstairs,adjective,아래층의,CEFRJ_1_5
EN-B1-00659,B1,33,downward,adjective,아래쪽으로 향하는,CEFRJ_1_5
EN-B1-00660,B1,33,doze,noun,졸음; 잠깐 잠,CEFRJ_1_5
EN-B1-00661,B1,34,dozen,determiner,12개의,CEFRJ_1_5
EN-B1-00662,B1,34,dozen,noun,12개,CEFRJ_1_5
EN-B1-00663,B1,34,drag,verb,끌다,CEFRJ_1_5
EN-B1-00664,B1,34,dramatic,adjective,극적인; 인상적인,CEFRJ_1_5
EN-B1-00665,B1,34,drown,verb,익사하다,CEFRJ_1_5
EN-B1-00666,B1,34,drunk,adjective,취한,CEFRJ_1_5
EN-B1-00667,B1,34,dude,noun,녀석; 친구,CEFRJ_1_5
EN-B1-00668,B1,34,dull,adjective,지루한; 둔한,CEFRJ_1_5
EN-B1-00669,B1,34,dump,noun,쓰레기장,CEFRJ_1_5
EN-B1-00670,B1,34,dump,verb,버리다,CEFRJ_1_5
EN-B1-00671,B1,34,dustbin,noun,쓰레기통,CEFRJ_1_5
EN-B1-00672,B1,34,dusty,adjective,먼지투성이의,CEFRJ_1_5
EN-B1-00673,B1,34,duty,noun,의무; 직무,CEFRJ_1_5
EN-B1-00674,B1,34,duty-free,adjective,면세의,CEFRJ_1_5
EN-B1-00675,B1,34,duvet,noun,이불,CEFRJ_1_5
EN-B1-00676,B1,34,dynasty,noun,왕조,CEFRJ_1_5
EN-B1-00677,B1,34,eager,adjective,열망하는,CEFRJ_1_5
EN-B1-00678,B1,34,eagerness,noun,열망,CEFRJ_1_5
EN-B1-00679,B1,34,earache,noun,귀앓이,CEFRJ_1_5
EN-B1-00680,B1,34,earnest,adjective,진지한,CEFRJ_1_5
EN-B1-00681,B1,35,eastern,adjective,동쪽의,CEFRJ_1_5
EN-B1-00682,B1,35,easygoing/easy-going,adjective,태평한,CEFRJ_1_5
EN-B1-00683,B1,35,eco,noun,환경 친화적인,CEFRJ_1_5
EN-B1-00684,B1,35,ecological,adjective,생태학적인,CEFRJ_1_5
EN-B1-00685,B1,35,ecology,noun,생태학,CEFRJ_1_5
EN-B1-00686,B1,35,economic,adjective,경제의,CEFRJ_1_5
EN-B1-00687,B1,35,economics,noun,경제학,CEFRJ_1_5
EN-B1-00688,B1,35,economy,noun,경제,CEFRJ_1_5
EN-B1-00689,B1,35,ecosystem,noun,생태계,CEFRJ_1_5
EN-B1-00690,B1,35,ecstasy,noun,황홀경,CEFRJ_1_5
EN-B1-00691,B1,35,edge,noun,가장자리,CEFRJ_1_5
EN-B1-00692,B1,35,edition,noun,판; 판본,CEFRJ_1_5
EN-B1-00693,B1,35,educate,verb,교육하다,CEFRJ_1_5
EN-B1-00694,B1,35,effective,adjective,효과적인,CEFRJ_1_5
EN-B1-00695,B1,35,efficiency,noun,효율성,CEFRJ_1_5
EN-B1-00696,B1,35,efficient,adjective,효율적인,CEFRJ_1_5
EN-B1-00697,B1,35,either,determiner,어느 한쪽의,CEFRJ_1_5
EN-B1-00698,B1,35,either,pronoun,어느 한쪽,CEFRJ_1_5
EN-B1-00699,B1,35,elbow,noun,팔꿈치,CEFRJ_1_5
EN-B1-00700,B1,35,election,noun,선거,CEFRJ_1_5
EN-B1-00701,B1,36,electrical,adjective,전기의,CEFRJ_1_5
EN-B1-00702,B1,36,electricity,noun,전기,CEFRJ_1_5
EN-B1-00703,B1,36,electron,noun,전자,CEFRJ_1_5
EN-B1-00704,B1,36,electronic,adjective,전자의,CEFRJ_1_5
EN-B1-00705,B1,36,element,noun,요소; 원소,CEFRJ_1_5
EN-B1-00706,B1,36,eliminate,verb,제거하다,CEFRJ_1_5
EN-B1-00707,B1,36,embarrass,verb,당황하게 하다,CEFRJ_1_5
EN-B1-00708,B1,36,embarrassed,adjective,당황한,CEFRJ_1_5
EN-B1-00709,B1,36,embarrassment,noun,당황,CEFRJ_1_5
EN-B1-00710,B1,36,emerge,verb,나타나다; 드러나다,CEFRJ_1_5
EN-B1-00711,B1,36,emotion,noun,감정,CEFRJ_1_5
EN-B1-00712,B1,36,emotional,adjective,감정적인,CEFRJ_1_5
EN-B1-00713,B1,36,emotionally,adverb,감정적으로,CEFRJ_1_5
EN-B1-00714,B1,36,emperor,noun,황제,CEFRJ_1_5
EN-B1-00715,B1,36,emphasis,noun,강조,CEFRJ_1_5
EN-B1-00716,B1,36,emphasize/emphasize,verb,강조하다,CEFRJ_1_5
EN-B1-00717,B1,36,empire,noun,제국,CEFRJ_1_5
EN-B1-00718,B1,36,employment,noun,고용,CEFRJ_1_5
EN-B1-00719,B1,36,enable,verb,가능하게 하다,CEFRJ_1_5
EN-B1-00720,B1,36,enclose,verb,동봉하다; 둘러싸다,CEFRJ_1_5
EN-B1-00721,B1,37,encounter,noun,만남; 마주침,CEFRJ_1_5
EN-B1-00722,B1,37,encouragement,noun,격려,CEFRJ_1_5
EN-B1-00723,B1,37,encouraging,adjective,격려하는,CEFRJ_1_5
EN-B1-00724,B1,37,encyclopedia/encyclopaedia,noun,백과사전,CEFRJ_1_5
EN-B1-00725,B1,37,endanger,verb,위태롭게 하다,CEFRJ_1_5
EN-B1-00726,B1,37,endless,adjective,끝없는; 영원한,CEFRJ_1_5
EN-B1-00727,B1,37,endure,verb,견디다; 참다,CEFRJ_1_5
EN-B1-00728,B1,37,enemy,noun,적; 적군,CEFRJ_1_5
EN-B1-00729,B1,37,engage,verb,관여하다; 종사하다; 약속하다,CEFRJ_1_5
EN-B1-00730,B1,37,engaged,adjective,약혼한; 바쁜,CEFRJ_1_5
EN-B1-00731,B1,37,engine,noun,엔진; 기관,CEFRJ_1_5
EN-B1-00732,B1,37,engineering,noun,공학,CEFRJ_1_5
EN-B1-00733,B1,37,Englishman,noun,영국인,CEFRJ_1_5
EN-B1-00734,B1,37,enjoyable,adjective,즐거운,CEFRJ_1_5
EN-B1-00735,B1,37,enjoyment,noun,즐거움; 향유,CEFRJ_1_5
EN-B1-00736,B1,37,enrich,verb,풍요롭게 하다; 질을 높이다,CEFRJ_1_5
EN-B1-00737,B1,37,ensure,verb,보장하다; 확실하게 하다,CEFRJ_1_5
EN-B1-00738,B1,37,entertain,verb,즐겁게 하다; 대접하다,CEFRJ_1_5
EN-B1-00739,B1,37,entertainer,noun,연예인; 엔터테이너,CEFRJ_1_5
EN-B1-00740,B1,37,enthusiasm,noun,열정; 열광,CEFRJ_1_5
EN-B1-00741,B1,38,enthusiast,noun,애호가; 열광자,CEFRJ_1_5
EN-B1-00742,B1,38,enthusiastic,adjective,열렬한; 열광적인,CEFRJ_1_5
EN-B1-00743,B1,38,entire,adjective,전체의; 완전한,CEFRJ_1_5
EN-B1-00744,B1,38,entirely,adverb,완전히; 전적으로,CEFRJ_1_5
EN-B1-00745,B1,38,entry,noun,입구; 기입; 참가,CEFRJ_1_5
EN-B1-00746,B1,38,environmental,adjective,환경의,CEFRJ_1_5
EN-B1-00747,B1,38,environmentalist,noun,환경 보호론자,CEFRJ_1_5
EN-B1-00748,B1,38,equal,adjective,동등한; 평등한,CEFRJ_1_5
EN-B1-00749,B1,38,equality,noun,평등; 균등,CEFRJ_1_5
EN-B1-00750,B1,38,equally,adverb,똑같이; 균등하게,CEFRJ_1_5
EN-B1-00751,B1,38,equipment,noun,장비; 설비,CEFRJ_1_5
EN-B1-00752,B1,38,era,noun,시대; 연대,CEFRJ_1_5
EN-B1-00753,B1,38,escape,verb,탈출하다; 벗어나다,CEFRJ_1_5
EN-B1-00754,B1,38,essence,noun,본질; 정수,CEFRJ_1_5
EN-B1-00755,B1,38,essential,adjective,필수적인; 본질적인,CEFRJ_1_5
EN-B1-00756,B1,38,establishment,noun,설립; 시설; 기관,CEFRJ_1_5
EN-B1-00757,B1,38,estimate,verb,추정하다; 평가하다,CEFRJ_1_5
EN-B1-00758,B1,38,eternal,adjective,영원한,CEFRJ_1_5
EN-B1-00759,B1,38,eternity,noun,영원; 영겁,CEFRJ_1_5
EN-B1-00760,B1,38,even,adjective,평평한; 균등한; 짝수의,CEFRJ_1_5
EN-B1-00761,B1,39,evenly,adverb,고르게; 균등하게,CEFRJ_1_5
EN-B1-00762,B1,39,eventually,adverb,결국; 마침내,CEFRJ_1_5
EN-B1-00763,B1,39,evident,adjective,분명한; 명백한,CEFRJ_1_5
EN-B1-00764,B1,39,exact,adjective,정확한; 꼼꼼한,CEFRJ_1_5
EN-B1-00765,B1,39,examination,noun,시험; 검사; 조사,CEFRJ_1_5
EN-B1-00766,B1,39,examine,verb,검사하다; 조사하다,CEFRJ_1_5
EN-B1-00767,B1,39,examiner,noun,시험관; 검사관,CEFRJ_1_5
EN-B1-00768,B1,39,excellence,noun,탁월함; 우수성,CEFRJ_1_5
EN-B1-00769,B1,39,excess,noun,초과; 과잉,CEFRJ_1_5
EN-B1-00770,B1,39,exchange,verb,교환하다; 주고받다,CEFRJ_1_5
EN-B1-00771,B1,39,exchange rate,noun,환율,CEFRJ_1_5
EN-B1-00772,B1,39,excitedly,adverb,흥분하여; 신나서,CEFRJ_1_5
EN-B1-00773,B1,39,excitement,noun,흥분; 신남,CEFRJ_1_5
EN-B1-00774,B1,39,exclusive,adjective,독점적인; 배타적인,CEFRJ_1_5
EN-B1-00775,B1,39,excuse,verb,용서하다; 변명하다,CEFRJ_1_5
EN-B1-00776,B1,39,exhausted,adjective,기진맥진한; 지친,CEFRJ_1_5
EN-B1-00777,B1,39,existence,noun,존재; 실재,CEFRJ_1_5
EN-B1-00778,B1,39,exit,noun,출구; 퇴장,CEFRJ_1_5
EN-B1-00779,B1,39,exit,verb,나가다; 퇴장하다,CEFRJ_1_5
EN-B1-00780,B1,39,expand,verb,확장하다; 팽창하다,CEFRJ_1_5
EN-B1-00781,B1,40,expense,noun,비용; 지출,CEFRJ_1_5
EN-B1-00782,B1,40,experience,verb,경험하다; 겪다,CEFRJ_1_5
EN-B1-00783,B1,40,experienced,adjective,경험이 풍부한; 숙련된,CEFRJ_1_5
EN-B1-00784,B1,40,experiment,noun,실험,CEFRJ_1_5
EN-B1-00785,B1,40,exploration,noun,탐험; 탐구,CEFRJ_1_5
EN-B1-00786,B1,40,explosion,noun,폭발,CEFRJ_1_5
EN-B1-00787,B1,40,expose,verb,노출하다; 드러내다,CEFRJ_1_5
EN-B1-00788,B1,40,express,verb,표현하다; 나타내다,CEFRJ_1_5
EN-B1-00789,B1,40,extend,verb,연장하다; 확장하다,CEFRJ_1_5
EN-B1-00790,B1,40,extensively,adverb,광범위하게; 널리,CEFRJ_1_5
EN-B1-00791,B1,40,extent,noun,정도; 범위; 크기,CEFRJ_1_5
EN-B1-00792,B1,40,extinct,adjective,멸종된; 사라진,CEFRJ_1_5
EN-B1-00793,B1,40,extinction,noun,멸종,CEFRJ_1_5
EN-B1-00794,B1,40,extra,noun,추가; 여분,CEFRJ_1_5
EN-B1-00795,B1,40,extraordinary,adjective,비범한; 놀라운,CEFRJ_1_5
EN-B1-00796,B1,40,extreme,adjective,극도의; 극심한,CEFRJ_1_5
EN-B1-00797,B1,40,extreme sports,noun,익스트림 스포츠,CEFRJ_1_5
EN-B1-00798,B1,40,eyesight,noun,시력,CEFRJ_1_5
EN-B1-00799,B1,40,face to face,adverb,직접; 맞대고,CEFRJ_1_5
EN-B1-00800,B1,40,face-to-face,adjective,직접 대면하는,CEFRJ_1_5
EN-B1-00801,B1,41,facility,noun,시설; 기능; 재능,CEFRJ_1_5
EN-B1-00802,B1,41,fade,verb,희미해지다; 서서히 사라지다,CEFRJ_1_5
EN-B1-00803,B1,41,failure,noun,실패; 고장,CEFRJ_1_5
EN-B1-00804,B1,41,faint,adjective,희미한; 어지러운,CEFRJ_1_5
EN-B1-00805,B1,41,fair,noun,박람회; 축제,CEFRJ_1_5
EN-B1-00806,B1,41,faithful,adjective,충실한; 신의 있는,CEFRJ_1_5
EN-B1-00807,B1,41,fake,adjective,가짜의; 모조의,CEFRJ_1_5
EN-B1-00808,B1,41,fall,noun,낙하; 하락; 가을,CEFRJ_1_5
EN-B1-00809,B1,41,fallen,adjective,떨어진; 쓰러진,CEFRJ_1_5
EN-B1-00810,B1,41,fancy,noun,공상; 기호,CEFRJ_1_5
EN-B1-00811,B1,41,fancy,verb,좋아하다; 원하다,CEFRJ_1_5
EN-B1-00812,B1,41,fantasy,noun,공상; 판타지,CEFRJ_1_5
EN-B1-00813,B1,41,faraway,adjective,먼; 아득한,CEFRJ_1_5
EN-B1-00814,B1,41,farewell,noun,작별; 송별,CEFRJ_1_5
EN-B1-00815,B1,41,farming,noun,농업; 농사,CEFRJ_1_5
EN-B1-00816,B1,41,farmland,noun,농경지,CEFRJ_1_5
EN-B1-00817,B1,41,farther,adverb,더 멀리,CEFRJ_1_5
EN-B1-00818,B1,41,farthest,adverb,가장 멀리,CEFRJ_1_5
EN-B1-00819,B1,41,fascinate,verb,매혹하다; 마음을 사로잡다,CEFRJ_1_5
EN-B1-00820,B1,41,fashionable,adjective,유행하는,CEFRJ_1_5
EN-B1-00821,B1,42,fasten,verb,잠그다; 고정하다,CEFRJ_1_5
EN-B1-00822,B1,42,favorable/favourable,adjective,호의적인; 유리한,CEFRJ_1_5
EN-B1-00823,B1,42,fax,noun,팩스,CEFRJ_1_5
EN-B1-00824,B1,42,fax,verb,팩스를 보내다,CEFRJ_1_5
EN-B1-00825,B1,42,feast,noun,연회; 축제,CEFRJ_1_5
EN-B1-00826,B1,42,feed,verb,먹이를 주다; 공급하다,CEFRJ_1_5
EN-B1-00827,B1,42,fellow,noun,동료; 친구,CEFRJ_1_5
EN-B1-00828,B1,42,ferry,noun,연락선; 페리,CEFRJ_1_5
EN-B1-00829,B1,42,festive,adjective,축제의; 즐거운,CEFRJ_1_5
EN-B1-00830,B1,42,fetch,verb,가서 가져오다,CEFRJ_1_5
EN-B1-00831,B1,42,feverishly,adverb,열광적으로; 몹시 흥분하여,CEFRJ_1_5
EN-B1-00832,B1,42,few,pronoun,소수의 사람들,CEFRJ_1_5
EN-B1-00833,B1,42,fifth,noun,다섯 번째,CEFRJ_1_5
EN-B1-00834,B1,42,fight,verb,싸우다,CEFRJ_1_5
EN-B1-00835,B1,42,filling,noun,속재료; 충전물,CEFRJ_1_5
EN-B1-00836,B1,42,film,verb,영화로 찍다; 촬영하다,CEFRJ_1_5
EN-B1-00837,B1,42,film-maker,noun,영화 제작자,CEFRJ_1_5
EN-B1-00838,B1,42,filter,noun,필터; 여과 장치,CEFRJ_1_5
EN-B1-00839,B1,42,finance,verb,자금을 대다,CEFRJ_1_5
EN-B1-00840,B1,42,financial,adjective,재정의; 금융의,CEFRJ_1_5
EN-B1-00841,B1,43,finding,noun,발견물; 조사 결과,CEFRJ_1_5
EN-B1-00842,B1,43,fine,noun,벌금,CEFRJ_1_5
EN-B1-00843,B1,43,finger,noun,손가락,CEFRJ_1_5
EN-B1-00844,B1,43,fire station,noun,소방서,CEFRJ_1_5
EN-B1-00845,B1,43,firefighter,noun,소방관,CEFRJ_1_5
EN-B1-00846,B1,43,firework,noun,불꽃놀이,CEFRJ_1_5
EN-B1-00847,B1,43,firm,adjective,단단한; 확고한,CEFRJ_1_5
EN-B1-00848,B1,43,firm,noun,회사,CEFRJ_1_5
EN-B1-00849,B1,43,firmly,adverb,단단히; 확고하게,CEFRJ_1_5
EN-B1-00850,B1,43,first floor,noun,2층,CEFRJ_1_5
EN-B1-00851,B1,43,first lady,noun,영부인,CEFRJ_1_5
EN-B1-00852,B1,43,first-floor,adjective,2층의,CEFRJ_1_5
EN-B1-00853,B1,43,fish,verb,낚시하다,CEFRJ_1_5
EN-B1-00854,B1,43,fit,verb,맞다; 적합하다,CEFRJ_1_5
EN-B1-00855,B1,43,fitness,noun,건강; 신체 단련,CEFRJ_1_5
EN-B1-00856,B1,43,fix,verb,고치다; 정하다,CEFRJ_1_5
EN-B1-00857,B1,43,flash,adjective,번쩍이는; 화려한,CEFRJ_1_5
EN-B1-00858,B1,43,flat,adjective,평평한; 바람이 빠진,CEFRJ_1_5
EN-B1-00859,B1,43,flavor/flavour,noun,맛; 풍미,CEFRJ_1_5
EN-B1-00860,B1,43,float,verb,뜨다; 떠다니다,CEFRJ_1_5
EN-B1-00861,B1,44,flock,noun,무리; 떼,CEFRJ_1_5
EN-B1-00862,B1,44,flood,verb,침수시키다; 범람하다,CEFRJ_1_5
EN-B1-00863,B1,44,flow,noun,흐름; 유동,CEFRJ_1_5
EN-B1-00864,B1,44,flow,verb,흐르다,CEFRJ_1_5
EN-B1-00865,B1,44,flu,noun,독감,CEFRJ_1_5
EN-B1-00866,B1,44,fluent,adjective,유창한,CEFRJ_1_5
EN-B1-00867,B1,44,fluently,adverb,유창하게,CEFRJ_1_5
EN-B1-00868,B1,44,flunk,verb,낙제하다,CEFRJ_1_5
EN-B1-00869,B1,44,flute,noun,플루트,CEFRJ_1_5
EN-B1-00870,B1,44,fold,noun,접은 자국; 주름,CEFRJ_1_5
EN-B1-00871,B1,44,fold,verb,접다,CEFRJ_1_5
EN-B1-00872,B1,44,folk,noun,사람들; 가족,CEFRJ_1_5
EN-B1-00873,B1,44,fond,adjective,좋아하는; 다정한,CEFRJ_1_5
EN-B1-00874,B1,44,fondness,noun,좋아함; 애정,CEFRJ_1_5
EN-B1-00875,B1,44,fool,verb,속이다; 바보 취급하다,CEFRJ_1_5
EN-B1-00876,B1,44,foolish,adjective,어리석은,CEFRJ_1_5
EN-B1-00877,B1,44,foot,noun,발,CEFRJ_1_5
EN-B1-00878,B1,44,forbidden,adjective,금지된,CEFRJ_1_5
EN-B1-00879,B1,44,forecast,noun,예보; 예측,CEFRJ_1_5
EN-B1-00880,B1,44,forehead,noun,이마,CEFRJ_1_5
EN-B1-00881,B1,45,forgive,verb,용서하다,CEFRJ_1_5
EN-B1-00882,B1,45,form,verb,형성하다; 구성하다,CEFRJ_1_5
EN-B1-00883,B1,45,formal,adjective,공식적인; 격식을 차린,CEFRJ_1_5
EN-B1-00884,B1,45,formally,adverb,공식적으로,CEFRJ_1_5
EN-B1-00885,B1,45,format,noun,형식; 구성,CEFRJ_1_5
EN-B1-00886,B1,45,format,verb,형식을 정하다,CEFRJ_1_5
EN-B1-00887,B1,45,former,adjective,이전의; 전자의,CEFRJ_1_5
EN-B1-00888,B1,45,formula,noun,공식; 방식,CEFRJ_1_5
EN-B1-00889,B1,45,forth,adverb,앞으로; 밖으로,CEFRJ_1_5
EN-B1-00890,B1,45,fortnight,noun,2주일,CEFRJ_1_5
EN-B1-00891,B1,45,fortunate,adjective,운이 좋은,CEFRJ_1_5
EN-B1-00892,B1,45,foundation,noun,기반; 재단,CEFRJ_1_5
EN-B1-00893,B1,45,fountain,noun,분수,CEFRJ_1_5
EN-B1-00894,B1,45,fragment,noun,파편; 조각,CEFRJ_1_5
EN-B1-00895,B1,45,freely,adverb,자유롭게,CEFRJ_1_5
EN-B1-00896,B1,45,freezer,noun,냉동고,CEFRJ_1_5
EN-B1-00897,B1,45,freezing,adjective,꽁꽁 얼어붙는,CEFRJ_1_5
EN-B1-00898,B1,45,frequency,noun,빈도; 주파수,CEFRJ_1_5
EN-B1-00899,B1,45,frequent,adjective,빈번한; 잦은,CEFRJ_1_5
EN-B1-00900,B1,45,frequently,adverb,자주; 빈번히,CEFRJ_1_5
EN-B1-00901,B1,46,freshman,noun,1학년생,CEFRJ_1_5
EN-B1-00902,B1,46,friendliness,noun,친절함,CEFRJ_1_5
EN-B1-00903,B1,46,fright,noun,공포; 놀람,CEFRJ_1_5
EN-B1-00904,B1,46,frost,noun,서리; 성에,CEFRJ_1_5
EN-B1-00905,B1,46,frozen,adjective,냉동된; 얼어붙은,CEFRJ_1_5
EN-B1-00906,B1,46,frustrated,adjective,좌절감을 느끼는,CEFRJ_1_5
EN-B1-00907,B1,46,frustration,noun,좌절감; 불만,CEFRJ_1_5
EN-B1-00908,B1,46,fry,verb,튀기다; 볶다,CEFRJ_1_5
EN-B1-00909,B1,46,frying pan,noun,프라이팬,CEFRJ_1_5
EN-B1-00910,B1,46,fuel,noun,연료,CEFRJ_1_5
EN-B1-00911,B1,46,full stop,noun,마침표,CEFRJ_1_5
EN-B1-00912,B1,46,full-time,adjective,전임의; 상근의,CEFRJ_1_5
EN-B1-00913,B1,46,full-time,adverb,전임으로; 상근으로,CEFRJ_1_5
EN-B1-00914,B1,46,function,noun,기능; 행사,CEFRJ_1_5
EN-B1-00915,B1,46,fund,noun,기금; 자금,CEFRJ_1_5
EN-B1-00916,B1,46,fund,verb,자금을 대다,CEFRJ_1_5
EN-B1-00917,B1,46,funeral,noun,장례식,CEFRJ_1_5
EN-B1-00918,B1,46,fur,noun,털; 모피,CEFRJ_1_5
EN-B1-00919,B1,46,furnish,verb,가구를 비치하다,CEFRJ_1_5
EN-B1-00920,B1,46,further,adverb,더 멀리; 더 나아가,CEFRJ_1_5
EN-B1-00921,B1,47,furthermore,adverb,게다가; 더욱이,CEFRJ_1_5
EN-B1-00922,B1,47,furthest,adverb,가장 멀리,CEFRJ_1_5
EN-B1-00923,B1,47,fuss,noun,야단법석; 소란,CEFRJ_1_5
EN-B1-00924,B1,47,future,adjective,미래의; 장래의,CEFRJ_1_5
EN-B1-00925,B1,47,gain,noun,이득; 증가,CEFRJ_1_5
EN-B1-00926,B1,47,gain,verb,얻다; 늘다,CEFRJ_1_5
EN-B1-00927,B1,47,gall,noun,뻔뻔함; 담즙,CEFRJ_1_5
EN-B1-00928,B1,47,gallon,noun,갤런,CEFRJ_1_5
EN-B1-00929,B1,47,gap,noun,틈; 격차,CEFRJ_1_5
EN-B1-00930,B1,47,gardening,noun,정원 가꾸기,CEFRJ_1_5
EN-B1-00931,B1,47,garment,noun,의복,CEFRJ_1_5
EN-B1-00932,B1,47,gay,adjective,동성애자의,CEFRJ_1_5
EN-B1-00933,B1,47,gee,interjection,어머나,CEFRJ_1_5
EN-B1-00934,B1,47,gene,noun,유전자,CEFRJ_1_5
EN-B1-00935,B1,47,general,adjective,일반적인; 전반적인,CEFRJ_1_5
EN-B1-00936,B1,47,general,noun,장군,CEFRJ_1_5
EN-B1-00937,B1,47,generally,adverb,일반적으로; 대체로,CEFRJ_1_5
EN-B1-00938,B1,47,generate,verb,발생시키다; 생성하다,CEFRJ_1_5
EN-B1-00939,B1,47,generous,adjective,관대한; 너그러운,CEFRJ_1_5
EN-B1-00940,B1,47,genetic,adjective,유전적인,CEFRJ_1_5
EN-B1-00941,B1,48,genetically,adverb,유전적으로,CEFRJ_1_5
EN-B1-00942,B1,48,genetics,noun,유전학,CEFRJ_1_5
EN-B1-00943,B1,48,gentleman,noun,신사,CEFRJ_1_5
EN-B1-00944,B1,48,geographical,adjective,지리적인,CEFRJ_1_5
EN-B1-00945,B1,48,geography,noun,지리학,CEFRJ_1_5
EN-B1-00946,B1,48,geology,noun,지질학,CEFRJ_1_5
EN-B1-00947,B1,48,gesture,noun,몸짓; 제스처,CEFRJ_1_5
EN-B1-00948,B1,48,giant,adjective,거대한,CEFRJ_1_5
EN-B1-00949,B1,48,gifted,adjective,재능 있는,CEFRJ_1_5
EN-B1-00950,B1,48,giggle,noun,킥킥 웃음,CEFRJ_1_5
EN-B1-00951,B1,48,ginger,noun,생강,CEFRJ_1_5
EN-B1-00952,B1,48,giraffe,noun,기린,CEFRJ_1_5
EN-B1-00953,B1,48,glance,noun,흘긋 봄,CEFRJ_1_5
EN-B1-00954,B1,48,glance,verb,흘긋 보다,CEFRJ_1_5
EN-B1-00955,B1,48,glide,noun,미끄러짐; 활공,CEFRJ_1_5
EN-B1-00956,B1,48,glimpse,noun,언뜻 봄; 짧은 경험,CEFRJ_1_5
EN-B1-00957,B1,48,glint,noun,반짝임,CEFRJ_1_5
EN-B1-00958,B1,48,global,adjective,세계적인; 전반적인,CEFRJ_1_5
EN-B1-00959,B1,48,glorious,adjective,영광스러운; 아주 멋진,CEFRJ_1_5
EN-B1-00960,B1,48,glory,noun,영광,CEFRJ_1_5
EN-B1-00961,B1,49,go,noun,시도; 차례,CEFRJ_1_5
EN-B1-00962,B1,49,goalkeeper,noun,골키퍼,CEFRJ_1_5
EN-B1-00963,B1,49,goddess,noun,여신,CEFRJ_1_5
EN-B1-00964,B1,49,golfer,noun,골프 선수,CEFRJ_1_5
EN-B1-00965,B1,49,goodness,interjection,세상에,CEFRJ_1_5
EN-B1-00966,B1,49,goods,noun,상품; 물품,CEFRJ_1_5
EN-B1-00967,B1,49,gorgeous,adjective,아주 멋진; 화려한,CEFRJ_1_5
EN-B1-00968,B1,49,gorilla,noun,고릴라,CEFRJ_1_5
EN-B1-00969,B1,49,gossip,noun,험담; 소문,CEFRJ_1_5
EN-B1-00970,B1,49,govern,verb,통치하다; 지배하다,CEFRJ_1_5
EN-B1-00971,B1,49,governor,noun,주지사; 총독,CEFRJ_1_5
EN-B1-00972,B1,49,gown,noun,드레스; 가운,CEFRJ_1_5
EN-B1-00973,B1,49,grab,verb,붙잡다; 움켜쥐다,CEFRJ_1_5
EN-B1-00974,B1,49,graceful,adjective,우아한,CEFRJ_1_5
EN-B1-00975,B1,49,graduate,noun,졸업생,CEFRJ_1_5
EN-B1-00976,B1,49,graduation,noun,졸업,CEFRJ_1_5
EN-B1-00977,B1,49,grant,noun,보조금; 승인,CEFRJ_1_5
EN-B1-00978,B1,49,grant,verb,승인하다; 주다,CEFRJ_1_5
EN-B1-00979,B1,49,graph,noun,그래프,CEFRJ_1_5
EN-B1-00980,B1,49,graphic,adjective,생생한; 그래픽의,CEFRJ_1_5
EN-B1-00981,B1,50,graphics,noun,그래픽,CEFRJ_1_5
EN-B1-00982,B1,50,gratitude,noun,감사,CEFRJ_1_5
EN-B1-00983,B1,50,grave,noun,무덤,CEFRJ_1_5
EN-B1-00984,B1,50,gravy,noun,그레이비 소스,CEFRJ_1_5
EN-B1-00985,B1,50,greenhouse,noun,온실,CEFRJ_1_5
EN-B1-00986,B1,50,greeting,noun,인사,CEFRJ_1_5
EN-B1-00987,B1,50,grill,noun,그릴; 석쇠,CEFRJ_1_5
EN-B1-00988,B1,50,grill,verb,그릴에 굽다,CEFRJ_1_5
EN-B1-00989,B1,50,groom,noun,신랑,CEFRJ_1_5
EN-B1-00990,B1,50,ground floor,noun,1층,CEFRJ_1_5
EN-B1-00991,B1,50,group,verb,분류하다,CEFRJ_1_5
EN-B1-00992,B1,50,grouping,noun,분류,CEFRJ_1_5
EN-B1-00993,B1,50,growth,noun,성장; 증가,CEFRJ_1_5
EN-B1-00994,B1,50,guarantee,noun,보증; 보증서,CEFRJ_1_5
EN-B1-00995,B1,50,guess,noun,추측,CEFRJ_1_5
EN-B1-00996,B1,50,guidance,noun,지도; 안내,CEFRJ_1_5
EN-B1-00997,B1,50,guide,noun,안내서; 가이드,CEFRJ_1_5
EN-B1-00998,B1,50,guide,verb,안내하다; 이끌다,CEFRJ_1_5
EN-B1-00999,B1,50,guilt,noun,죄책감,CEFRJ_1_5
EN-B1-01000,B1,50,guilty,adjective,유죄의; 죄책감이 드는,CEFRJ_1_5
EN-B1-01001,B1,51,guitarist,noun,기타 연주자,CEFRJ_1_5
EN-B1-01002,B1,51,gym,noun,체육관,CEFRJ_1_5
EN-B1-01003,B1,51,gymnastics,noun,체조,CEFRJ_1_5
EN-B1-01004,B1,51,habitat,noun,서식지,CEFRJ_1_5
EN-B1-01005,B1,51,hairdresser,noun,미용사,CEFRJ_1_5
EN-B1-01006,B1,51,hairdryer,noun,헤어드라이어,CEFRJ_1_5
EN-B1-01007,B1,51,half,adverb,반쯤,CEFRJ_1_5
EN-B1-01008,B1,51,hammer,noun,망치,CEFRJ_1_5
EN-B1-01009,B1,51,handball,noun,핸드볼,CEFRJ_1_5
EN-B1-01010,B1,51,hand-held,adjective,휴대용의,CEFRJ_1_5
EN-B1-01011,B1,51,handkerchief,noun,손수건,CEFRJ_1_5
EN-B1-01012,B1,51,handle,verb,다루다; 처리하다,CEFRJ_1_5
EN-B1-01013,B1,51,handshake,noun,악수,CEFRJ_1_5
EN-B1-01014,B1,51,handwriting,noun,필체,CEFRJ_1_5
EN-B1-01015,B1,51,handy,adjective,유용한; 편리한,CEFRJ_1_5
EN-B1-01016,B1,51,hang,verb,걸다; 매달리다,CEFRJ_1_5
EN-B1-01017,B1,51,hanging,adjective,매달린,CEFRJ_1_5
EN-B1-01018,B1,51,harbor/harbour,noun,항구,CEFRJ_1_5
EN-B1-01019,B1,51,hardship,noun,고난,CEFRJ_1_5
EN-B1-01020,B1,51,hard-working,adjective,근면한,CEFRJ_1_5
EN-B1-01021,B1,52,harness,noun,마구; 안전벨트,CEFRJ_1_5
EN-B1-01022,B1,52,hasty,adjective,성급한,CEFRJ_1_5
EN-B1-01023,B1,52,hatch,noun,부화; 출입구,CEFRJ_1_5
EN-B1-01024,B1,52,hate,noun,증오,CEFRJ_1_5
EN-B1-01025,B1,52,hatred,noun,증오심,CEFRJ_1_5
EN-B1-01026,B1,52,haunt,noun,자주 가는 곳; 유령이 나오는 곳,CEFRJ_1_5
EN-B1-01027,B1,52,haven,noun,안식처; 피난처,CEFRJ_1_5
EN-B1-01028,B1,52,hazard,noun,위험(요소),CEFRJ_1_5
EN-B1-01029,B1,52,headline,noun,신문 기사 제목; 주요 뉴스,CEFRJ_1_5
EN-B1-01030,B1,52,heal,verb,치유되다; 낫다,CEFRJ_1_5
EN-B1-01031,B1,52,healing,adjective,치유의; 회복시키는,CEFRJ_1_5
EN-B1-01032,B1,52,hearing,noun,청력; 청문회,CEFRJ_1_5
EN-B1-01033,B1,52,heart attack,noun,심장마비,CEFRJ_1_5
EN-B1-01034,B1,52,hearted,adjective,~한 마음을 가진,CEFRJ_1_5
EN-B1-01035,B1,52,hearty,adjective,진심 어린; 활기찬,CEFRJ_1_5
EN-B1-01036,B1,52,heat,verb,데우다; 가열하다,CEFRJ_1_5
EN-B1-01037,B1,52,heater,noun,난로; 히터,CEFRJ_1_5
EN-B1-01038,B1,52,heaven,noun,천국; 하늘,CEFRJ_1_5
EN-B1-01039,B1,52,heavenly,adjective,천상의; 아주 멋진,CEFRJ_1_5
EN-B1-01040,B1,52,heel,noun,발뒤꿈치; 구두 굽,CEFRJ_1_5
EN-B1-01041,B1,53,height,noun,높이; 키,CEFRJ_1_5
EN-B1-01042,B1,53,helmet,noun,헬멧; 안전모,CEFRJ_1_5
EN-B1-01043,B1,53,helpless,adjective,무력한; 스스로 할 수 없는,CEFRJ_1_5
EN-B1-01044,B1,53,herd,noun,무리; 떼,CEFRJ_1_5
EN-B1-01045,B1,53,hesitate,verb,주저하다; 망설이다,CEFRJ_1_5
EN-B1-01046,B1,53,hidden,adjective,숨겨진; 비밀의,CEFRJ_1_5
EN-B1-01047,B1,53,highlight,verb,강조하다; 하이라이트를 보여주다,CEFRJ_1_5
EN-B1-01048,B1,53,highly,adverb,매우; 고도로,CEFRJ_1_5
EN-B1-01049,B1,53,hip,noun,엉덩이,CEFRJ_1_5
EN-B1-01050,B1,53,hire,verb,고용하다; 빌리다,CEFRJ_1_5
EN-B1-01051,B1,53,historian,noun,역사가,CEFRJ_1_5
EN-B1-01052,B1,53,historic,adjective,역사적으로 중요한,CEFRJ_1_5
EN-B1-01053,B1,53,historical,adjective,역사의; 역사적인,CEFRJ_1_5
EN-B1-01054,B1,53,hit,noun,히트작; 타격,CEFRJ_1_5
EN-B1-01055,B1,53,HIV,noun,인체면역결핍바이러스,CEFRJ_1_5
EN-B1-01056,B1,53,holy,adjective,신성한; 경건한,CEFRJ_1_5
EN-B1-01057,B1,53,homeless,adjective,노숙자의; 집이 없는,CEFRJ_1_5
EN-B1-01058,B1,53,honest,adjective,정직한; 솔직한,CEFRJ_1_5
EN-B1-01059,B1,53,honestly,adverb,솔직히,CEFRJ_1_5
EN-B1-01060,B1,53,honesty,noun,정직; 솔직함,CEFRJ_1_5
EN-B1-01061,B1,54,honeymoon,noun,신혼여행,CEFRJ_1_5
EN-B1-01062,B1,54,hop,noun,한 발로 뛰기; 짧은 여행,CEFRJ_1_5
EN-B1-01063,B1,54,hope,verb,희망하다; 바라다,CEFRJ_1_5
EN-B1-01064,B1,54,hopeful,adjective,희망에 찬; 기대하는,CEFRJ_1_5
EN-B1-01065,B1,54,hopefully,adverb,바라건대; 희망을 가지고,CEFRJ_1_5
EN-B1-01066,B1,54,hopeless,adjective,희망 없는; 절망적인,CEFRJ_1_5
EN-B1-01067,B1,54,horizon,noun,수평선; 지평선,CEFRJ_1_5
EN-B1-01068,B1,54,horn,noun,뿔; 경적,CEFRJ_1_5
EN-B1-01069,B1,54,horrible,adjective,끔찍한; 지독한,CEFRJ_1_5
EN-B1-01070,B1,54,horrify,verb,공포에 떨게 하다; 소름 끼치게 하다,CEFRJ_1_5
EN-B1-01071,B1,54,hostel,noun,호스텔; 유스호스텔,CEFRJ_1_5
EN-B1-01072,B1,54,household,noun,가구; 세대,CEFRJ_1_5
EN-B1-01073,B1,54,housework,noun,집안일,CEFRJ_1_5
EN-B1-01074,B1,54,huge,adjective,거대한; 막대한,CEFRJ_1_5
EN-B1-01075,B1,54,human,noun,사람; 인간,CEFRJ_1_5
EN-B1-01076,B1,54,humanity,noun,인류; 인간성,CEFRJ_1_5
EN-B1-01077,B1,54,humid,adjective,습한,CEFRJ_1_5
EN-B1-01078,B1,54,humor/humour,noun,유머; 해학,CEFRJ_1_5
EN-B1-01079,B1,54,humorous,adjective,유머러스한; 재미있는,CEFRJ_1_5
EN-B1-01080,B1,54,hunger,noun,배고픔; 기아,CEFRJ_1_5
EN-B1-01081,B1,55,hunt,noun,사냥; 추적,CEFRJ_1_5
EN-B1-01082,B1,55,hunt,verb,사냥하다; 추적하다,CEFRJ_1_5
EN-B1-01083,B1,55,hurriedly,adverb,서둘러; 급히,CEFRJ_1_5
EN-B1-01084,B1,55,hurt,adjective,다친; 아픈,CEFRJ_1_5
EN-B1-01085,B1,55,hut,noun,오두막; 움막,CEFRJ_1_5
EN-B1-01086,B1,55,ice hockey,noun,아이스하키,CEFRJ_1_5
EN-B1-01087,B1,55,ice skating,noun,스케이트 타기,CEFRJ_1_5
EN-B1-01088,B1,55,identity,noun,신원; 정체성,CEFRJ_1_5
EN-B1-01089,B1,55,identity card,noun,신분증,CEFRJ_1_5
EN-B1-01090,B1,55,idiom,noun,관용구; 숙어,CEFRJ_1_5
EN-B1-01091,B1,55,idol,noun,우상,CEFRJ_1_5
EN-B1-01092,B1,55,ignore,verb,무시하다; 모르는 체하다,CEFRJ_1_5
EN-B1-01093,B1,55,illegally,adverb,불법적으로,CEFRJ_1_5
EN-B1-01094,B1,55,illness,noun,질병; 아픔,CEFRJ_1_5
EN-B1-01095,B1,55,illuminate,verb,비추다; 밝히다,CEFRJ_1_5
EN-B1-01096,B1,55,imaginary,adjective,상상의; 가상의,CEFRJ_1_5
EN-B1-01097,B1,55,imitate,verb,모방하다; 흉내 내다,CEFRJ_1_5
EN-B1-01098,B1,55,immediate,adjective,즉각적인; 당면한,CEFRJ_1_5
EN-B1-01099,B1,55,immediately,adverb,즉시; 곧바로,CEFRJ_1_5
EN-B1-01100,B1,55,immigrate,verb,이주해 오다; 이민 오다,CEFRJ_1_5
EN-B1-01101,B1,56,immigration,noun,이민; 이주,CEFRJ_1_5
EN-B1-01102,B1,56,impair,verb,손상시키다; 약화시키다,CEFRJ_1_5
EN-B1-01103,B1,56,impression,noun,인상; 느낌,CEFRJ_1_5
EN-B1-01104,B1,56,impressive,adjective,인상적인; 감명 깊은,CEFRJ_1_5
EN-B1-01105,B1,56,improper,adjective,부적절한; 부적당한,CEFRJ_1_5
EN-B1-01106,B1,56,improvement,noun,개선; 향상,CEFRJ_1_5
EN-B1-01107,B1,56,incident,noun,사건; 사고,CEFRJ_1_5
EN-B1-01108,B1,56,including,preposition,~을 포함하여,CEFRJ_1_5
EN-B1-01109,B1,56,income,noun,소득; 수입,CEFRJ_1_5
EN-B1-01110,B1,56,inconvenient,adjective,불편한,CEFRJ_1_5
EN-B1-01111,B1,56,incorrect,adjective,부정확한; 틀린,CEFRJ_1_5
EN-B1-01112,B1,56,increase,noun,증가; 인상,CEFRJ_1_5
EN-B1-01113,B1,56,increasingly,adverb,점점 더; 갈수록,CEFRJ_1_5
EN-B1-01114,B1,56,incredible,adjective,믿을 수 없는; 엄청난,CEFRJ_1_5
EN-B1-01115,B1,56,incredibly,adverb,믿을 수 없을 정도로; 매우,CEFRJ_1_5
EN-B1-01116,B1,56,indefinite article,noun,부정관사,CEFRJ_1_5
EN-B1-01117,B1,56,independent,adjective,독립적인,CEFRJ_1_5
EN-B1-01118,B1,56,indirect,adjective,간접적인,CEFRJ_1_5
EN-B1-01119,B1,56,indirectly,adverb,간접적으로,CEFRJ_1_5
EN-B1-01120,B1,56,individual,adjective,개별적인; 개인의,CEFRJ_1_5
EN-B1-01121,B1,57,indoors,adverb,실내에서,CEFRJ_1_5
EN-B1-01122,B1,57,industrial,adjective,산업의; 공업의,CEFRJ_1_5
EN-B1-01123,B1,57,industry,noun,산업; 업계,CEFRJ_1_5
EN-B1-01124,B1,57,inevitable,adjective,불가피한; 피할 수 없는,CEFRJ_1_5
EN-B1-01125,B1,57,infection,noun,감염; 전염병,CEFRJ_1_5
EN-B1-01126,B1,57,infinitive,noun,부정사,CEFRJ_1_5
EN-B1-01127,B1,57,inform,verb,"알리다, 정보를 주다",CEFRJ_1_5
EN-B1-01128,B1,57,informative,adjective,"유익한, 정보를 주는",CEFRJ_1_5
EN-B1-01129,B1,57,ingredient,noun,"재료, 성분",CEFRJ_1_5
EN-B1-01130,B1,57,inhabitant,noun,"주민, 거주자",CEFRJ_1_5
EN-B1-01131,B1,57,inhale,verb,"들이마시다, 흡입하다",CEFRJ_1_5
EN-B1-01132,B1,57,initial,noun,"머리글자, 이니셜",CEFRJ_1_5
EN-B1-01133,B1,57,initially,adverb,"처음에, 초기에",CEFRJ_1_5
EN-B1-01134,B1,57,inject,verb,"주사하다, 주입하다",CEFRJ_1_5
EN-B1-01135,B1,57,injury,noun,"부상, 상처",CEFRJ_1_5
EN-B1-01136,B1,57,ink,noun,잉크,CEFRJ_1_5
EN-B1-01137,B1,57,innermost,adjective,"가장 안쪽의, 가장 깊은",CEFRJ_1_5
EN-B1-01138,B1,57,innocent,adjective,"결백한, 무죄인",CEFRJ_1_5
EN-B1-01139,B1,57,innovator,noun,혁신가,CEFRJ_1_5
EN-B1-01140,B1,57,inquiry/enquiry,noun,"문의, 조사",CEFRJ_1_5
EN-B1-01141,B1,58,insane,adjective,"제정신이 아닌, 미친",CEFRJ_1_5
EN-B1-01142,B1,58,inscribe,verb,"새기다, 적다",CEFRJ_1_5
EN-B1-01143,B1,58,inscription,noun,"비문, 새겨진 글",CEFRJ_1_5
EN-B1-01144,B1,58,insight,noun,"통찰력, 이해",CEFRJ_1_5
EN-B1-01145,B1,58,insist,verb,"고집하다, 주장하다",CEFRJ_1_5
EN-B1-01146,B1,58,inspection,noun,"점검, 검사",CEFRJ_1_5
EN-B1-01147,B1,58,inspire,verb,"영감을 주다, 고무하다",CEFRJ_1_5
EN-B1-01148,B1,58,install/instal,verb,설치하다,CEFRJ_1_5
EN-B1-01149,B1,58,instance,noun,"사례, 경우",CEFRJ_1_5
EN-B1-01150,B1,58,instead of,preposition,~대신에,CEFRJ_1_5
EN-B1-01151,B1,58,institute,noun,"기관, 협회",CEFRJ_1_5
EN-B1-01152,B1,58,instruction,noun,"설명, 지시",CEFRJ_1_5
EN-B1-01153,B1,58,instructor,noun,"강사, 지도자",CEFRJ_1_5
EN-B1-01154,B1,58,insurance,noun,보험,CEFRJ_1_5
EN-B1-01155,B1,58,intend,verb,"의도하다, 작정하다",CEFRJ_1_5
EN-B1-01156,B1,58,intense,adjective,"강렬한, 극심한",CEFRJ_1_5
EN-B1-01157,B1,58,intensive,adjective,집중적인,CEFRJ_1_5
EN-B1-01158,B1,58,intention,noun,"의도, 목적",CEFRJ_1_5
EN-B1-01159,B1,58,intentionally,adverb,"의도적으로, 고의로",CEFRJ_1_5
EN-B1-01160,B1,58,interact,verb,"상호작용하다, 소통하다",CEFRJ_1_5
EN-B1-01161,B1,59,interaction,noun,상호작용,CEFRJ_1_5
EN-B1-01162,B1,59,interest,verb,"관심을 끌다, 흥미를 보이다",CEFRJ_1_5
EN-B1-01163,B1,59,intermediate,adjective,"중급의, 중간의",CEFRJ_1_5
EN-B1-01164,B1,59,intermission,noun,중간 휴식 시간,CEFRJ_1_5
EN-B1-01165,B1,59,internal,adjective,"내부의, 체내의",CEFRJ_1_5
EN-B1-01166,B1,59,internationally,adverb,국제적으로,CEFRJ_1_5
EN-B1-01167,B1,59,interrupt,verb,"방해하다, 중단시키다",CEFRJ_1_5
EN-B1-01168,B1,59,interval,noun,"간격, 사이",CEFRJ_1_5
EN-B1-01169,B1,59,interview,verb,"면접하다, 인터뷰하다",CEFRJ_1_5
EN-B1-01170,B1,59,interviewee,noun,면접 대상자,CEFRJ_1_5
EN-B1-01171,B1,59,introduction,noun,"도입, 소개",CEFRJ_1_5
EN-B1-01172,B1,59,invasion,noun,"침략, 침공",CEFRJ_1_5
EN-B1-01173,B1,59,invest,verb,투자하다,CEFRJ_1_5
EN-B1-01174,B1,59,investigation,noun,"조사, 수사",CEFRJ_1_5
EN-B1-01175,B1,59,invitation,noun,"초대, 초대장",CEFRJ_1_5
EN-B1-01176,B1,59,involuntarily,adverb,"무의식적으로, 본의 아니게",CEFRJ_1_5
EN-B1-01177,B1,59,involve,verb,"포함하다, 수반하다",CEFRJ_1_5
EN-B1-01178,B1,59,involved,adjective,"관련된, 연루된",CEFRJ_1_5
EN-B1-01179,B1,59,iron,noun,"철, 다리미",CEFRJ_1_5
EN-B1-01180,B1,59,iron,verb,다림질하다,CEFRJ_1_5
EN-B1-01181,B1,60,ironing,noun,다림질,CEFRJ_1_5
EN-B1-01182,B1,60,irregular,adjective,불규칙한,CEFRJ_1_5
EN-B1-01183,B1,60,irritate,verb,짜증나게 하다,CEFRJ_1_5
EN-B1-01184,B1,60,isle,noun,섬,CEFRJ_1_5
EN-B1-01185,B1,60,isolation,noun,"고립, 분리",CEFRJ_1_5
EN-B1-01186,B1,60,ivory,noun,상아,CEFRJ_1_5
EN-B1-01187,B1,60,jade,noun,옥,CEFRJ_1_5
EN-B1-01188,B1,60,jail/gaol,noun,감옥,CEFRJ_1_5
EN-B1-01189,B1,60,jar,noun,"병, 단지",CEFRJ_1_5
EN-B1-01190,B1,60,jazz,noun,재즈,CEFRJ_1_5
EN-B1-01191,B1,60,jealous,adjective,"질투하는, 시기하는",CEFRJ_1_5
EN-B1-01192,B1,60,jewel,noun,보석,CEFRJ_1_5
EN-B1-01193,B1,60,jog,verb,조깅하다,CEFRJ_1_5
EN-B1-01194,B1,60,jogging,noun,조깅,CEFRJ_1_5
EN-B1-01195,B1,60,joint,adjective,"공동의, 합동의",CEFRJ_1_5
EN-B1-01196,B1,60,joke,verb,농담하다,CEFRJ_1_5
EN-B1-01197,B1,60,journal,noun,"일기, 저널, 잡지",CEFRJ_1_5
EN-B1-01198,B1,60,journalist,noun,"기자, 언론인",CEFRJ_1_5
EN-B1-01199,B1,60,judge,noun,"판사, 심판",CEFRJ_1_5
EN-B1-01200,B1,60,judgment/judgement,noun,"판단, 심판",CEFRJ_1_5
EN-B1-01201,B1,61,jug,noun,"물주전자, 항아리",CEFRJ_1_5
EN-B1-01202,B1,61,juicy,adjective,"즙이 많은, 흥미로운",CEFRJ_1_5
EN-B1-01203,B1,61,jumper,noun,"스웨터, 점퍼",CEFRJ_1_5
EN-B1-01204,B1,61,jungle,noun,"밀림, 정글",CEFRJ_1_5
EN-B1-01205,B1,61,justice,noun,"정의, 공정성",CEFRJ_1_5
EN-B1-01206,B1,61,kettle,noun,주전자,CEFRJ_1_5
EN-B1-01207,B1,61,keyboard,noun,"키보드, 자판",CEFRJ_1_5
EN-B1-01208,B1,61,kid,verb,"농담하다, 놀리다",CEFRJ_1_5
EN-B1-01209,B1,61,killing,noun,살인,CEFRJ_1_5
EN-B1-01210,B1,61,kindly,adverb,친절하게,CEFRJ_1_5
EN-B1-01211,B1,61,kindness,noun,"친절, 다정함",CEFRJ_1_5
EN-B1-01212,B1,61,kiss,verb,키스하다,CEFRJ_1_5
EN-B1-01213,B1,61,kitten,noun,새끼 고양이,CEFRJ_1_5
EN-B1-01214,B1,61,knit,verb,"뜨개질하다, 짜다",CEFRJ_1_5
EN-B1-01215,B1,61,knock,verb,"두드리다, 노크하다",CEFRJ_1_5
EN-B1-01216,B1,61,lab,noun,실험실,CEFRJ_1_5
EN-B1-01217,B1,61,laboratory,noun,"실험실, 연구소",CEFRJ_1_5
EN-B1-01218,B1,61,ladder,noun,사다리,CEFRJ_1_5
EN-B1-01219,B1,61,lamb,noun,"어린 양, 양고기",CEFRJ_1_5
EN-B1-01220,B1,61,land,noun,"땅, 육지",CEFRJ_1_5
EN-B1-01221,B1,62,landlord,noun,"집주인, 임대주",CEFRJ_1_5
EN-B1-01222,B1,62,largely,adverb,"대체로, 주로",CEFRJ_1_5
EN-B1-01223,B1,62,last,adverb,마지막으로,CEFRJ_1_5
EN-B1-01224,B1,62,last,verb,지속하다,CEFRJ_1_5
EN-B1-01225,B1,62,lasting,adjective,"지속되는, 오래가는",CEFRJ_1_5
EN-B1-01226,B1,62,latecomer,noun,늦게 온 사람,CEFRJ_1_5
EN-B1-01227,B1,62,lately,adverb,최근에,CEFRJ_1_5
EN-B1-01228,B1,62,laugh,noun,웃음; 웃음거리,CEFRJ_1_5
EN-B1-01229,B1,62,laughter,noun,웃음,CEFRJ_1_5
EN-B1-01230,B1,62,launch,verb,시작하다; 출시하다; 발사하다,CEFRJ_1_5
EN-B1-01231,B1,62,lawful,adjective,합법적인,CEFRJ_1_5
EN-B1-01232,B1,62,lay,verb,놓다; 두다,CEFRJ_1_5
EN-B1-01233,B1,62,layer,noun,층; 겹,CEFRJ_1_5
EN-B1-01234,B1,62,lead,adjective,주요한; 선두의; 주연의,CEFRJ_1_5
EN-B1-01235,B1,62,lead,verb,이끌다; 안내하다,CEFRJ_1_5
EN-B1-01236,B1,62,leadership,noun,지도력; 리더십,CEFRJ_1_5
EN-B1-01237,B1,62,leading,adjective,주요한; 선두의,CEFRJ_1_5
EN-B1-01238,B1,62,league,noun,연맹; 리그,CEFRJ_1_5
EN-B1-01239,B1,62,lean,adjective,기름기 없는; 마른,CEFRJ_1_5
EN-B1-01240,B1,62,leap,verb,껑충 뛰다,CEFRJ_1_5
EN-B1-01241,B1,63,least,adverb,가장 적게; 최소한,CEFRJ_1_5
EN-B1-01242,B1,63,leave,noun,휴가,CEFRJ_1_5
EN-B1-01243,B1,63,lecture,noun,강의,CEFRJ_1_5
EN-B1-01244,B1,63,legal,adjective,법률의; 합법적인,CEFRJ_1_5
EN-B1-01245,B1,63,legally,adverb,법률상; 합법적으로,CEFRJ_1_5
EN-B1-01246,B1,63,length,noun,길이,CEFRJ_1_5
EN-B1-01247,B1,63,lessen,verb,줄이다; 완화하다,CEFRJ_1_5
EN-B1-01248,B1,63,lettuce,noun,상추,CEFRJ_1_5
EN-B1-01249,B1,63,level,adjective,평평한; 수평의,CEFRJ_1_5
EN-B1-01250,B1,63,liar,noun,거짓말쟁이,CEFRJ_1_5
EN-B1-01251,B1,63,liberate,verb,해방하다; 자유롭게 하다,CEFRJ_1_5
EN-B1-01252,B1,63,liberation,noun,해방; 석방,CEFRJ_1_5
EN-B1-01253,B1,63,librarian,noun,사서,CEFRJ_1_5
EN-B1-01254,B1,63,lie,noun,거짓말,CEFRJ_1_5
EN-B1-01255,B1,63,lifeguard,noun,인명 구조원,CEFRJ_1_5
EN-B1-01256,B1,63,lifelong,adjective,평생의,CEFRJ_1_5
EN-B1-01257,B1,63,lift,noun,승강기; 태워주기,CEFRJ_1_5
EN-B1-01258,B1,63,lift,verb,들어 올리다,CEFRJ_1_5
EN-B1-01259,B1,63,light,verb,불을 붙이다,CEFRJ_1_5
EN-B1-01260,B1,63,lighter,noun,라이터,CEFRJ_1_5
EN-B1-01261,B1,64,lightly,adverb,가볍게,CEFRJ_1_5
EN-B1-01262,B1,64,lightning,noun,번개,CEFRJ_1_5
EN-B1-01263,B1,64,like,conjunction,~처럼; ~와 같이,CEFRJ_1_5
EN-B1-01264,B1,64,likeness,noun,닮음; 초상,CEFRJ_1_5
EN-B1-01265,B1,64,limit,noun,한계; 제한,CEFRJ_1_5
EN-B1-01266,B1,64,limit,verb,제한하다,CEFRJ_1_5
EN-B1-01267,B1,64,limitation,noun,제한; 한계,CEFRJ_1_5
EN-B1-01268,B1,64,limited,adjective,제한된,CEFRJ_1_5
EN-B1-01269,B1,64,limp,verb,절뚝거리다,CEFRJ_1_5
EN-B1-01270,B1,64,link,noun,연결; 관계,CEFRJ_1_5
EN-B1-01271,B1,64,link,verb,연결하다,CEFRJ_1_5
EN-B1-01272,B1,64,liquid,adjective,액체의,CEFRJ_1_5
EN-B1-01273,B1,64,liquid,noun,액체,CEFRJ_1_5
EN-B1-01274,B1,64,literary,adjective,문학의,CEFRJ_1_5
EN-B1-01275,B1,64,literature,noun,문학,CEFRJ_1_5
EN-B1-01276,B1,64,little,determiner,거의 없는,CEFRJ_1_5
EN-B1-01277,B1,64,little,pronoun,조금,CEFRJ_1_5
EN-B1-01278,B1,64,live,adjective,살아있는; 생방송의,CEFRJ_1_5
EN-B1-01279,B1,64,liver,noun,간,CEFRJ_1_5
EN-B1-01280,B1,64,loaf,noun,덩어리 빵,CEFRJ_1_5
EN-B1-01281,B1,65,locate,verb,위치를 알아내다,CEFRJ_1_5
EN-B1-01282,B1,65,location,noun,위치,CEFRJ_1_5
EN-B1-01283,B1,65,lock,verb,잠그다,CEFRJ_1_5
EN-B1-01284,B1,65,lodge,noun,오두막; 숙소,CEFRJ_1_5
EN-B1-01285,B1,65,log,noun,통나무; 일지,CEFRJ_1_5
EN-B1-01286,B1,65,logic,noun,논리,CEFRJ_1_5
EN-B1-01287,B1,65,logo,noun,로고,CEFRJ_1_5
EN-B1-01288,B1,65,lorry,noun,트럭,CEFRJ_1_5
EN-B1-01289,B1,65,loss,noun,손실; 분실,CEFRJ_1_5
EN-B1-01290,B1,65,lottery,noun,복권,CEFRJ_1_5
EN-B1-01291,B1,65,loud,adjective,시끄러운,CEFRJ_1_5
EN-B1-01292,B1,65,loud,adverb,크게,CEFRJ_1_5
EN-B1-01293,B1,65,loudspeaker,noun,확성기,CEFRJ_1_5
EN-B1-01294,B1,65,lovingly,adverb,사랑스럽게,CEFRJ_1_5
EN-B1-01295,B1,65,loyal,adjective,충실한,CEFRJ_1_5
EN-B1-01296,B1,65,loyalty,noun,충성,CEFRJ_1_5
EN-B1-01297,B1,65,luggage,noun,수하물,CEFRJ_1_5
EN-B1-01298,B1,65,lung,noun,폐,CEFRJ_1_5
EN-B1-01299,B1,65,luxury,noun,사치,CEFRJ_1_5
EN-B1-01300,B1,65,magical,adjective,마법의,CEFRJ_1_5
EN-B1-01301,B1,66,magician,noun,마술사,CEFRJ_1_5
EN-B1-01302,B1,66,magnificent,adjective,장엄한; 훌륭한,CEFRJ_1_5
EN-B1-01303,B1,66,mail,verb,우편을 보내다,CEFRJ_1_5
EN-B1-01304,B1,66,mailbox,noun,우편함,CEFRJ_1_5
EN-B1-01305,B1,66,main,adjective,주요한,CEFRJ_1_5
EN-B1-01306,B1,66,maintain,verb,유지하다; 주장하다,CEFRJ_1_5
EN-B1-01307,B1,66,maintenance,noun,유지; 정비,CEFRJ_1_5
EN-B1-01308,B1,66,majority,noun,대다수,CEFRJ_1_5
EN-B1-01309,B1,66,male,adjective,남성의,CEFRJ_1_5
EN-B1-01310,B1,66,management,noun,경영; 관리,CEFRJ_1_5
EN-B1-01311,B1,66,mankind,noun,인류,CEFRJ_1_5
EN-B1-01312,B1,66,maple,noun,단풍나무,CEFRJ_1_5
EN-B1-01313,B1,66,marble,noun,대리석,CEFRJ_1_5
EN-B1-01314,B1,66,march,noun,행진,CEFRJ_1_5
EN-B1-01315,B1,66,march,verb,행진하다,CEFRJ_1_5
EN-B1-01316,B1,66,marine,adjective,바다의,CEFRJ_1_5
EN-B1-01317,B1,66,marked,adjective,뚜렷한,CEFRJ_1_5
EN-B1-01318,B1,66,market,verb,시장에 내놓다,CEFRJ_1_5
EN-B1-01319,B1,66,marriage,noun,결혼,CEFRJ_1_5
EN-B1-01320,B1,66,mash,verb,으깨다,CEFRJ_1_5
EN-B1-01321,B1,67,mass,adjective,대중의,CEFRJ_1_5
EN-B1-01322,B1,67,massive,adjective,거대한,CEFRJ_1_5
EN-B1-01323,B1,67,match,verb,어울리다; 일치하다,CEFRJ_1_5
EN-B1-01324,B1,67,mathematician,noun,수학자,CEFRJ_1_5
EN-B1-01325,B1,67,mathematics,noun,수학,CEFRJ_1_5
EN-B1-01326,B1,67,maximum,adjective,최대의; 최고의,CEFRJ_1_5
EN-B1-01327,B1,67,maximum,noun,최대치; 최대량,CEFRJ_1_5
EN-B1-01328,B1,67,mayor,noun,시장,CEFRJ_1_5
EN-B1-01329,B1,67,meaningful,adjective,의미 있는; 중요한,CEFRJ_1_5
EN-B1-01330,B1,67,meanwhile,adverb,그동안에; 한편,CEFRJ_1_5
EN-B1-01331,B1,67,measure,noun,측정; 조치; 수단,CEFRJ_1_5
EN-B1-01332,B1,67,measure,verb,측정하다; 재다,CEFRJ_1_5
EN-B1-01333,B1,67,measurement,noun,측정; 치수,CEFRJ_1_5
EN-B1-01334,B1,67,mechanic,noun,정비사; 수리공,CEFRJ_1_5
EN-B1-01335,B1,67,mechanical,adjective,기계의; 기계적인,CEFRJ_1_5
EN-B1-01336,B1,67,meditate,verb,명상하다,CEFRJ_1_5
EN-B1-01337,B1,67,meditation,noun,명상,CEFRJ_1_5
EN-B1-01338,B1,67,Mediterranean,noun,지중해,CEFRJ_1_5
EN-B1-01339,B1,67,medium,adjective,중간의,CEFRJ_1_5
EN-B1-01340,B1,67,medium,noun,매체; 수단; 중간,CEFRJ_1_5
EN-B1-01341,B1,68,melt,verb,녹다; 녹이다,CEFRJ_1_5
EN-B1-01342,B1,68,membership,noun,회원 자격,CEFRJ_1_5
EN-B1-01343,B1,68,memorable,adjective,기억할 만한; 인상적인,CEFRJ_1_5
EN-B1-01344,B1,68,memorize/memorise,verb,암기하다; 기억하다,CEFRJ_1_5
EN-B1-01345,B1,68,mend,verb,수리하다; 고치다,CEFRJ_1_5
EN-B1-01346,B1,68,mental,adjective,정신의; 마음의,CEFRJ_1_5
EN-B1-01347,B1,68,mentally,adverb,정신적으로,CEFRJ_1_5
EN-B1-01348,B1,68,mention,verb,언급하다; 말하다,CEFRJ_1_5
EN-B1-01349,B1,68,merchant,noun,상인; 무역상,CEFRJ_1_5
EN-B1-01350,B1,68,mere,adjective,단지 ~에 불과한,CEFRJ_1_5
EN-B1-01351,B1,68,merely,adverb,단지; 그저,CEFRJ_1_5
EN-B1-01352,B1,68,mess,noun,엉망; 혼란,CEFRJ_1_5
EN-B1-01353,B1,68,message board,noun,게시판,CEFRJ_1_5
EN-B1-01354,B1,68,messy,adjective,지저분한; 엉망인,CEFRJ_1_5
EN-B1-01355,B1,68,middle-aged,adjective,중년의,CEFRJ_1_5
EN-B1-01356,B1,68,mild,adjective,온화한; 가벼운,CEFRJ_1_5
EN-B1-01357,B1,68,mile,noun,마일,CEFRJ_1_5
EN-B1-01358,B1,68,mineral,noun,광물; 미네랄,CEFRJ_1_5
EN-B1-01359,B1,68,minimize/minimise,verb,최소화하다,CEFRJ_1_5
EN-B1-01360,B1,68,minimum,adjective,최소의,CEFRJ_1_5
EN-B1-01361,B1,69,minimum,noun,최소치; 최소량,CEFRJ_1_5
EN-B1-01362,B1,69,minor,adjective,작은; 중요하지 않은,CEFRJ_1_5
EN-B1-01363,B1,69,minority,noun,소수; 소수 민족,CEFRJ_1_5
EN-B1-01364,B1,69,minus,preposition,빼기; 마이너스,CEFRJ_1_5
EN-B1-01365,B1,69,miracle,noun,기적,CEFRJ_1_5
EN-B1-01366,B1,69,mischief,noun,장난; 해악,CEFRJ_1_5
EN-B1-01367,B1,69,miserable,adjective,비참한; 불행한,CEFRJ_1_5
EN-B1-01368,B1,69,misery,noun,비참함; 고통,CEFRJ_1_5
EN-B1-01369,B1,69,mislead,verb,오도하다; 잘못 이끌다,CEFRJ_1_5
EN-B1-01370,B1,69,mission,noun,임무; 사명,CEFRJ_1_5
EN-B1-01371,B1,69,misty,adjective,안개가 낀,CEFRJ_1_5
EN-B1-01372,B1,69,misunderstanding,noun,오해,CEFRJ_1_5
EN-B1-01373,B1,69,mixing bowl,noun,믹싱 볼; 반죽 그릇,CEFRJ_1_5
EN-B1-01374,B1,69,modal verb/modal,noun,법조동사,CEFRJ_1_5
EN-B1-01375,B1,69,model,adjective,모범적인; 모델의,CEFRJ_1_5
EN-B1-01376,B1,69,model,verb,모델로 만들다; 본보기로 삼다,CEFRJ_1_5
EN-B1-01377,B1,69,modem,noun,모뎀,CEFRJ_1_5
EN-B1-01378,B1,69,moderate,adjective,적당한; 온건한,CEFRJ_1_5
EN-B1-01379,B1,69,modify,verb,수정하다; 변경하다,CEFRJ_1_5
EN-B1-01380,B1,69,moisture,noun,수분; 습기,CEFRJ_1_5
EN-B1-01381,B1,70,molecule,noun,분자,CEFRJ_1_5
EN-B1-01382,B1,70,monitor,noun,모니터; 화면,CEFRJ_1_5
EN-B1-01383,B1,70,monitor,verb,감시하다; 관찰하다,CEFRJ_1_5
EN-B1-01384,B1,70,monk,noun,수도승; 승려,CEFRJ_1_5
EN-B1-01385,B1,70,monster,noun,괴물,CEFRJ_1_5
EN-B1-01386,B1,70,monthly,adjective,매월의; 한 달에 한 번의,CEFRJ_1_5
EN-B1-01387,B1,70,monthly,adverb,매월; 한 달에 한 번,CEFRJ_1_5
EN-B1-01388,B1,70,monument,noun,기념비; 기념물,CEFRJ_1_5
EN-B1-01389,B1,70,moral,noun,교훈; 도덕,CEFRJ_1_5
EN-B1-01390,B1,70,more,adverb,더; 더 많이,CEFRJ_1_5
EN-B1-01391,B1,70,moreover,adverb,게다가; 더욱이,CEFRJ_1_5
EN-B1-01392,B1,70,mosquito,noun,모기,CEFRJ_1_5
EN-B1-01393,B1,70,moss,noun,이끼,CEFRJ_1_5
EN-B1-01394,B1,70,motherland,noun,조국; 모국,CEFRJ_1_5
EN-B1-01395,B1,70,motionless,adjective,움직이지 않는,CEFRJ_1_5
EN-B1-01396,B1,70,motivate,verb,동기를 부여하다,CEFRJ_1_5
EN-B1-01397,B1,70,motivation,noun,동기; 자극,CEFRJ_1_5
EN-B1-01398,B1,70,motive,noun,동기; 이유,CEFRJ_1_5
EN-B1-01399,B1,70,motor,noun,모터; 엔진,CEFRJ_1_5
EN-B1-01400,B1,70,motorcycle,noun,오토바이,CEFRJ_1_5
EN-B1-01401,B1,71,motto,noun,좌우명; 모토,CEFRJ_1_5
EN-B1-01402,B1,71,mount,noun,산; 오르다,CEFRJ_1_5
EN-B1-01403,B1,71,mountaintop,noun,산꼭대기,CEFRJ_1_5
EN-B1-01404,B1,71,mourn,verb,애도하다; 슬퍼하다,CEFRJ_1_5
EN-B1-01405,B1,71,movement,noun,움직임; 운동,CEFRJ_1_5
EN-B1-01406,B1,71,mud,noun,진흙,CEFRJ_1_5
EN-B1-01407,B1,71,mule,noun,노새,CEFRJ_1_5
EN-B1-01408,B1,71,murder,verb,살인하다,CEFRJ_1_5
EN-B1-01409,B1,71,murderer,noun,살인자,CEFRJ_1_5
EN-B1-01410,B1,71,muscle,noun,근육,CEFRJ_1_5
EN-B1-01411,B1,71,mustard,noun,겨자; 머스터드,CEFRJ_1_5
EN-B1-01412,B1,71,mutual,adjective,상호적인; 서로의,CEFRJ_1_5
EN-B1-01413,B1,71,myth,noun,신화; 근거 없는 믿음,CEFRJ_1_5
EN-B1-01414,B1,71,nail,noun,못; 손톱,CEFRJ_1_5
EN-B1-01415,B1,71,naked,adjective,벌거벗은; 노출된,CEFRJ_1_5
EN-B1-01416,B1,71,name,verb,이름을 짓다; 지명하다,CEFRJ_1_5
EN-B1-01417,B1,71,nap,noun,낮잠,CEFRJ_1_5
EN-B1-01418,B1,71,narrate,verb,이야기하다; 서술하다,CEFRJ_1_5
EN-B1-01419,B1,71,narrative,adjective,이야기의; 서사의,CEFRJ_1_5
EN-B1-01420,B1,71,narrow,adjective,좁은,CEFRJ_1_5
EN-B1-01421,B1,72,nasty,adjective,불쾌한; 심술궂은,CEFRJ_1_5
EN-B1-01422,B1,72,nationalist,noun,민족주의자,CEFRJ_1_5
EN-B1-01423,B1,72,naturally,adverb,자연스럽게; 당연히,CEFRJ_1_5
EN-B1-01424,B1,72,navy blue,adjective,감청색의,CEFRJ_1_5
EN-B1-01425,B1,72,near,adjective,가까운,CEFRJ_1_5
EN-B1-01426,B1,72,near,adverb,가까이; 거의,CEFRJ_1_5
EN-B1-01427,B1,72,nearby,adjective,근처의,CEFRJ_1_5
EN-B1-01428,B1,72,nearby,adverb,근처에,CEFRJ_1_5
EN-B1-01429,B1,72,necklace,noun,목걸이,CEFRJ_1_5
EN-B1-01430,B1,72,nectar,noun,꿀; 화밀,CEFRJ_1_5
EN-B1-01431,B1,72,needle,noun,바늘,CEFRJ_1_5
EN-B1-01432,B1,72,negotiate,verb,협상하다,CEFRJ_1_5
EN-B1-01433,B1,72,negotiation,noun,협상,CEFRJ_1_5
EN-B1-01434,B1,72,neighborhood/neighbourhood,noun,이웃; 동네,CEFRJ_1_5
EN-B1-01435,B1,72,nephew,noun,조카,CEFRJ_1_5
EN-B1-01436,B1,72,nervousness,noun,초조함; 불안,CEFRJ_1_5
EN-B1-01437,B1,72,ness,noun,성질; 상태를 나타내는 접미사,CEFRJ_1_5
EN-B1-01438,B1,72,net,noun,그물; 망,CEFRJ_1_5
EN-B1-01439,B1,72,network,noun,네트워크; 망,CEFRJ_1_5
EN-B1-01440,B1,72,neutral,adjective,중립적인,CEFRJ_1_5
EN-B1-01441,B1,73,nevertheless,adverb,그럼에도 불구하고,CEFRJ_1_5
EN-B1-01442,B1,73,newborn,adjective,갓 태어난,CEFRJ_1_5
EN-B1-01443,B1,73,newcomer,noun,새로 온 사람,CEFRJ_1_5
EN-B1-01444,B1,73,newly,adverb,새로; 최근에,CEFRJ_1_5
EN-B1-01445,B1,73,next door,adverb,옆집에,CEFRJ_1_5
EN-B1-01446,B1,73,next-door,adjective,옆집의,CEFRJ_1_5
EN-B1-01447,B1,73,nickname,noun,별명,CEFRJ_1_5
EN-B1-01448,B1,73,niece,noun,조카딸,CEFRJ_1_5
EN-B1-01449,B1,73,nightlife,noun,밤 문화,CEFRJ_1_5
EN-B1-01450,B1,73,nod,noun,끄덕임,CEFRJ_1_5
EN-B1-01451,B1,73,noisily,adverb,시끄럽게,CEFRJ_1_5
EN-B1-01452,B1,73,none,pronoun,아무도 ~않다; 아무것도 ~않다,CEFRJ_1_5
EN-B1-01453,B1,73,nonetheless,adverb,그럼에도 불구하고,CEFRJ_1_5
EN-B1-01454,B1,73,nonsense,noun,말도 안 되는 소리; 허튼소리,CEFRJ_1_5
EN-B1-01455,B1,73,nor,conjunction,~도 또한 아니다,CEFRJ_1_5
EN-B1-01456,B1,73,normally,adverb,보통; 정상적으로,CEFRJ_1_5
EN-B1-01457,B1,73,northeast,adjective,북동쪽의,CEFRJ_1_5
EN-B1-01458,B1,73,northeast,noun,북동쪽,CEFRJ_1_5
EN-B1-01459,B1,73,northeastern,adjective,북동부의,CEFRJ_1_5
EN-B1-01460,B1,73,northern,adjective,북쪽의,CEFRJ_1_5
EN-B1-01461,B1,74,northwest,adjective,북서쪽의,CEFRJ_1_5
EN-B1-01462,B1,74,northwest,noun,북서쪽,CEFRJ_1_5
EN-B1-01463,B1,74,northwestern,adjective,북서부의,CEFRJ_1_5
EN-B1-01464,B1,74,notice,verb,알아차리다; 주목하다,CEFRJ_1_5
EN-B1-01465,B1,74,noticeable,adjective,눈에 띄는; 뚜렷한,CEFRJ_1_5
EN-B1-01466,B1,74,noticeboard,noun,게시판,CEFRJ_1_5
EN-B1-01467,B1,74,notion,noun,개념; 생각,CEFRJ_1_5
EN-B1-01468,B1,74,notorious,adjective,악명 높은,CEFRJ_1_5
EN-B1-01469,B1,74,novelist,noun,소설가,CEFRJ_1_5
EN-B1-01470,B1,74,nowhere,adverb,아무 데도 없는,CEFRJ_1_5
EN-B1-01471,B1,74,nuclear,adjective,핵의; 원자력의,CEFRJ_1_5
EN-B1-01472,B1,74,nucleus,noun,핵; 중심,CEFRJ_1_5
EN-B1-01473,B1,74,numerous,adjective,수많은,CEFRJ_1_5
EN-B1-01474,B1,74,nurse,verb,간호하다; 돌보다,CEFRJ_1_5
EN-B1-01475,B1,74,nutrient,noun,영양소,CEFRJ_1_5
EN-B1-01476,B1,74,nutrition,noun,영양; 영양 섭취,CEFRJ_1_5
EN-B1-01477,B1,74,nutritious,adjective,영양가가 높은,CEFRJ_1_5
EN-B1-01478,B1,74,object,noun,물건; 대상,CEFRJ_1_5
EN-B1-01479,B1,74,objection,noun,반대; 이의,CEFRJ_1_5
EN-B1-01480,B1,74,objective,noun,목표; 목적,CEFRJ_1_5
EN-B1-01481,B1,75,observation,noun,관찰; 의견,CEFRJ_1_5
EN-B1-01482,B1,75,observe,verb,관찰하다; 준수하다,CEFRJ_1_5
EN-B1-01483,B1,75,obstacle,noun,장애물,CEFRJ_1_5
EN-B1-01484,B1,75,obtain,verb,얻다; 획득하다,CEFRJ_1_5
EN-B1-01485,B1,75,obvious,adjective,분명한,CEFRJ_1_5
EN-B1-01486,B1,75,obviously,adverb,분명히,CEFRJ_1_5
EN-B1-01487,B1,75,occasion,noun,경우; 행사,CEFRJ_1_5
EN-B1-01488,B1,75,occasion,verb,야기하다,CEFRJ_1_5
EN-B1-01489,B1,75,occasional,adjective,가끔의,CEFRJ_1_5
EN-B1-01490,B1,75,occasionally,adverb,가끔,CEFRJ_1_5
EN-B1-01491,B1,75,occupy,verb,차지하다; 점유하다,CEFRJ_1_5
EN-B1-01492,B1,75,occur,verb,일어나다; 발생하다,CEFRJ_1_5
EN-B1-01493,B1,75,ocean,noun,대양; 바다,CEFRJ_1_5
EN-B1-01494,B1,75,off,preposition,~에서 떨어져; ~에서 벗어나,CEFRJ_1_5
EN-B1-01495,B1,75,offensive,adjective,모욕적인; 불쾌한,CEFRJ_1_5
EN-B1-01496,B1,75,officially,adverb,공식적으로,CEFRJ_1_5
EN-B1-01497,B1,75,oily,adjective,기름진,CEFRJ_1_5
EN-B1-01498,B1,75,old-fashioned,adjective,구식의,CEFRJ_1_5
EN-B1-01499,B1,75,oneself,pronoun,자기 자신,CEFRJ_1_5
EN-B1-01500,B1,75,onstage,adjective,무대 위의,CEFRJ_1_5
EN-B1-01501,B1,76,onto/on to,preposition,~위로; ~쪽으로,CEFRJ_1_5
EN-B1-01502,B1,76,opening,noun,개회; 시작; 구멍,CEFRJ_1_5
EN-B1-01503,B1,76,operation,noun,수술; 운영; 작업,CEFRJ_1_5
EN-B1-01504,B1,76,opposite,adverb,맞은편에,CEFRJ_1_5
EN-B1-01505,B1,76,opposite,noun,반대; 정반대,CEFRJ_1_5
EN-B1-01506,B1,76,opposition,noun,반대,CEFRJ_1_5
EN-B1-01507,B1,76,oppress,verb,억압하다,CEFRJ_1_5
EN-B1-01508,B1,76,oppression,noun,억압,CEFRJ_1_5
EN-B1-01509,B1,76,option,noun,선택; 선택권,CEFRJ_1_5
EN-B1-01510,B1,76,oral,noun,구술 시험,CEFRJ_1_5
EN-B1-01511,B1,76,orbit,noun,궤도,CEFRJ_1_5
EN-B1-01512,B1,76,orchestra,noun,오케스트라,CEFRJ_1_5
EN-B1-01513,B1,76,orderly,adjective,정돈된; 질서 있는,CEFRJ_1_5
EN-B1-01514,B1,76,ordinary,adjective,보통의; 평범한,CEFRJ_1_5
EN-B1-01515,B1,76,organ,noun,장기; 기관; 오르간,CEFRJ_1_5
EN-B1-01516,B1,76,organic,adjective,유기농의; 유기체의,CEFRJ_1_5
EN-B1-01517,B1,76,organism,noun,유기체; 생물,CEFRJ_1_5
EN-B1-01518,B1,76,organization/organisation,noun,조직; 단체,CEFRJ_1_5
EN-B1-01519,B1,76,origin,noun,기원; 출신,CEFRJ_1_5
EN-B1-01520,B1,76,otherwise,adverb,그렇지 않으면,CEFRJ_1_5
EN-B1-01521,B1,77,ought to,modal auxiliary,~해야 한다,CEFRJ_1_5
EN-B1-01522,B1,77,outdoor,adjective,야외의,CEFRJ_1_5
EN-B1-01523,B1,77,outdoors,adverb,야외에서,CEFRJ_1_5
EN-B1-01524,B1,77,outer,adjective,바깥쪽의,CEFRJ_1_5
EN-B1-01525,B1,77,outlaw,noun,무법자; 도망자,CEFRJ_1_5
EN-B1-01526,B1,77,outline,verb,개요를 서술하다; 윤곽을 그리다,CEFRJ_1_5
EN-B1-01527,B1,77,out-of-date,adjective,구식의; 시대에 뒤떨어진,CEFRJ_1_5
EN-B1-01528,B1,77,outstanding,adjective,뛰어난; 두드러진,CEFRJ_1_5
EN-B1-01529,B1,77,outward,adjective,밖으로 향하는; 외부의,CEFRJ_1_5
EN-B1-01530,B1,77,outweigh,verb,~보다 더 중요하다; ~보다 무게가 더 나가다,CEFRJ_1_5
EN-B1-01531,B1,77,overcome,verb,극복하다; 이겨내다,CEFRJ_1_5
EN-B1-01532,B1,77,overjoyed,adjective,매우 기뻐하는,CEFRJ_1_5
EN-B1-01533,B1,77,overnight,adjective,하룻밤 사이의; 야간의,CEFRJ_1_5
EN-B1-01534,B1,77,overnight,adverb,하룻밤 사이에; 밤새,CEFRJ_1_5
EN-B1-01535,B1,77,overwhelm,verb,압도하다; 어찌할 바를 모르게 하다,CEFRJ_1_5
EN-B1-01536,B1,77,overwhelming,adjective,압도적인,CEFRJ_1_5
EN-B1-01537,B1,77,overwork,noun,과로,CEFRJ_1_5
EN-B1-01538,B1,77,owe,verb,빚지고 있다; 신세를 지다,CEFRJ_1_5
EN-B1-01539,B1,77,owing,adjective,~때문에 발생하는,CEFRJ_1_5
EN-B1-01540,B1,77,own,verb,소유하다; 인정하다,CEFRJ_1_5
EN-B1-01541,B1,78,oxygen,noun,산소,CEFRJ_1_5
EN-B1-01542,B1,78,pace,noun,걸음; 속도,CEFRJ_1_5
EN-B1-01543,B1,78,package,noun,꾸러미; 포장,CEFRJ_1_5
EN-B1-01544,B1,78,packing,noun,포장(하기),CEFRJ_1_5
EN-B1-01545,B1,78,paddle,noun,노; 패들,CEFRJ_1_5
EN-B1-01546,B1,78,paid,adjective,유급의; 돈을 받은,CEFRJ_1_5
EN-B1-01547,B1,78,pain,noun,고통; 아픔,CEFRJ_1_5
EN-B1-01548,B1,78,painful,adjective,고통스러운; 아픈,CEFRJ_1_5
EN-B1-01549,B1,78,pale,adjective,창백한; 옅은,CEFRJ_1_5
EN-B1-01550,B1,78,palm,noun,손바닥,CEFRJ_1_5
EN-B1-01551,B1,78,parachute,noun,낙하산,CEFRJ_1_5
EN-B1-01552,B1,78,paradise,noun,낙원; 천국,CEFRJ_1_5
EN-B1-01553,B1,78,paralyze/paralyse,verb,마비시키다,CEFRJ_1_5
EN-B1-01554,B1,78,parcel,noun,소포; 꾸러미,CEFRJ_1_5
EN-B1-01555,B1,78,pardon,verb,용서하다,CEFRJ_1_5
EN-B1-01556,B1,78,parental,adjective,부모의,CEFRJ_1_5
EN-B1-01557,B1,78,parking,noun,주차,CEFRJ_1_5
EN-B1-01558,B1,78,parrot,noun,앵무새,CEFRJ_1_5
EN-B1-01559,B1,78,partial,adjective,부분적인; 불완전한,CEFRJ_1_5
EN-B1-01560,B1,78,participant,noun,참가자,CEFRJ_1_5
EN-B1-01561,B1,79,participate,verb,참가하다; 참여하다,CEFRJ_1_5
EN-B1-01562,B1,79,participle,noun,분사,CEFRJ_1_5
EN-B1-01563,B1,79,particularly,adverb,특히; 특별히,CEFRJ_1_5
EN-B1-01564,B1,79,part-time,adjective,시간제의; 파트타임의,CEFRJ_1_5
EN-B1-01565,B1,79,part-time,adverb,시간제로; 파트타임으로,CEFRJ_1_5
EN-B1-01566,B1,79,passion,noun,열정; 정열,CEFRJ_1_5
EN-B1-01567,B1,79,passive,adjective,수동적인; 소극적인,CEFRJ_1_5
EN-B1-01568,B1,79,passport,noun,여권,CEFRJ_1_5
EN-B1-01569,B1,79,password,noun,비밀번호,CEFRJ_1_5
EN-B1-01570,B1,79,past,adjective,지난; 과거의,CEFRJ_1_5
EN-B1-01571,B1,79,patience,noun,인내심; 참을성,CEFRJ_1_5
EN-B1-01572,B1,79,patient,adjective,참을성 있는; 환자,CEFRJ_1_5
EN-B1-01573,B1,79,patrol,noun,순찰; 순찰대,CEFRJ_1_5
EN-B1-01574,B1,79,pattern,noun,패턴; 양식,CEFRJ_1_5
EN-B1-01575,B1,79,pause,noun,일시 정지; 휴지,CEFRJ_1_5
EN-B1-01576,B1,79,pause,verb,잠시 멈추다,CEFRJ_1_5
EN-B1-01577,B1,79,peanut,noun,땅콩,CEFRJ_1_5
EN-B1-01578,B1,79,peculiar,adjective,이상한; 독특한,CEFRJ_1_5
EN-B1-01579,B1,79,penniless,adjective,무일푼의; 빈털터리의,CEFRJ_1_5
EN-B1-01580,B1,79,penny,noun,페니(영국 화폐 단위),CEFRJ_1_5
EN-B1-01581,B1,80,per,preposition,~당; ~마다,CEFRJ_1_5
EN-B1-01582,B1,80,percent/per cent,noun,퍼센트; 백분율,CEFRJ_1_5
EN-B1-01583,B1,80,performer,noun,공연자; 연기자,CEFRJ_1_5
EN-B1-01584,B1,80,permanent,adjective,영구적인; 상설의,CEFRJ_1_5
EN-B1-01585,B1,80,permanently,adverb,영구적으로,CEFRJ_1_5
EN-B1-01586,B1,80,permit,verb,허락하다; 허용하다,CEFRJ_1_5
EN-B1-01587,B1,80,personally,adverb,개인적으로; 직접,CEFRJ_1_5
EN-B1-01588,B1,80,persuade,verb,설득하다,CEFRJ_1_5
EN-B1-01589,B1,80,persuasive,adjective,설득력 있는,CEFRJ_1_5
EN-B1-01590,B1,80,phantom,adjective,유령 같은; 환상의,CEFRJ_1_5
EN-B1-01591,B1,80,pharmacy,noun,약국,CEFRJ_1_5
EN-B1-01592,B1,80,phenomenon,noun,현상,CEFRJ_1_5
EN-B1-01593,B1,80,philosopher,noun,철학자,CEFRJ_1_5
EN-B1-01594,B1,80,philosophy,noun,철학,CEFRJ_1_5
EN-B1-01595,B1,80,phoenix,noun,불사조,CEFRJ_1_5
EN-B1-01596,B1,80,photocopy,noun,복사본,CEFRJ_1_5
EN-B1-01597,B1,80,phrasal verb,noun,구동사,CEFRJ_1_5
EN-B1-01598,B1,80,phrase,noun,구; 관용구,CEFRJ_1_5
EN-B1-01599,B1,80,physics,noun,물리학,CEFRJ_1_5
EN-B1-01600,B1,80,pick,noun,선택; 고르기,CEFRJ_1_5
EN-B1-01601,B1,81,pie,noun,파이,CEFRJ_1_5
EN-B1-01602,B1,81,piety,noun,경건함; 신앙심,CEFRJ_1_5
EN-B1-01603,B1,81,pillow,noun,베개,CEFRJ_1_5
EN-B1-01604,B1,81,pin,verb,핀으로 고정하다,CEFRJ_1_5
EN-B1-01605,B1,81,pineapple,noun,파인애플,CEFRJ_1_5
EN-B1-01606,B1,81,pipe,noun,파이프; 관,CEFRJ_1_5
EN-B1-01607,B1,81,pit,noun,구덩이,CEFRJ_1_5
EN-B1-01608,B1,81,place,verb,놓다; 배치하다,CEFRJ_1_5
EN-B1-01609,B1,81,plain,adjective,분명한; 평범한,CEFRJ_1_5
EN-B1-01610,B1,81,plan,verb,계획하다,CEFRJ_1_5
EN-B1-01611,B1,81,plant,verb,심다,CEFRJ_1_5
EN-B1-01612,B1,81,plastic,noun,플라스틱,CEFRJ_1_5
EN-B1-01613,B1,81,platform,noun,승강장; 플랫폼,CEFRJ_1_5
EN-B1-01614,B1,81,pleasantly,adverb,기분 좋게; 즐겁게,CEFRJ_1_5
EN-B1-01615,B1,81,please,verb,기쁘게 하다; 만족시키다,CEFRJ_1_5
EN-B1-01616,B1,81,plenty,pronoun,많음; 충분한 양,CEFRJ_1_5
EN-B1-01617,B1,81,plug,noun,플러그; 마개,CEFRJ_1_5
EN-B1-01618,B1,81,plus,conjunction,더하기; 그리고,CEFRJ_1_5
EN-B1-01619,B1,81,pocket money,noun,용돈,CEFRJ_1_5
EN-B1-01620,B1,81,poet,noun,시인,CEFRJ_1_5
EN-B1-01621,B1,82,poetry,noun,시; 시 문학,CEFRJ_1_5
EN-B1-01622,B1,82,poison,noun,독; 독약,CEFRJ_1_5
EN-B1-01623,B1,82,poisonous,adjective,유독한; 독이 있는,CEFRJ_1_5
EN-B1-01624,B1,82,pole,noun,막대기; 기둥,CEFRJ_1_5
EN-B1-01625,B1,82,policy,noun,정책; 방침,CEFRJ_1_5
EN-B1-01626,B1,82,politely,adverb,공손하게,CEFRJ_1_5
EN-B1-01627,B1,82,politician,noun,정치인,CEFRJ_1_5
EN-B1-01628,B1,82,politics,noun,정치; 정치학,CEFRJ_1_5
EN-B1-01629,B1,82,pollutant,noun,오염 물질,CEFRJ_1_5
EN-B1-01630,B1,82,pond,noun,연못,CEFRJ_1_5
EN-B1-01631,B1,82,popcorn,noun,팝콘,CEFRJ_1_5
EN-B1-01632,B1,82,pork,noun,돼지고기,CEFRJ_1_5
EN-B1-01633,B1,82,port,noun,항구,CEFRJ_1_5
EN-B1-01634,B1,82,positive,adjective,긍정적인; 확신하는,CEFRJ_1_5
EN-B1-01635,B1,82,positively,adverb,긍정적으로; 확실히,CEFRJ_1_5
EN-B1-01636,B1,82,possess,verb,소유하다,CEFRJ_1_5
EN-B1-01637,B1,82,possession,noun,소유; 소지품,CEFRJ_1_5
EN-B1-01638,B1,82,possessive,adjective,소유욕이 강한; 소유격의,CEFRJ_1_5
EN-B1-01639,B1,82,possibility,noun,가능성,CEFRJ_1_5
EN-B1-01640,B1,82,postcard,noun,엽서,CEFRJ_1_5
EN-B1-01641,B1,83,postman,noun,우체부,CEFRJ_1_5
EN-B1-01642,B1,83,pot,noun,냄비; 통,CEFRJ_1_5
EN-B1-01643,B1,83,potential,noun,잠재력; 가능성,CEFRJ_1_5
EN-B1-01644,B1,83,pottery,noun,도자기,CEFRJ_1_5
EN-B1-01645,B1,83,pound,noun,파운드(무게 단위 또는 영국 화폐 단위),CEFRJ_1_5
EN-B1-01646,B1,83,poverty,noun,가난; 빈곤,CEFRJ_1_5
EN-B1-01647,B1,83,powder,noun,가루; 분말,CEFRJ_1_5
EN-B1-01648,B1,83,practical,adjective,실용적인; 현실적인,CEFRJ_1_5
EN-B1-01649,B1,83,praise,noun,칭찬,CEFRJ_1_5
EN-B1-01650,B1,83,prayer,noun,기도,CEFRJ_1_5
EN-B1-01651,B1,83,precious,adjective,귀중한,CEFRJ_1_5
EN-B1-01652,B1,83,preference,noun,선호; 우선권,CEFRJ_1_5
EN-B1-01653,B1,83,prefix,noun,접두사,CEFRJ_1_5
EN-B1-01654,B1,83,pregnant,adjective,임신한,CEFRJ_1_5
EN-B1-01655,B1,83,prejudice,noun,편견,CEFRJ_1_5
EN-B1-01656,B1,83,preparation,noun,준비,CEFRJ_1_5
EN-B1-01657,B1,83,prepared,adjective,준비된,CEFRJ_1_5
EN-B1-01658,B1,83,preposition,noun,전치사,CEFRJ_1_5
EN-B1-01659,B1,83,preschool,adjective,취학 전의,CEFRJ_1_5
EN-B1-01660,B1,83,prescription,noun,처방전,CEFRJ_1_5
EN-B1-01661,B1,84,presence,noun,존재; 참석,CEFRJ_1_5
EN-B1-01662,B1,84,present,adjective,현재의; 참석한,CEFRJ_1_5
EN-B1-01663,B1,84,presentation,noun,발표; 프레젠테이션,CEFRJ_1_5
EN-B1-01664,B1,84,preservation,noun,보존; 보호,CEFRJ_1_5
EN-B1-01665,B1,84,preserve,verb,보존하다; 유지하다,CEFRJ_1_5
EN-B1-01666,B1,84,president,noun,대통령; 회장,CEFRJ_1_5
EN-B1-01667,B1,84,press,noun,언론; 인쇄기,CEFRJ_1_5
EN-B1-01668,B1,84,press,verb,누르다,CEFRJ_1_5
EN-B1-01669,B1,84,previous,adjective,이전의,CEFRJ_1_5
EN-B1-01670,B1,84,priest,noun,성직자; 신부,CEFRJ_1_5
EN-B1-01671,B1,84,primarily,adverb,주로,CEFRJ_1_5
EN-B1-01672,B1,84,primary school,noun,초등학교,CEFRJ_1_5
EN-B1-01673,B1,84,primitive,adjective,원시적인,CEFRJ_1_5
EN-B1-01674,B1,84,principle,noun,원칙; 원리,CEFRJ_1_5
EN-B1-01675,B1,84,print,noun,인쇄물; 자국,CEFRJ_1_5
EN-B1-01676,B1,84,prison,noun,감옥,CEFRJ_1_5
EN-B1-01677,B1,84,prisoner,noun,죄수,CEFRJ_1_5
EN-B1-01678,B1,84,privacy,noun,사생활; 프라이버시,CEFRJ_1_5
EN-B1-01679,B1,84,prize,noun,상; 상품,CEFRJ_1_5
EN-B1-01680,B1,84,probability,noun,확률; 가능성,CEFRJ_1_5
EN-B1-01681,B1,85,proceed,verb,나아가다; 계속하다,CEFRJ_1_5
EN-B1-01682,B1,85,process,noun,과정; 처리,CEFRJ_1_5
EN-B1-01683,B1,85,proclaim,verb,선언하다; 공표하다,CEFRJ_1_5
EN-B1-01684,B1,85,procrastination,noun,미루는 버릇; 지연,CEFRJ_1_5
EN-B1-01685,B1,85,producer,noun,생산자; 제작자,CEFRJ_1_5
EN-B1-01686,B1,85,productive,adjective,생산적인,CEFRJ_1_5
EN-B1-01687,B1,85,profession,noun,직업; 전문직,CEFRJ_1_5
EN-B1-01688,B1,85,professor,noun,교수,CEFRJ_1_5
EN-B1-01689,B1,85,program/programme,verb,프로그램을 짜다,CEFRJ_1_5
EN-B1-01690,B1,85,progress,noun,진전; 진보,CEFRJ_1_5
EN-B1-01691,B1,85,prohibition,noun,금지,CEFRJ_1_5
EN-B1-01692,B1,85,prominent,adjective,저명한; 눈에 띄는,CEFRJ_1_5
EN-B1-01693,B1,85,promise,verb,약속하다,CEFRJ_1_5
EN-B1-01694,B1,85,promote,verb,촉진하다; 승진시키다,CEFRJ_1_5
EN-B1-01695,B1,85,promotion,noun,승진; 홍보,CEFRJ_1_5
EN-B1-01696,B1,85,pronoun,noun,대명사,CEFRJ_1_5
EN-B1-01697,B1,85,proof,noun,증거; 증명,CEFRJ_1_5
EN-B1-01698,B1,85,properly,adverb,제대로; 적절히,CEFRJ_1_5
EN-B1-01699,B1,85,property,noun,재산; 부동산,CEFRJ_1_5
EN-B1-01700,B1,85,proportion,noun,비율; 균형,CEFRJ_1_5
EN-B1-01701,B1,86,proposal,noun,제안,CEFRJ_1_5
EN-B1-01702,B1,86,propose,verb,제안하다; 청혼하다,CEFRJ_1_5
EN-B1-01703,B1,86,prosperity,noun,번영,CEFRJ_1_5
EN-B1-01704,B1,86,prosperous,adjective,번영하는,CEFRJ_1_5
EN-B1-01705,B1,86,protect,verb,보호하다,CEFRJ_1_5
EN-B1-01706,B1,86,protection,noun,보호,CEFRJ_1_5
EN-B1-01707,B1,86,protective,adjective,보호하는,CEFRJ_1_5
EN-B1-01708,B1,86,protest,noun,항의; 시위,CEFRJ_1_5
EN-B1-01709,B1,86,proud,adjective,자랑스러워하는,CEFRJ_1_5
EN-B1-01710,B1,86,prove,verb,증명하다; 판명되다,CEFRJ_1_5
EN-B1-01711,B1,86,proverb,noun,속담,CEFRJ_1_5
EN-B1-01712,B1,86,provided,conjunction,만약 ~라면(조건을 나타내는 접속사),CEFRJ_1_5
EN-B1-01713,B1,86,psychological,adjective,심리학적인,CEFRJ_1_5
EN-B1-01714,B1,86,pub,noun,술집; 펍,CEFRJ_1_5
EN-B1-01715,B1,86,public,adjective,공공의; 대중의,CEFRJ_1_5
EN-B1-01716,B1,86,public transport,noun,대중교통,CEFRJ_1_5
EN-B1-01717,B1,86,publicly,adverb,공공연하게; 대중 앞에서,CEFRJ_1_5
EN-B1-01718,B1,86,publisher,noun,출판사; 발행인,CEFRJ_1_5
EN-B1-01719,B1,86,pullover,noun,풀오버(스웨터),CEFRJ_1_5
EN-B1-01720,B1,86,pump,noun,펌프,CEFRJ_1_5
EN-B1-01721,B1,87,punish,verb,처벌하다,CEFRJ_1_5
EN-B1-01722,B1,87,punishment,noun,처벌,CEFRJ_1_5
EN-B1-01723,B1,87,pupil,noun,학생; 제자,CEFRJ_1_5
EN-B1-01724,B1,87,puppy,noun,강아지,CEFRJ_1_5
EN-B1-01725,B1,87,pure,adjective,순수한; 깨끗한,CEFRJ_1_5
EN-B1-01726,B1,87,purify,verb,정화하다; 깨끗하게 하다,CEFRJ_1_5
EN-B1-01727,B1,87,purse,noun,지갑,CEFRJ_1_5
EN-B1-01728,B1,87,push,noun,밀기; 추진,CEFRJ_1_5
EN-B1-01729,B1,87,puzzle,noun,퍼즐; 수수께끼,CEFRJ_1_5
EN-B1-01730,B1,87,quake,noun,지진; 진동,CEFRJ_1_5
EN-B1-01731,B1,87,qualified,adjective,자격이 있는; 적임의,CEFRJ_1_5
EN-B1-01732,B1,87,qualify,verb,자격을 얻다; 자격을 주다,CEFRJ_1_5
EN-B1-01733,B1,87,quality,adjective,양질의; 고급의,CEFRJ_1_5
EN-B1-01734,B1,87,quantity,noun,양; 수량,CEFRJ_1_5
EN-B1-01735,B1,87,question mark,noun,물음표,CEFRJ_1_5
EN-B1-01736,B1,87,questionnaire,noun,설문지,CEFRJ_1_5
EN-B1-01737,B1,87,queue,noun,줄; 대기 행렬,CEFRJ_1_5
EN-B1-01738,B1,87,race,noun,경주; 인종,CEFRJ_1_5
EN-B1-01739,B1,87,race,verb,경주하다; 급히 가다,CEFRJ_1_5
EN-B1-01740,B1,87,racial,adjective,인종의; 인종 간의,CEFRJ_1_5
EN-B1-01741,B1,88,radiation,noun,방사선,CEFRJ_1_5
EN-B1-01742,B1,88,rage,noun,격노; 분노,CEFRJ_1_5
EN-B1-01743,B1,88,rail,noun,난간; 가로대,CEFRJ_1_5
EN-B1-01744,B1,88,railroad,noun,철도,CEFRJ_1_5
EN-B1-01745,B1,88,railway,noun,철도,CEFRJ_1_5
EN-B1-01746,B1,88,rainfall,noun,강우량,CEFRJ_1_5
EN-B1-01747,B1,88,rainforest,noun,열대우림,CEFRJ_1_5
EN-B1-01748,B1,88,rank,noun,계급; 지위,CEFRJ_1_5
EN-B1-01749,B1,88,rap,verb,톡톡 두드리다; 가볍게 치다,CEFRJ_1_5
EN-B1-01750,B1,88,rapid,adjective,빠른; 신속한,CEFRJ_1_5
EN-B1-01751,B1,88,rapidly,adverb,빠르게; 신속하게,CEFRJ_1_5
EN-B1-01752,B1,88,rare,adjective,드문; 희귀한,CEFRJ_1_5
EN-B1-01753,B1,88,rarely,adverb,드물게; 거의 ~않는,CEFRJ_1_5
EN-B1-01754,B1,88,raspberry,noun,산딸기,CEFRJ_1_5
EN-B1-01755,B1,88,ration,noun,배급량; 정량,CEFRJ_1_5
EN-B1-01756,B1,88,rational,adjective,합리적인; 이성적인,CEFRJ_1_5
EN-B1-01757,B1,88,razor,noun,면도기,CEFRJ_1_5
EN-B1-01758,B1,88,reach,noun,범위; 영향권,CEFRJ_1_5
EN-B1-01759,B1,88,react,verb,반응하다,CEFRJ_1_5
EN-B1-01760,B1,88,realistic,adjective,현실적인,CEFRJ_1_5
EN-B1-01761,B1,89,reality,noun,현실; 실제,CEFRJ_1_5
EN-B1-01762,B1,89,rearrange,verb,재배치하다; 다시 정리하다,CEFRJ_1_5
EN-B1-01763,B1,89,reasonable,adjective,합리적인; 적당한,CEFRJ_1_5
EN-B1-01764,B1,89,rebuild,verb,재건하다; 다시 짓다,CEFRJ_1_5
EN-B1-01765,B1,89,recall,verb,기억해 내다; 회상하다,CEFRJ_1_5
EN-B1-01766,B1,89,reception,noun,접수처; 환영회,CEFRJ_1_5
EN-B1-01767,B1,89,recite,verb,암송하다; 낭독하다,CEFRJ_1_5
EN-B1-01768,B1,89,reclaim,verb,되찾다; 매립하다,CEFRJ_1_5
EN-B1-01769,B1,89,recognize/recognise,verb,알아보다; 인정하다,CEFRJ_1_5
EN-B1-01770,B1,89,recommend,verb,추천하다; 권하다,CEFRJ_1_5
EN-B1-01771,B1,89,record,noun,기록; 음반,CEFRJ_1_5
EN-B1-01772,B1,89,recording,noun,녹음; 기록,CEFRJ_1_5
EN-B1-01773,B1,89,recover,verb,회복하다; 되찾다,CEFRJ_1_5
EN-B1-01774,B1,89,recovery,noun,회복; 복구,CEFRJ_1_5
EN-B1-01775,B1,89,recycled,adjective,재활용된,CEFRJ_1_5
EN-B1-01776,B1,89,recycling,noun,재활용,CEFRJ_1_5
EN-B1-01777,B1,89,reduce,verb,줄이다; 감소시키다,CEFRJ_1_5
EN-B1-01778,B1,89,reduction,noun,감소; 축소,CEFRJ_1_5
EN-B1-01779,B1,89,reef,noun,암초,CEFRJ_1_5
EN-B1-01780,B1,89,referee,noun,심판,CEFRJ_1_5
EN-B1-01781,B1,90,reflection,noun,반사; 반영,CEFRJ_1_5
EN-B1-01782,B1,90,refreshments,noun,다과; 간식,CEFRJ_1_5
EN-B1-01783,B1,90,refund,noun,환불,CEFRJ_1_5
EN-B1-01784,B1,90,refusal,noun,거절; 거부,CEFRJ_1_5
EN-B1-01785,B1,90,refuse,noun,쓰레기,CEFRJ_1_5
EN-B1-01786,B1,90,refuse,verb,거절하다; 거부하다,CEFRJ_1_5
EN-B1-01787,B1,90,regain,verb,되찾다; 회복하다,CEFRJ_1_5
EN-B1-01788,B1,90,regard,verb,여기다; 고려하다,CEFRJ_1_5
EN-B1-01789,B1,90,regarding,preposition,~에 관하여,CEFRJ_1_5
EN-B1-01790,B1,90,region,noun,지역; 지방,CEFRJ_1_5
EN-B1-01791,B1,90,regional,adjective,지역의; 지방의,CEFRJ_1_5
EN-B1-01792,B1,90,register,noun,등록부; 금전 등록기,CEFRJ_1_5
EN-B1-01793,B1,90,register,verb,등록하다; 기록하다,CEFRJ_1_5
EN-B1-01794,B1,90,registration,noun,등록,CEFRJ_1_5
EN-B1-01795,B1,90,regulation,noun,규정; 규제,CEFRJ_1_5
EN-B1-01796,B1,90,reject,verb,거절하다; 거부하다,CEFRJ_1_5
EN-B1-01797,B1,90,relate,verb,관련시키다; 이야기하다,CEFRJ_1_5
EN-B1-01798,B1,90,relation,noun,관계; 관련,CEFRJ_1_5
EN-B1-01799,B1,90,relationship,noun,관계; 친분,CEFRJ_1_5
EN-B1-01800,B1,90,relative,adjective,상대적인; 비교상의,CEFRJ_1_5
EN-B1-01801,B1,91,relative,noun,친척,CEFRJ_1_5
EN-B1-01802,B1,91,relatively,adverb,비교적,CEFRJ_1_5
EN-B1-01803,B1,91,relaxing,adjective,긴장을 풀어주는; 편안한,CEFRJ_1_5
EN-B1-01804,B1,91,release,verb,놓아주다; 발표하다; 출시하다,CEFRJ_1_5
EN-B1-01805,B1,91,reliable,adjective,믿을 수 있는; 확실한,CEFRJ_1_5
EN-B1-01806,B1,91,religion,noun,종교,CEFRJ_1_5
EN-B1-01807,B1,91,religious,adjective,종교의; 신앙심이 깊은,CEFRJ_1_5
EN-B1-01808,B1,91,rely,verb,의지하다; 신뢰하다,CEFRJ_1_5
EN-B1-01809,B1,91,remainder,noun,나머지,CEFRJ_1_5
EN-B1-01810,B1,91,remark,verb,언급하다; 말하다,CEFRJ_1_5
EN-B1-01811,B1,91,remarkable,adjective,놀라운; 주목할 만한,CEFRJ_1_5
EN-B1-01812,B1,91,remedy,noun,치료제; 해결책,CEFRJ_1_5
EN-B1-01813,B1,91,remembrance,noun,추억; 기억,CEFRJ_1_5
EN-B1-01814,B1,91,remote control,noun,리모컨,CEFRJ_1_5
EN-B1-01815,B1,91,remove,verb,제거하다; 없애다,CEFRJ_1_5
EN-B1-01816,B1,91,renew,verb,갱신하다; 재개하다,CEFRJ_1_5
EN-B1-01817,B1,91,repay,verb,갚다; 상환하다,CEFRJ_1_5
EN-B1-01818,B1,91,repeatedly,adverb,반복적으로,CEFRJ_1_5
EN-B1-01819,B1,91,reply,verb,대답하다; 응답하다,CEFRJ_1_5
EN-B1-01820,B1,91,report,verb,보고하다; 보도하다,CEFRJ_1_5
EN-B1-01821,B1,92,representative,noun,대표자; 대리인,CEFRJ_1_5
EN-B1-01822,B1,92,reproduce,verb,복제하다; 재생산하다,CEFRJ_1_5
EN-B1-01823,B1,92,republic,noun,공화국,CEFRJ_1_5
EN-B1-01824,B1,92,reputation,noun,평판; 명성,CEFRJ_1_5
EN-B1-01825,B1,92,request,verb,요청하다,CEFRJ_1_5
EN-B1-01826,B1,92,require,verb,필요로 하다; 요구하다,CEFRJ_1_5
EN-B1-01827,B1,92,requirement,noun,필요 조건; 요구 사항,CEFRJ_1_5
EN-B1-01828,B1,92,rescue,noun,구조; 구출,CEFRJ_1_5
EN-B1-01829,B1,92,rescue,verb,구조하다; 구출하다,CEFRJ_1_5
EN-B1-01830,B1,92,researcher,noun,연구자,CEFRJ_1_5
EN-B1-01831,B1,92,resemble,verb,닮다,CEFRJ_1_5
EN-B1-01832,B1,92,reservation,noun,예약,CEFRJ_1_5
EN-B1-01833,B1,92,reserve,noun,보호 구역; 비축물,CEFRJ_1_5
EN-B1-01834,B1,92,reserve,verb,예약하다; 따로 남겨두다,CEFRJ_1_5
EN-B1-01835,B1,92,resident,adjective,거주하는,CEFRJ_1_5
EN-B1-01836,B1,92,residential,adjective,주거의,CEFRJ_1_5
EN-B1-01837,B1,92,resist,verb,저항하다; 참다,CEFRJ_1_5
EN-B1-01838,B1,92,resolve,verb,해결하다; 결심하다,CEFRJ_1_5
EN-B1-01839,B1,92,resort,noun,휴양지; 의지하는 곳,CEFRJ_1_5
EN-B1-01840,B1,92,resource,noun,자원,CEFRJ_1_5
EN-B1-01841,B1,93,respect,noun,존경; 측면,CEFRJ_1_5
EN-B1-01842,B1,93,respect,verb,존경하다,CEFRJ_1_5
EN-B1-01843,B1,93,respectable,adjective,존경할 만한; 꽤 괜찮은,CEFRJ_1_5
EN-B1-01844,B1,93,respond,verb,응답하다; 반응하다,CEFRJ_1_5
EN-B1-01845,B1,93,responsibility,noun,책임; 의무,CEFRJ_1_5
EN-B1-01846,B1,93,responsible,adjective,책임이 있는,CEFRJ_1_5
EN-B1-01847,B1,93,rest,noun,휴식; 나머지,CEFRJ_1_5
EN-B1-01848,B1,93,rest,verb,쉬다; 기대다,CEFRJ_1_5
EN-B1-01849,B1,93,restore,verb,복구하다; 되찾다,CEFRJ_1_5
EN-B1-01850,B1,93,restrict,verb,제한하다,CEFRJ_1_5
EN-B1-01851,B1,93,result,verb,결과를 낳다,CEFRJ_1_5
EN-B1-01852,B1,93,retail,noun,소매,CEFRJ_1_5
EN-B1-01853,B1,93,retain,verb,보유하다; 유지하다,CEFRJ_1_5
EN-B1-01854,B1,93,retell,verb,다시 이야기하다,CEFRJ_1_5
EN-B1-01855,B1,93,retrospect,noun,회상,CEFRJ_1_5
EN-B1-01856,B1,93,reunification,noun,재통일,CEFRJ_1_5
EN-B1-01857,B1,93,reunify,verb,재통일하다,CEFRJ_1_5
EN-B1-01858,B1,93,revise,verb,수정하다; 복습하다,CEFRJ_1_5
EN-B1-01859,B1,93,revision,noun,수정; 복습,CEFRJ_1_5
EN-B1-01860,B1,93,reward,noun,보상,CEFRJ_1_5
EN-B1-01861,B1,94,rewrite,verb,다시 쓰다,CEFRJ_1_5
EN-B1-01862,B1,94,rid,verb,없애다; 제거하다,CEFRJ_1_5
EN-B1-01863,B1,94,riddle,verb,수수께끼를 내다,CEFRJ_1_5
EN-B1-01864,B1,94,ridiculous,adjective,터무니없는; 우스꽝스러운,CEFRJ_1_5
EN-B1-01865,B1,94,ripe,adjective,익은,CEFRJ_1_5
EN-B1-01866,B1,94,rise,noun,상승; 증가,CEFRJ_1_5
EN-B1-01867,B1,94,rise,verb,오르다; 떠오르다,CEFRJ_1_5
EN-B1-01868,B1,94,risk,noun,위험,CEFRJ_1_5
EN-B1-01869,B1,94,roadside,noun,길가,CEFRJ_1_5
EN-B1-01870,B1,94,robot,noun,로봇,CEFRJ_1_5
EN-B1-01871,B1,94,rolling,adjective,구르는; 완만한,CEFRJ_1_5
EN-B1-01872,B1,94,room,verb,방을 얻어 살다,CEFRJ_1_5
EN-B1-01873,B1,94,rotten,adjective,썩은,CEFRJ_1_5
EN-B1-01874,B1,94,rough,adjective,거친; 대략의,CEFRJ_1_5
EN-B1-01875,B1,94,round,adjective,둥근,CEFRJ_1_5
EN-B1-01876,B1,94,round,noun,한 판; 회차,CEFRJ_1_5
EN-B1-01877,B1,94,routine,noun,일상; 일과,CEFRJ_1_5
EN-B1-01878,B1,94,rubber,noun,고무,CEFRJ_1_5
EN-B1-01879,B1,94,rubbish,noun,쓰레기,CEFRJ_1_5
EN-B1-01880,B1,94,rudely,adverb,무례하게,CEFRJ_1_5
EN-B1-01881,B1,95,ruin,noun,폐허; 파멸,CEFRJ_1_5
EN-B1-01882,B1,95,runaway,noun,도망자,CEFRJ_1_5
EN-B1-01883,B1,95,runway,noun,활주로,CEFRJ_1_5
EN-B1-01884,B1,95,rush,verb,서두르다,CEFRJ_1_5
EN-B1-01885,B1,95,sacred,adjective,신성한,CEFRJ_1_5
EN-B1-01886,B1,95,sadness,noun,슬픔,CEFRJ_1_5
EN-B1-01887,B1,95,safari,noun,사파리,CEFRJ_1_5
EN-B1-01888,B1,95,safeguard,noun,보호 장치,CEFRJ_1_5
EN-B1-01889,B1,95,safely,adverb,안전하게,CEFRJ_1_5
EN-B1-01890,B1,95,safety,noun,안전,CEFRJ_1_5
EN-B1-01891,B1,95,salesman,noun,판매원,CEFRJ_1_5
EN-B1-01892,B1,95,salmon,noun,연어,CEFRJ_1_5
EN-B1-01893,B1,95,sand,noun,모래,CEFRJ_1_5
EN-B1-01894,B1,95,sandal,noun,샌들,CEFRJ_1_5
EN-B1-01895,B1,95,satellite,noun,인공위성,CEFRJ_1_5
EN-B1-01896,B1,95,satisfaction,noun,만족,CEFRJ_1_5
EN-B1-01897,B1,95,satisfied,adjective,만족한,CEFRJ_1_5
EN-B1-01898,B1,95,saucepan,noun,냄비,CEFRJ_1_5
EN-B1-01899,B1,95,saucer,noun,받침 접시,CEFRJ_1_5
EN-B1-01900,B1,95,scan,noun,정밀 검사; 스캔,CEFRJ_1_5
EN-B1-01901,B1,96,scare,verb,겁주다,CEFRJ_1_5
EN-B1-01902,B1,96,scared,adjective,겁먹은,CEFRJ_1_5
EN-B1-01903,B1,96,scary,adjective,무서운,CEFRJ_1_5
EN-B1-01904,B1,96,scatter,verb,흩뿌리다,CEFRJ_1_5
EN-B1-01905,B1,96,scenic,adjective,경치가 좋은,CEFRJ_1_5
EN-B1-01906,B1,96,scholar,noun,학자,CEFRJ_1_5
EN-B1-01907,B1,96,scholarship,noun,장학금,CEFRJ_1_5
EN-B1-01908,B1,96,schoolmate,noun,학교 친구,CEFRJ_1_5
EN-B1-01909,B1,96,schoolteacher,noun,학교 교사,CEFRJ_1_5
EN-B1-01910,B1,96,science fiction,noun,공상 과학,CEFRJ_1_5
EN-B1-01911,B1,96,scold,verb,꾸짖다,CEFRJ_1_5
EN-B1-01912,B1,96,scope,noun,범위; 기회,CEFRJ_1_5
EN-B1-01913,B1,96,score,noun,점수; 악보,CEFRJ_1_5
EN-B1-01914,B1,96,score,verb,득점하다,CEFRJ_1_5
EN-B1-01915,B1,96,scratch,noun,긁힌 자국,CEFRJ_1_5
EN-B1-01916,B1,96,scream,verb,비명을 지르다,CEFRJ_1_5
EN-B1-01917,B1,96,sculpture,noun,조각품,CEFRJ_1_5
EN-B1-01918,B1,96,search,verb,찾다; 수색하다,CEFRJ_1_5
EN-B1-01919,B1,96,season,noun,계절,CEFRJ_1_5
EN-B1-01920,B1,96,seawater,noun,바닷물,CEFRJ_1_5
EN-B1-01921,B1,97,seaweed,noun,해초,CEFRJ_1_5
EN-B1-01922,B1,97,second,adverb,둘째로,CEFRJ_1_5
EN-B1-01923,B1,97,secondary school,noun,중등학교,CEFRJ_1_5
EN-B1-01924,B1,97,second-hand,adjective,중고의,CEFRJ_1_5
EN-B1-01925,B1,97,second-hand,adverb,간접적으로,CEFRJ_1_5
EN-B1-01926,B1,97,secret,adjective,비밀의; 남몰래 하는,CEFRJ_1_5
EN-B1-01927,B1,97,secretly,adverb,남몰래; 비밀스럽게,CEFRJ_1_5
EN-B1-01928,B1,97,secure,adjective,안전한; 확실한,CEFRJ_1_5
EN-B1-01929,B1,97,security,noun,보안; 안전,CEFRJ_1_5
EN-B1-01930,B1,97,seize,verb,붙잡다; 장악하다,CEFRJ_1_5
EN-B1-01931,B1,97,select,adjective,엄선된; 정예의,CEFRJ_1_5
EN-B1-01932,B1,97,selection,noun,선발; 선택,CEFRJ_1_5
EN-B1-01933,B1,97,selfish,adjective,이기적인,CEFRJ_1_5
EN-B1-01934,B1,97,self-service,adjective,셀프서비스의,CEFRJ_1_5
EN-B1-01935,B1,97,sensation,noun,감각; 돌풍,CEFRJ_1_5
EN-B1-01936,B1,97,separation,noun,분리; 이별,CEFRJ_1_5
EN-B1-01937,B1,97,sequence,noun,순서; 연속,CEFRJ_1_5
EN-B1-01938,B1,97,series,noun,연속물; 시리즈,CEFRJ_1_5
EN-B1-01939,B1,97,serious,adjective,심각한; 진지한,CEFRJ_1_5
EN-B1-01940,B1,97,server,noun,서버; 종업원,CEFRJ_1_5
EN-B1-01941,B1,98,service,noun,서비스; 봉사,CEFRJ_1_5
EN-B1-01942,B1,98,service,verb,정비하다; 점검하다,CEFRJ_1_5
EN-B1-01943,B1,98,session,noun,기간; 회기,CEFRJ_1_5
EN-B1-01944,B1,98,setting,noun,환경; 설정,CEFRJ_1_5
EN-B1-01945,B1,98,settle,verb,해결하다; 정착하다,CEFRJ_1_5
EN-B1-01946,B1,98,settlement,noun,합의; 정착,CEFRJ_1_5
EN-B1-01947,B1,98,settler,noun,정착민,CEFRJ_1_5
EN-B1-01948,B1,98,severe,adjective,심각한; 가혹한,CEFRJ_1_5
EN-B1-01949,B1,98,severely,adverb,심하게; 엄격하게,CEFRJ_1_5
EN-B1-01950,B1,98,sex,noun,성; 성별,CEFRJ_1_5
EN-B1-01951,B1,98,shadow,verb,미행하다,CEFRJ_1_5
EN-B1-01952,B1,98,shadowy,adjective,그늘진; 희미한,CEFRJ_1_5
EN-B1-01953,B1,98,shake,verb,흔들다; 악수하다,CEFRJ_1_5
EN-B1-01954,B1,98,shallow,adjective,얕은; 피상적인,CEFRJ_1_5
EN-B1-01955,B1,98,shame,noun,수치; 아쉬운 일,CEFRJ_1_5
EN-B1-01956,B1,98,shameful,adjective,부끄러운; 수치스러운,CEFRJ_1_5
EN-B1-01957,B1,98,shape,verb,형성하다; 구체화하다,CEFRJ_1_5
EN-B1-01958,B1,98,sharp,adjective,날카로운; 선명한,CEFRJ_1_5
EN-B1-01959,B1,98,shave,verb,면도하다,CEFRJ_1_5
EN-B1-01960,B1,98,sheer,adjective,순전한; 얇은,CEFRJ_1_5
EN-B1-01961,B1,99,sheet,noun,시트; 한 장의 종이,CEFRJ_1_5
EN-B1-01962,B1,99,shelter,noun,피난처; 보호,CEFRJ_1_5
EN-B1-01963,B1,99,sheriff,noun,보안관,CEFRJ_1_5
EN-B1-01964,B1,99,shift,verb,바꾸다; 이동하다,CEFRJ_1_5
EN-B1-01965,B1,99,shiny,adjective,빛나는; 윤이 나는,CEFRJ_1_5
EN-B1-01966,B1,99,ship,verb,배로 보내다; 선적하다,CEFRJ_1_5
EN-B1-01967,B1,99,shiver,verb,떨다; 전율하다,CEFRJ_1_5
EN-B1-01968,B1,99,shocked,adjective,충격받은,CEFRJ_1_5
EN-B1-01969,B1,99,shocking,adjective,충격적인,CEFRJ_1_5
EN-B1-01970,B1,99,shop,verb,쇼핑하다,CEFRJ_1_5
EN-B1-01971,B1,99,shopper,noun,쇼핑객,CEFRJ_1_5
EN-B1-01972,B1,99,shortage,noun,부족; 결핍,CEFRJ_1_5
EN-B1-01973,B1,99,shortly,adverb,곧; 머지않아,CEFRJ_1_5
EN-B1-01974,B1,99,shout,verb,외치다; 소리치다,CEFRJ_1_5
EN-B1-01975,B1,99,shrimp,noun,새우,CEFRJ_1_5
EN-B1-01976,B1,99,shut,adjective,닫힌,CEFRJ_1_5
EN-B1-01977,B1,99,sickness,noun,병; 아픔,CEFRJ_1_5
EN-B1-01978,B1,99,sidewalk,noun,보도; 인도,CEFRJ_1_5
EN-B1-01979,B1,99,sigh,noun,한숨,CEFRJ_1_5
EN-B1-01980,B1,99,sign,verb,서명하다; 신호를 보내다,CEFRJ_1_5
EN-B1-01981,B1,100,signal,noun,신호; 신호등,CEFRJ_1_5
EN-B1-01982,B1,100,signature,noun,서명,CEFRJ_1_5
EN-B1-01983,B1,100,significance,noun,의의; 중요성,CEFRJ_1_5
EN-B1-01984,B1,100,signpost,noun,이정표,CEFRJ_1_5
EN-B1-01985,B1,100,silent,adjective,조용한; 침묵하는,CEFRJ_1_5
EN-B1-01986,B1,100,silk,noun,비단; 실크,CEFRJ_1_5
EN-B1-01987,B1,100,similarity,noun,유사성; 닮음,CEFRJ_1_5
EN-B1-01988,B1,100,similarly,adverb,비슷하게,CEFRJ_1_5
EN-B1-01989,B1,100,simplify,verb,간소화하다; 단순화하다,CEFRJ_1_5
EN-B1-01990,B1,100,simultaneously,adverb,동시에,CEFRJ_1_5
EN-B1-01991,B1,100,since,conjunction,~이래로; ~때문에,CEFRJ_1_5
EN-B1-01992,B1,100,single,noun,단일의; 독신자,CEFRJ_1_5
EN-B1-01993,B1,100,sink,verb,가라앉다; 싱크대,CEFRJ_1_5
EN-B1-01994,B1,100,skate,verb,스케이트를 타다,CEFRJ_1_5
EN-B1-01995,B1,100,skeleton,noun,해골; 골격,CEFRJ_1_5
EN-B1-01996,B1,100,ski,verb,스키를 타다,CEFRJ_1_5
EN-B1-01997,B1,100,skin,noun,피부; 가죽,CEFRJ_1_5
EN-B1-01998,B1,100,skyscraper,noun,고층 빌딩,CEFRJ_1_5
EN-B1-01999,B1,100,slavery,noun,노예 제도,CEFRJ_1_5
EN-B1-02000,B1,100,sleep,noun,잠; 수면,CEFRJ_1_5
EN-B1-02001,B1,101,sleeve,noun,소매,CEFRJ_1_5
EN-B1-02002,B1,101,slight,noun,모욕; 무시,CEFRJ_1_5
EN-B1-02003,B1,101,slightly,adverb,약간; 조금,CEFRJ_1_5
EN-B1-02004,B1,101,slip,noun,실수; 미끄러짐,CEFRJ_1_5
EN-B1-02005,B1,101,slip,verb,미끄러지다; 실수하다,CEFRJ_1_5
EN-B1-02006,B1,101,slogan,noun,슬로건; 표어,CEFRJ_1_5
EN-B1-02007,B1,101,slope,noun,경사; 비탈,CEFRJ_1_5
EN-B1-02008,B1,101,slot,noun,구멍; 슬롯,CEFRJ_1_5
EN-B1-02009,B1,101,slow,adverb,천천히,CEFRJ_1_5
EN-B1-02010,B1,101,slow,verb,늦추다; 속도를 줄이다,CEFRJ_1_5
EN-B1-02011,B1,101,smell,verb,냄새를 맡다; 냄새가 나다,CEFRJ_1_5
EN-B1-02012,B1,101,smile,verb,미소 짓다,CEFRJ_1_5
EN-B1-02013,B1,101,smoker,noun,흡연자,CEFRJ_1_5
EN-B1-02014,B1,101,sneeze,noun,재채기,CEFRJ_1_5
EN-B1-02015,B1,101,snowboard,noun,스노보드,CEFRJ_1_5
EN-B1-02016,B1,101,snowstorm,noun,눈보라,CEFRJ_1_5
EN-B1-02017,B1,101,soap opera,noun,연속극,CEFRJ_1_5
EN-B1-02018,B1,101,social networking,noun,소셜 네트워킹,CEFRJ_1_5
EN-B1-02019,B1,101,socially,adverb,사회적으로,CEFRJ_1_5
EN-B1-02020,B1,101,soil,verb,더럽히다,CEFRJ_1_5
EN-B1-02021,B1,102,solid,adjective,고체의; 단단한,CEFRJ_1_5
EN-B1-02022,B1,102,somehow,adverb,어떻게든,CEFRJ_1_5
EN-B1-02023,B1,102,someplace,adverb,어딘가에,CEFRJ_1_5
EN-B1-02024,B1,102,sometime,adverb,언젠가,CEFRJ_1_5
EN-B1-02025,B1,102,sometimes,adverb,때때로,CEFRJ_1_5
EN-B1-02026,B1,102,soothe,verb,달래다; 진정시키다,CEFRJ_1_5
EN-B1-02027,B1,102,sophomore,noun,2학년생,CEFRJ_1_5
EN-B1-02028,B1,102,sore,adjective,아픈; 따가운,CEFRJ_1_5
EN-B1-02029,B1,102,sorrow,noun,슬픔; 비애,CEFRJ_1_5
EN-B1-02030,B1,102,sort,noun,종류; 유형,CEFRJ_1_5
EN-B1-02031,B1,102,soul,noun,영혼; 정신,CEFRJ_1_5
EN-B1-02032,B1,102,sour,adjective,신; 시큼한,CEFRJ_1_5
EN-B1-02033,B1,102,southeast,adjective,남동쪽의,CEFRJ_1_5
EN-B1-02034,B1,102,southeast,noun,남동쪽,CEFRJ_1_5
EN-B1-02035,B1,102,southern,adjective,남쪽의; 남부의,CEFRJ_1_5
EN-B1-02036,B1,102,southwest,adjective,남서쪽의,CEFRJ_1_5
EN-B1-02037,B1,102,southwest,noun,남서쪽,CEFRJ_1_5
EN-B1-02038,B1,102,souvenir,noun,기념품,CEFRJ_1_5
EN-B1-02039,B1,102,sparkle,noun,반짝임,CEFRJ_1_5
EN-B1-02040,B1,102,specialist,noun,전문가,CEFRJ_1_5
EN-B1-02041,B1,103,specialize/specialise,verb,전공하다; 전문으로 하다,CEFRJ_1_5
EN-B1-02042,B1,103,specially,adverb,특별히; 특별하게,CEFRJ_1_5
EN-B1-02043,B1,103,spectacular,adjective,극적인; 근사한,CEFRJ_1_5
EN-B1-02044,B1,103,spectator,noun,관중; 구경꾼,CEFRJ_1_5
EN-B1-02045,B1,103,speed,verb,속도를 내다; 과속하다,CEFRJ_1_5
EN-B1-02046,B1,103,spelling,noun,철자; 맞춤법,CEFRJ_1_5
EN-B1-02047,B1,103,sphere,noun,구; 영역,CEFRJ_1_5
EN-B1-02048,B1,103,spice,noun,향신료; 양념,CEFRJ_1_5
EN-B1-02049,B1,103,spicy,adjective,매운; 향신료가 들어간,CEFRJ_1_5
EN-B1-02050,B1,103,spider,noun,거미,CEFRJ_1_5
EN-B1-02051,B1,103,spinach,noun,시금치,CEFRJ_1_5
EN-B1-02052,B1,103,spiral,adjective,나선형의,CEFRJ_1_5
EN-B1-02053,B1,103,spirit,noun,정신; 영혼; 기분,CEFRJ_1_5
EN-B1-02054,B1,103,spiritual,adjective,정신의; 영적인,CEFRJ_1_5
EN-B1-02055,B1,103,split,noun,분열; 틈,CEFRJ_1_5
EN-B1-02056,B1,103,spoil,verb,망치다; 버릇없게 키우다,CEFRJ_1_5
EN-B1-02057,B1,103,sponge,noun,스펀지; 해면,CEFRJ_1_5
EN-B1-02058,B1,103,sponsor,noun,후원자; 스폰서,CEFRJ_1_5
EN-B1-02059,B1,103,sports,adjective,스포츠의,CEFRJ_1_5
EN-B1-02060,B1,103,sportsmanship,noun,스포츠맨십,CEFRJ_1_5
EN-B1-02061,B1,104,stable,adjective,안정된; 차분한,CEFRJ_1_5
EN-B1-02062,B1,104,stall,noun,가판대; 마구간,CEFRJ_1_5
EN-B1-02063,B1,104,standard,noun,기준; 표준,CEFRJ_1_5
EN-B1-02064,B1,104,star,verb,주연을 맡다,CEFRJ_1_5
EN-B1-02065,B1,104,stare,verb,빤히 쳐다보다,CEFRJ_1_5
EN-B1-02066,B1,104,status,noun,지위; 상태,CEFRJ_1_5
EN-B1-02067,B1,104,stay,noun,체류; 머무름,CEFRJ_1_5
EN-B1-02068,B1,104,steadily,adverb,꾸준히; 안정되게,CEFRJ_1_5
EN-B1-02069,B1,104,steady,adjective,꾸준한; 안정된,CEFRJ_1_5
EN-B1-02070,B1,104,steam,noun,증기; 수증기,CEFRJ_1_5
EN-B1-02071,B1,104,steel,noun,강철; 철강,CEFRJ_1_5
EN-B1-02072,B1,104,steep,adjective,가파른; 급격한,CEFRJ_1_5
EN-B1-02073,B1,104,stem,verb,막다; 저지하다,CEFRJ_1_5
EN-B1-02074,B1,104,stick,verb,붙이다; 찌르다,CEFRJ_1_5
EN-B1-02075,B1,104,sticker,noun,스티커,CEFRJ_1_5
EN-B1-02076,B1,104,sticky,adjective,끈적거리는,CEFRJ_1_5
EN-B1-02077,B1,104,stir,verb,젓다; 휘젓다,CEFRJ_1_5
EN-B1-02078,B1,104,storage,noun,저장; 보관,CEFRJ_1_5
EN-B1-02079,B1,104,stormy,adjective,폭풍우가 치는,CEFRJ_1_5
EN-B1-02080,B1,104,storyteller,noun,이야기꾼,CEFRJ_1_5
EN-B1-02081,B1,105,strain,noun,부담; 긴장,CEFRJ_1_5
EN-B1-02082,B1,105,strangely,adverb,이상하게; 묘하게,CEFRJ_1_5
EN-B1-02083,B1,105,strategic,adjective,전략적인,CEFRJ_1_5
EN-B1-02084,B1,105,straw,noun,빨대; 짚,CEFRJ_1_5
EN-B1-02085,B1,105,strawberry,noun,딸기,CEFRJ_1_5
EN-B1-02086,B1,105,stream,noun,개울; 흐름,CEFRJ_1_5
EN-B1-02087,B1,105,stream,verb,스트리밍하다; 흐르다,CEFRJ_1_5
EN-B1-02088,B1,105,strengthen,verb,강화하다; 튼튼하게 하다,CEFRJ_1_5
EN-B1-02089,B1,105,stress,noun,스트레스; 압박,CEFRJ_1_5
EN-B1-02090,B1,105,stressed,adjective,스트레스를 받는,CEFRJ_1_5
EN-B1-02091,B1,105,stressful,adjective,스트레스가 많은,CEFRJ_1_5
EN-B1-02092,B1,105,stretch,verb,늘이다; 뻗다,CEFRJ_1_5
EN-B1-02093,B1,105,stricken,adjective,시달리는; 고통받는,CEFRJ_1_5
EN-B1-02094,B1,105,strike,verb,치다; 공격하다,CEFRJ_1_5
EN-B1-02095,B1,105,strip,noun,가늘고 긴 조각,CEFRJ_1_5
EN-B1-02096,B1,105,stripe,noun,줄무늬,CEFRJ_1_5
EN-B1-02097,B1,105,struggle,noun,투쟁; 노력,CEFRJ_1_5
EN-B1-02098,B1,105,stubborn,adjective,고집 센,CEFRJ_1_5
EN-B1-02099,B1,105,stuck,adjective,꼼짝 못 하는; 갇힌,CEFRJ_1_5
EN-B1-02100,B1,105,studio,noun,스튜디오; 작업실,CEFRJ_1_5
EN-B1-02101,B1,106,stuffed,adjective,속을 채운; 배부른,CEFRJ_1_5
EN-B1-02102,B1,106,stumble,verb,비틀거리다; 실수하다,CEFRJ_1_5
EN-B1-02103,B1,106,stun,verb,기절시키다; 깜짝 놀라게 하다,CEFRJ_1_5
EN-B1-02104,B1,106,stunning,adjective,근사한; 놀라운,CEFRJ_1_5
EN-B1-02105,B1,106,stupid,adjective,어리석은,CEFRJ_1_5
EN-B1-02106,B1,106,stylish,adjective,멋진; 유행하는,CEFRJ_1_5
EN-B1-02107,B1,106,subconscious,adjective,잠재의식의,CEFRJ_1_5
EN-B1-02108,B1,106,submarine,noun,잠수함,CEFRJ_1_5
EN-B1-02109,B1,106,substantial,adjective,상당한; 실질적인,CEFRJ_1_5
EN-B1-02110,B1,106,substitute,noun,대체물; 대용품,CEFRJ_1_5
EN-B1-02111,B1,106,suddenly,adverb,갑자기,CEFRJ_1_5
EN-B1-02112,B1,106,suffer,verb,고통받다; 겪다,CEFRJ_1_5
EN-B1-02113,B1,106,sufficient,adjective,충분한,CEFRJ_1_5
EN-B1-02114,B1,106,suffix,noun,접미사,CEFRJ_1_5
EN-B1-02115,B1,106,suicide,noun,자살,CEFRJ_1_5
EN-B1-02116,B1,106,summarize/summarise,verb,요약하다,CEFRJ_1_5
EN-B1-02117,B1,106,summit,noun,정상; 회담,CEFRJ_1_5
EN-B1-02118,B1,106,sunbathe,verb,일광욕하다,CEFRJ_1_5
EN-B1-02119,B1,106,sundial,noun,해시계,CEFRJ_1_5
EN-B1-02120,B1,106,sunrise,noun,일출,CEFRJ_1_5
EN-B1-02121,B1,107,sunset,noun,일몰,CEFRJ_1_5
EN-B1-02122,B1,107,superior,adjective,우월한; 상급의,CEFRJ_1_5
EN-B1-02123,B1,107,superstition,noun,미신,CEFRJ_1_5
EN-B1-02124,B1,107,supply,noun,공급; 보급품,CEFRJ_1_5
EN-B1-02125,B1,107,support,verb,지지하다; 지원하다,CEFRJ_1_5
EN-B1-02126,B1,107,supporter,noun,"지지자, 후원자",CEFRJ_1_5
EN-B1-02127,B1,107,supportive,adjective,"지지하는, 힘이 되는",CEFRJ_1_5
EN-B1-02128,B1,107,suppose,verb,"가정하다, 생각하다",CEFRJ_1_5
EN-B1-02129,B1,107,supposedly,adverb,"추정상, 아마",CEFRJ_1_5
EN-B1-02130,B1,107,surely,adverb,"확실히, 틀림없이",CEFRJ_1_5
EN-B1-02131,B1,107,surface,noun,"표면, 겉면",CEFRJ_1_5
EN-B1-02132,B1,107,surgeon,noun,외과 의사,CEFRJ_1_5
EN-B1-02133,B1,107,surgery,noun,수술,CEFRJ_1_5
EN-B1-02134,B1,107,surprise,verb,놀라게 하다,CEFRJ_1_5
EN-B1-02135,B1,107,surprisingly,adverb,놀랍게도,CEFRJ_1_5
EN-B1-02136,B1,107,surround,verb,"둘러싸다, 에워싸다",CEFRJ_1_5
EN-B1-02137,B1,107,surrounding,adjective,"주변의, 인근의",CEFRJ_1_5
EN-B1-02138,B1,107,survival,noun,생존,CEFRJ_1_5
EN-B1-02139,B1,107,survivor,noun,생존자,CEFRJ_1_5
EN-B1-02140,B1,107,suspect,noun,용의자,CEFRJ_1_5
EN-B1-02141,B1,108,suspicion,noun,"의심, 혐의",CEFRJ_1_5
EN-B1-02142,B1,108,swarm,noun,"떼, 무리",CEFRJ_1_5
EN-B1-02143,B1,108,swear,verb,"맹세하다, 욕하다",CEFRJ_1_5
EN-B1-02144,B1,108,sweat,noun,땀,CEFRJ_1_5
EN-B1-02145,B1,108,sweatshirt,noun,"스웨트셔츠, 맨투맨",CEFRJ_1_5
EN-B1-02146,B1,108,swell,verb,"붓다, 부풀다",CEFRJ_1_5
EN-B1-02147,B1,108,swimmer,noun,수영하는 사람,CEFRJ_1_5
EN-B1-02148,B1,108,switch,noun,"스위치, 전환",CEFRJ_1_5
EN-B1-02149,B1,108,switch,verb,"바꾸다, 전환하다",CEFRJ_1_5
EN-B1-02150,B1,108,swollen,adjective,부어오른,CEFRJ_1_5
EN-B1-02151,B1,108,sword,noun,"칼, 검",CEFRJ_1_5
EN-B1-02152,B1,108,sympathy,noun,"동정, 공감",CEFRJ_1_5
EN-B1-02153,B1,108,symptom,noun,증상,CEFRJ_1_5
EN-B1-02154,B1,108,syndrome,noun,증후군,CEFRJ_1_5
EN-B1-02155,B1,108,systematic,adjective,체계적인,CEFRJ_1_5
EN-B1-02156,B1,108,tablet,noun,"태블릿, 알약",CEFRJ_1_5
EN-B1-02157,B1,108,take,noun,"의견, 생각",CEFRJ_1_5
EN-B1-02158,B1,108,takeaway,noun,포장 음식,CEFRJ_1_5
EN-B1-02159,B1,108,takeoff/take-off,noun,이륙,CEFRJ_1_5
EN-B1-02160,B1,108,tale,noun,"이야기, 설화",CEFRJ_1_5
EN-B1-02161,B1,109,talented,adjective,재능 있는,CEFRJ_1_5
EN-B1-02162,B1,109,talk,noun,"대화, 이야기",CEFRJ_1_5
EN-B1-02163,B1,109,talkative,adjective,말하기 좋아하는,CEFRJ_1_5
EN-B1-02164,B1,109,tank,noun,"탱크, 수조",CEFRJ_1_5
EN-B1-02165,B1,109,tape,verb,"테이프로 붙이다, 녹화하다",CEFRJ_1_5
EN-B1-02166,B1,109,taste,noun,"맛, 취향",CEFRJ_1_5
EN-B1-02167,B1,109,taste,verb,맛보다,CEFRJ_1_5
EN-B1-02168,B1,109,tasteless,adjective,맛없는,CEFRJ_1_5
EN-B1-02169,B1,109,tasty,adjective,맛있는,CEFRJ_1_5
EN-B1-02170,B1,109,tax,noun,세금,CEFRJ_1_5
EN-B1-02171,B1,109,teaching,noun,"가르침, 교육",CEFRJ_1_5
EN-B1-02172,B1,109,teammate,noun,팀 동료,CEFRJ_1_5
EN-B1-02173,B1,109,teamwork,noun,"팀워크, 협동",CEFRJ_1_5
EN-B1-02174,B1,109,tear,verb,찢다,CEFRJ_1_5
EN-B1-02175,B1,109,tease,noun,"놀림, 괴롭힘",CEFRJ_1_5
EN-B1-02176,B1,109,technique,noun,"기술, 기법",CEFRJ_1_5
EN-B1-02177,B1,109,technological,adjective,기술적인,CEFRJ_1_5
EN-B1-02178,B1,109,teen,noun,십 대,CEFRJ_1_5
EN-B1-02179,B1,109,telecommunications,noun,통신,CEFRJ_1_5
EN-B1-02180,B1,109,telegram,noun,전보,CEFRJ_1_5
EN-B1-02181,B1,110,teller,noun,은행 창구 직원,CEFRJ_1_5
EN-B1-02182,B1,110,temper,noun,"성질, 기질",CEFRJ_1_5
EN-B1-02183,B1,110,temporary,adjective,일시적인,CEFRJ_1_5
EN-B1-02184,B1,110,tempt,verb,유혹하다,CEFRJ_1_5
EN-B1-02185,B1,110,tend,verb,경향이 있다,CEFRJ_1_5
EN-B1-02186,B1,110,tendency,noun,"경향, 추세",CEFRJ_1_5
EN-B1-02187,B1,110,tense,adjective,긴장한,CEFRJ_1_5
EN-B1-02188,B1,110,tense,noun,시제,CEFRJ_1_5
EN-B1-02189,B1,110,tension,noun,"긴장, 불안",CEFRJ_1_5
EN-B1-02190,B1,110,tent,noun,텐트,CEFRJ_1_5
EN-B1-02191,B1,110,term,noun,"기간, 용어",CEFRJ_1_5
EN-B1-02192,B1,110,terminal,noun,"터미널, 종점",CEFRJ_1_5
EN-B1-02193,B1,110,terribly,adverb,"몹시, 지독하게",CEFRJ_1_5
EN-B1-02194,B1,110,terrific,adjective,"아주 좋은, 훌륭한",CEFRJ_1_5
EN-B1-02195,B1,110,terrified,adjective,겁먹은,CEFRJ_1_5
EN-B1-02196,B1,110,terror,noun,공포,CEFRJ_1_5
EN-B1-02197,B1,110,terrorism,noun,테러리즘,CEFRJ_1_5
EN-B1-02198,B1,110,terrorist,noun,테러리스트,CEFRJ_1_5
EN-B1-02199,B1,110,thankful,adjective,감사하는,CEFRJ_1_5
EN-B1-02200,B1,110,theft,noun,"절도, 도둑질",CEFRJ_1_5
EN-B1-02201,B1,111,theory,noun,이론,CEFRJ_1_5
EN-B1-02202,B1,111,thirst,verb,갈망하다,CEFRJ_1_5
EN-B1-02203,B1,111,thorough,adjective,철저한,CEFRJ_1_5
EN-B1-02204,B1,111,threat,noun,위협,CEFRJ_1_5
EN-B1-02205,B1,111,threatening,adjective,위협적인,CEFRJ_1_5
EN-B1-02206,B1,111,thriller,noun,스릴러물,CEFRJ_1_5
EN-B1-02207,B1,111,through,adverb,"끝까지, 완전히",CEFRJ_1_5
EN-B1-02208,B1,111,throughout,preposition,"도처에, ~동안 내내",CEFRJ_1_5
EN-B1-02209,B1,111,thumb,noun,엄지손가락,CEFRJ_1_5
EN-B1-02210,B1,111,thump,verb,쿵 치다,CEFRJ_1_5
EN-B1-02211,B1,111,thunder,noun,천둥,CEFRJ_1_5
EN-B1-02212,B1,111,thunderous,adjective,우레와 같은,CEFRJ_1_5
EN-B1-02213,B1,111,thus,adverb,"따라서, 그러므로",CEFRJ_1_5
EN-B1-02214,B1,111,tick,noun,"똑딱거리는 소리, 체크 표시",CEFRJ_1_5
EN-B1-02215,B1,111,tick,verb,"똑딱거리다, 체크하다",CEFRJ_1_5
EN-B1-02216,B1,111,tide,noun,"조수, 밀물과 썰물",CEFRJ_1_5
EN-B1-02217,B1,111,tie,verb,"묶다, 매다",CEFRJ_1_5
EN-B1-02218,B1,111,tighten,verb,"조이다, 팽팽하게 하다",CEFRJ_1_5
EN-B1-02219,B1,111,tightly,adverb,"단단히, 꽉",CEFRJ_1_5
EN-B1-02220,B1,111,tile,noun,타일,CEFRJ_1_5
EN-B1-02221,B1,112,till,conjunction,~할 때까지,CEFRJ_1_5
EN-B1-02222,B1,112,timely,adjective,시기적절한,CEFRJ_1_5
EN-B1-02223,B1,112,tin,noun,"양철, 깡통",CEFRJ_1_5
EN-B1-02224,B1,112,tiny,adjective,아주 작은,CEFRJ_1_5
EN-B1-02225,B1,112,tire,verb,지치게 하다,CEFRJ_1_5
EN-B1-02226,B1,112,tiring,adjective,"피곤하게 하는, 지루한",CEFRJ_1_5
EN-B1-02227,B1,112,tissue,noun,조직; 화장지,CEFRJ_1_5
EN-B1-02228,B1,112,tobacco,noun,담배,CEFRJ_1_5
EN-B1-02229,B1,112,tongue,noun,혀; 언어,CEFRJ_1_5
EN-B1-02230,B1,112,toothpaste,noun,치약,CEFRJ_1_5
EN-B1-02231,B1,112,top,adjective,"최고의, 맨 위의",CEFRJ_1_5
EN-B1-02232,B1,112,tornado,noun,"토네이도, 회오리바람",CEFRJ_1_5
EN-B1-02233,B1,112,toss,verb,"던지다, 뒤척이다",CEFRJ_1_5
EN-B1-02234,B1,112,total,adjective,"전체의, 완전한",CEFRJ_1_5
EN-B1-02235,B1,112,total,noun,"합계, 총계",CEFRJ_1_5
EN-B1-02236,B1,112,totally,adverb,"완전히, 전적으로",CEFRJ_1_5
EN-B1-02237,B1,112,touch,verb,"만지다, 건드리다",CEFRJ_1_5
EN-B1-02238,B1,112,tour,verb,"여행하다, 순회하다",CEFRJ_1_5
EN-B1-02239,B1,112,tourism,noun,관광(업),CEFRJ_1_5
EN-B1-02240,B1,112,tournament,noun,"토너먼트, 선수권 대회",CEFRJ_1_5
EN-B1-02241,B1,113,trace,noun,"흔적, 자취",CEFRJ_1_5
EN-B1-02242,B1,113,tracksuit,noun,"트랙슈트, 운동복",CEFRJ_1_5
EN-B1-02243,B1,113,traditionally,adverb,전통적으로,CEFRJ_1_5
EN-B1-02244,B1,113,traffic jam,noun,교통 체증,CEFRJ_1_5
EN-B1-02245,B1,113,tragedy,noun,비극,CEFRJ_1_5
EN-B1-02246,B1,113,tragic,adjective,비극적인,CEFRJ_1_5
EN-B1-02247,B1,113,trail,noun,"오솔길, 자국",CEFRJ_1_5
EN-B1-02248,B1,113,transfer,verb,"이동하다, 갈아타다",CEFRJ_1_5
EN-B1-02249,B1,113,transform,verb,"변형시키다, 바꾸다",CEFRJ_1_5
EN-B1-02250,B1,113,transformation,noun,"변형, 변화",CEFRJ_1_5
EN-B1-02251,B1,113,transitional,adjective,과도기의,CEFRJ_1_5
EN-B1-02252,B1,113,translate,verb,번역하다,CEFRJ_1_5
EN-B1-02253,B1,113,transport,noun,"수송, 운송",CEFRJ_1_5
EN-B1-02254,B1,113,transportation,noun,"수송, 운송",CEFRJ_1_5
EN-B1-02255,B1,113,trash,noun,쓰레기,CEFRJ_1_5
EN-B1-02256,B1,113,travel agent,noun,여행사 직원,CEFRJ_1_5
EN-B1-02257,B1,113,treat,noun,"대접, 특별한 즐거움",CEFRJ_1_5
EN-B1-02258,B1,113,treatment,noun,"치료, 처리",CEFRJ_1_5
EN-B1-02259,B1,113,tremble,verb,"떨다, 떨리다",CEFRJ_1_5
EN-B1-02260,B1,113,tremendous,adjective,"엄청난, 대단한",CEFRJ_1_5
EN-B1-02261,B1,114,trend,noun,"경향, 추세",CEFRJ_1_5
EN-B1-02262,B1,114,trigger,noun,"방아쇠, 계기",CEFRJ_1_5
EN-B1-02263,B1,114,trim,noun,"다듬기, 손질",CEFRJ_1_5
EN-B1-02264,B1,114,triumph,noun,"승리, 대성공",CEFRJ_1_5
EN-B1-02265,B1,114,tropical,adjective,열대의,CEFRJ_1_5
EN-B1-02266,B1,114,trouble,verb,"괴롭히다, 걱정시키다",CEFRJ_1_5
EN-B1-02267,B1,114,trumpet,noun,트럼펫,CEFRJ_1_5
EN-B1-02268,B1,114,trustworthy,adjective,믿을 수 있는,CEFRJ_1_5
EN-B1-02269,B1,114,tumble,verb,"넘어지다, 굴러떨어지다",CEFRJ_1_5
EN-B1-02270,B1,114,tuna,noun,참치,CEFRJ_1_5
EN-B1-02271,B1,114,turbulence,noun,"난기류, 소란",CEFRJ_1_5
EN-B1-02272,B1,114,turning,noun,"회전, 전환점",CEFRJ_1_5
EN-B1-02273,B1,114,turtle,noun,거북이,CEFRJ_1_5
EN-B1-02274,B1,114,twin,noun,쌍둥이,CEFRJ_1_5
EN-B1-02275,B1,114,twist,noun,"비틀기, 반전",CEFRJ_1_5
EN-B1-02276,B1,114,twist,verb,"비틀다, 꼬다",CEFRJ_1_5
EN-B1-02277,B1,114,type,verb,타이핑하다,CEFRJ_1_5
EN-B1-02278,B1,114,typical,adjective,전형적인,CEFRJ_1_5
EN-B1-02279,B1,114,typically,adverb,"전형적으로, 보통",CEFRJ_1_5
EN-B1-02280,B1,114,unable,adjective,~할 수 없는,CEFRJ_1_5
EN-B1-02281,B1,115,unafraid,adjective,두려워하지 않는,CEFRJ_1_5
EN-B1-02282,B1,115,unbelievable,adjective,믿을 수 없는,CEFRJ_1_5
EN-B1-02283,B1,115,uncertainty,noun,불확실성,CEFRJ_1_5
EN-B1-02284,B1,115,unclear,adjective,불분명한,CEFRJ_1_5
EN-B1-02285,B1,115,uncontrollable,adjective,통제할 수 없는,CEFRJ_1_5
EN-B1-02286,B1,115,uncover,verb,"밝히다, 덮개를 벗기다",CEFRJ_1_5
EN-B1-02287,B1,115,underage,adjective,미성년의,CEFRJ_1_5
EN-B1-02288,B1,115,undergo,verb,"겪다, 경험하다",CEFRJ_1_5
EN-B1-02289,B1,115,underline,verb,"밑줄을 긋다, 강조하다",CEFRJ_1_5
EN-B1-02290,B1,115,underneath,preposition,~의 아래에,CEFRJ_1_5
EN-B1-02291,B1,115,underpants,noun,속옷,CEFRJ_1_5
EN-B1-02292,B1,115,undo,verb,"원상태로 돌리다, 풀다",CEFRJ_1_5
EN-B1-02293,B1,115,undress,verb,옷을 벗다,CEFRJ_1_5
EN-B1-02294,B1,115,unemployed,adjective,실업 상태의,CEFRJ_1_5
EN-B1-02295,B1,115,unemployment,noun,실업(률),CEFRJ_1_5
EN-B1-02296,B1,115,unexpected,adjective,예상치 못한,CEFRJ_1_5
EN-B1-02297,B1,115,unexpectedly,adverb,예상치 못하게,CEFRJ_1_5
EN-B1-02298,B1,115,unfairly,adverb,부당하게,CEFRJ_1_5
EN-B1-02299,B1,115,unfit,adjective,"건강하지 못한, 부적합한",CEFRJ_1_5
EN-B1-02300,B1,115,unfold,verb,"펼치다, 밝혀지다",CEFRJ_1_5
EN-B1-02301,B1,116,unfortunate,adjective,"불운한, 유감스러운",CEFRJ_1_5
EN-B1-02302,B1,116,unfriendly,adjective,비우호적인,CEFRJ_1_5
EN-B1-02303,B1,116,unheard,adjective,"들어보지 못한, 전례 없는",CEFRJ_1_5
EN-B1-02304,B1,116,unify,verb,"통합하다, 통일하다",CEFRJ_1_5
EN-B1-02305,B1,116,uninterested,adjective,관심 없는,CEFRJ_1_5
EN-B1-02306,B1,116,uninteresting,adjective,재미없는,CEFRJ_1_5
EN-B1-02307,B1,116,union,noun,"조합, 연합",CEFRJ_1_5
EN-B1-02308,B1,116,unique,adjective,"독특한, 유일무이한",CEFRJ_1_5
EN-B1-02309,B1,116,unite,verb,"결합하다, 단결하다",CEFRJ_1_5
EN-B1-02310,B1,116,universe,noun,우주,CEFRJ_1_5
EN-B1-02311,B1,116,unless,conjunction,~하지 않으면,CEFRJ_1_5
EN-B1-02312,B1,116,unlikely,adjective,있을 법하지 않은,CEFRJ_1_5
EN-B1-02313,B1,116,unlucky,adjective,운이 없는,CEFRJ_1_5
EN-B1-02314,B1,116,unpack,verb,짐을 풀다,CEFRJ_1_5
EN-B1-02315,B1,116,unpredictable,adjective,예측할 수 없는,CEFRJ_1_5
EN-B1-02316,B1,116,unrelated,adjective,관련 없는,CEFRJ_1_5
EN-B1-02317,B1,116,untidy,adjective,단정치 못한,CEFRJ_1_5
EN-B1-02318,B1,116,until,conjunction,~할 때까지,CEFRJ_1_5
EN-B1-02319,B1,116,unusually,adverb,"평소와 다르게, 비정상적으로",CEFRJ_1_5
EN-B1-02320,B1,116,unwanted,adjective,원치 않는,CEFRJ_1_5
EN-B1-02321,B1,117,unwell,adjective,몸이 좋지 않은,CEFRJ_1_5
EN-B1-02322,B1,117,update,verb,"갱신하다, 최신 정보를 주다",CEFRJ_1_5
EN-B1-02323,B1,117,uplifted,adjective,"고무된, 기분이 좋아진",CEFRJ_1_5
EN-B1-02324,B1,117,upload,verb,업로드하다,CEFRJ_1_5
EN-B1-02325,B1,117,upper,adjective,"위쪽의, 상부의",CEFRJ_1_5
EN-B1-02326,B1,117,upstairs,adjective,위층의,CEFRJ_1_5
EN-B1-02327,B1,117,upstairs,noun,위층,CEFRJ_1_5
EN-B1-02328,B1,117,up-to-date,adjective,최신의,CEFRJ_1_5
EN-B1-02329,B1,117,upward,adjective,위쪽으로 향하는,CEFRJ_1_5
EN-B1-02330,B1,117,urge,noun,충동; 욕구,CEFRJ_1_5
EN-B1-02331,B1,117,urgent,adjective,긴급한,CEFRJ_1_5
EN-B1-02332,B1,117,usage,noun,사용; 용법,CEFRJ_1_5
EN-B1-02333,B1,117,used to,modal auxiliary,과거의 습관이나 상태를 나타내는 조동사,CEFRJ_1_5
EN-B1-02334,B1,117,useless,adjective,쓸모없는,CEFRJ_1_5
EN-B1-02335,B1,117,vacancy,noun,공석; 빈방,CEFRJ_1_5
EN-B1-02336,B1,117,vague,adjective,모호한,CEFRJ_1_5
EN-B1-02337,B1,117,vain,adjective,헛된; 자만심이 강한,CEFRJ_1_5
EN-B1-02338,B1,117,valuable,adjective,소중한; 가치 있는,CEFRJ_1_5
EN-B1-02339,B1,117,van,noun,밴; 화물차,CEFRJ_1_5
EN-B1-02340,B1,117,variety,noun,다양성; 종류,CEFRJ_1_5
EN-B1-02341,B1,118,various,adjective,다양한,CEFRJ_1_5
EN-B1-02342,B1,118,vary,verb,변하다; 다르다,CEFRJ_1_5
EN-B1-02343,B1,118,vast,adjective,거대한; 방대한,CEFRJ_1_5
EN-B1-02344,B1,118,vegetarian,adjective,채식의,CEFRJ_1_5
EN-B1-02345,B1,118,vegetarian,noun,채식주의자,CEFRJ_1_5
EN-B1-02346,B1,118,vehicle,noun,탈것; 수단,CEFRJ_1_5
EN-B1-02347,B1,118,vein,noun,정맥; 혈관,CEFRJ_1_5
EN-B1-02348,B1,118,vessel,noun,선박; 그릇,CEFRJ_1_5
EN-B1-02349,B1,118,vet,noun,수의사,CEFRJ_1_5
EN-B1-02350,B1,118,via,preposition,~을 경유하여,CEFRJ_1_5
EN-B1-02351,B1,118,vice,adjective,부(副)의; 대리의,CEFRJ_1_5
EN-B1-02352,B1,118,vice president,noun,부통령; 부사장,CEFRJ_1_5
EN-B1-02353,B1,118,victim,noun,피해자; 희생자,CEFRJ_1_5
EN-B1-02354,B1,118,victory,noun,승리,CEFRJ_1_5
EN-B1-02355,B1,118,video clip,noun,동영상 클립,CEFRJ_1_5
EN-B1-02356,B1,118,view,verb,보다; 여기다,CEFRJ_1_5
EN-B1-02357,B1,118,viewpoint,noun,관점,CEFRJ_1_5
EN-B1-02358,B1,118,violence,noun,폭력,CEFRJ_1_5
EN-B1-02359,B1,118,violently,adverb,격렬하게,CEFRJ_1_5
EN-B1-02360,B1,118,virtual,adjective,가상의; 사실상의,CEFRJ_1_5
EN-B1-02361,B1,119,virus,noun,바이러스,CEFRJ_1_5
EN-B1-02362,B1,119,visa,noun,비자,CEFRJ_1_5
EN-B1-02363,B1,119,visible,adjective,눈에 보이는,CEFRJ_1_5
EN-B1-02364,B1,119,vision,noun,시력; 비전,CEFRJ_1_5
EN-B1-02365,B1,119,visual,adjective,시각의,CEFRJ_1_5
EN-B1-02366,B1,119,visually,adverb,시각적으로,CEFRJ_1_5
EN-B1-02367,B1,119,vivid,adjective,생생한,CEFRJ_1_5
EN-B1-02368,B1,119,vividly,adverb,생생하게,CEFRJ_1_5
EN-B1-02369,B1,119,volcano,noun,화산,CEFRJ_1_5
EN-B1-02370,B1,119,volume,noun,부피; 음량; 책,CEFRJ_1_5
EN-B1-02371,B1,119,volunteer,verb,자원하다,CEFRJ_1_5
EN-B1-02372,B1,119,vote,verb,투표하다,CEFRJ_1_5
EN-B1-02373,B1,119,vowel,noun,모음,CEFRJ_1_5
EN-B1-02374,B1,119,voyage,noun,항해; 여행,CEFRJ_1_5
EN-B1-02375,B1,119,wagon,noun,짐마차,CEFRJ_1_5
EN-B1-02376,B1,119,wake,verb,깨다; 깨우다,CEFRJ_1_5
EN-B1-02377,B1,119,ward,noun,병동; 보호 구역,CEFRJ_1_5
EN-B1-02378,B1,119,wardrobe,noun,옷장,CEFRJ_1_5
EN-B1-02379,B1,119,warm,verb,따뜻하게 하다,CEFRJ_1_5
EN-B1-02380,B1,119,warmly,adverb,따뜻하게,CEFRJ_1_5
EN-B1-02381,B1,120,warmth,noun,온기,CEFRJ_1_5
EN-B1-02382,B1,120,warn,verb,경고하다,CEFRJ_1_5
EN-B1-02383,B1,120,warning,noun,경고,CEFRJ_1_5
EN-B1-02384,B1,120,warranty,noun,보증서,CEFRJ_1_5
EN-B1-02385,B1,120,warrior,noun,전사,CEFRJ_1_5
EN-B1-02386,B1,120,washbowl,noun,세면대,CEFRJ_1_5
EN-B1-02387,B1,120,waste,adjective,황폐한; 쓸모없는,CEFRJ_1_5
EN-B1-02388,B1,120,waste,noun,낭비; 쓰레기,CEFRJ_1_5
EN-B1-02389,B1,120,waste,verb,낭비하다,CEFRJ_1_5
EN-B1-02390,B1,120,wasteful,adjective,낭비하는,CEFRJ_1_5
EN-B1-02391,B1,120,waterfall,noun,폭포,CEFRJ_1_5
EN-B1-02392,B1,120,wave,verb,손을 흔들다; 파도치다,CEFRJ_1_5
EN-B1-02393,B1,120,wax,noun,왁스; 밀랍,CEFRJ_1_5
EN-B1-02394,B1,120,wax,verb,왁스를 바르다,CEFRJ_1_5
EN-B1-02395,B1,120,weakness,noun,약점,CEFRJ_1_5
EN-B1-02396,B1,120,weapon,noun,무기,CEFRJ_1_5
EN-B1-02397,B1,120,weather forecast,noun,일기 예보,CEFRJ_1_5
EN-B1-02398,B1,120,webcam,noun,웹캠,CEFRJ_1_5
EN-B1-02399,B1,120,weird,adjective,이상한,CEFRJ_1_5
EN-B1-02400,B1,120,welcome,adjective,환영받는,CEFRJ_1_5
EN-B1-02401,B1,121,well-dressed,adjective,옷을 잘 차려입은,CEFRJ_1_5
EN-B1-02402,B1,121,westward,adverb,서쪽으로,CEFRJ_1_5
EN-B1-02403,B1,121,wetland,noun,습지,CEFRJ_1_5
EN-B1-02404,B1,121,whale,noun,고래,CEFRJ_1_5
EN-B1-02405,B1,121,whatever,pronoun,무엇이든,CEFRJ_1_5
EN-B1-02406,B1,121,whenever,adverb,언제든지,CEFRJ_1_5
EN-B1-02407,B1,121,whenever,conjunction,~할 때마다,CEFRJ_1_5
EN-B1-02408,B1,121,wherever,conjunction,어디든지,CEFRJ_1_5
EN-B1-02409,B1,121,whether,conjunction,~인지 아닌지,CEFRJ_1_5
EN-B1-02410,B1,121,whichever,determiner,어느 것이든,CEFRJ_1_5
EN-B1-02411,B1,121,while,noun,잠시,CEFRJ_1_5
EN-B1-02412,B1,121,whisper,noun,속삭임,CEFRJ_1_5
EN-B1-02413,B1,121,whistle,noun,호루라기; 휘파람,CEFRJ_1_5
EN-B1-02414,B1,121,whoever,pronoun,누구든지,CEFRJ_1_5
EN-B1-02415,B1,121,whole,noun,전체,CEFRJ_1_5
EN-B1-02416,B1,121,widespread,adjective,널리 퍼진,CEFRJ_1_5
EN-B1-02417,B1,121,wildlife,noun,야생 동물,CEFRJ_1_5
EN-B1-02418,B1,121,wildly,adverb,격렬하게; 몹시,CEFRJ_1_5
EN-B1-02419,B1,121,willingness,noun,기꺼이 하는 마음,CEFRJ_1_5
EN-B1-02420,B1,121,windscreen,noun,앞 유리,CEFRJ_1_5
EN-B1-02421,B1,122,windsurfing,noun,윈드서핑,CEFRJ_1_5
EN-B1-02422,B1,122,wing,noun,날개,CEFRJ_1_5
EN-B1-02423,B1,122,wire,noun,철사; 전선,CEFRJ_1_5
EN-B1-02424,B1,122,wither,verb,시들다,CEFRJ_1_5
EN-B1-02425,B1,122,witness,verb,목격하다,CEFRJ_1_5
EN-B1-02426,B1,122,wizard,adjective,마법의; 아주 뛰어난,CEFRJ_1_5
EN-B1-02427,B1,122,wonder,noun,경이로움; 놀라움,CEFRJ_1_5
EN-B1-02428,B1,122,working,adjective,작동하는; 효과가 있는,CEFRJ_1_5
EN-B1-02429,B1,122,workout,noun,운동,CEFRJ_1_5
EN-B1-02430,B1,122,workplace,noun,직장,CEFRJ_1_5
EN-B1-02431,B1,122,workshop,noun,워크숍; 연구회,CEFRJ_1_5
EN-B1-02432,B1,122,worn,adjective,닳은; 해진,CEFRJ_1_5
EN-B1-02433,B1,122,worst,noun,최악,CEFRJ_1_5
EN-B1-02434,B1,122,worth,adjective,~할 가치가 있는,CEFRJ_1_5
EN-B1-02435,B1,122,worthwhile,adjective,가치 있는; 보람 있는,CEFRJ_1_5
EN-B1-02436,B1,122,worthy,adjective,가치 있는; 훌륭한,CEFRJ_1_5
EN-B1-02437,B1,122,wound,noun,상처; 부상,CEFRJ_1_5
EN-B1-02438,B1,122,wrap,noun,포장지; 덮개,CEFRJ_1_5
EN-B1-02439,B1,122,wrap,verb,싸다; 포장하다,CEFRJ_1_5
EN-B1-02440,B1,122,wrapping,noun,포장재,CEFRJ_1_5
EN-B1-02441,B1,123,wrist,noun,손목,CEFRJ_1_5
EN-B1-02442,B1,123,wristwatch,noun,손목시계,CEFRJ_1_5
EN-B1-02443,B1,123,written,adjective,서면의; 기록된,CEFRJ_1_5
EN-B1-02444,B1,123,yell,noun,고함; 외침,CEFRJ_1_5
EN-B1-02445,B1,123,yet,conjunction,그렇지만; 그럼에도 불구하고,CEFRJ_1_5
EN-B1-02446,B1,123,yoga,noun,요가,CEFRJ_1_5
EN-B2-00001,B2,1,abandoned,adjective,버려진; 유기된,CEFRJ_1_5
EN-B2-00002,B2,1,abnormally,adverb,비정상적으로,CEFRJ_1_5
EN-B2-00003,B2,1,abolish,verb,폐지하다,CEFRJ_1_5
EN-B2-00004,B2,1,aboriginal,adjective,토착의,CEFRJ_1_5
EN-B2-00005,B2,1,abruptly,adverb,갑자기; 돌연,CEFRJ_1_5
EN-B2-00006,B2,1,absentee,noun,결석자,CEFRJ_1_5
EN-B2-00007,B2,1,absurd,adjective,터무니없는; 어리석은,CEFRJ_1_5
EN-B2-00008,B2,1,abuse,noun,남용; 학대,CEFRJ_1_5
EN-B2-00009,B2,1,access,verb,접근하다; 접속하다,CEFRJ_1_5
EN-B2-00010,B2,1,accessibility,noun,접근성,CEFRJ_1_5
EN-B2-00011,B2,1,accommodation,noun,숙박 시설,CEFRJ_1_5
EN-B2-00012,B2,1,accordingly,adverb,그에 따라,CEFRJ_1_5
EN-B2-00013,B2,1,accumulate,verb,축적하다; 모으다,CEFRJ_1_5
EN-B2-00014,B2,1,accusation,noun,비난; 고발,CEFRJ_1_5
EN-B2-00015,B2,1,ache,verb,아프다; 쑤시다,CEFRJ_1_5
EN-B2-00016,B2,1,achievable,adjective,달성할 수 있는,CEFRJ_1_5
EN-B2-00017,B2,1,acid,noun,산; 산성 물질,CEFRJ_1_5
EN-B2-00018,B2,1,acquisition,noun,습득; 매입,CEFRJ_1_5
EN-B2-00019,B2,1,actively,adverb,적극적으로,CEFRJ_1_5
EN-B2-00020,B2,1,actual,adjective,실제의; 사실의,CEFRJ_1_5
EN-B2-00021,B2,2,acute,adjective,격심한; 예리한,CEFRJ_1_5
EN-B2-00022,B2,2,adaptable,adjective,적응성 있는,CEFRJ_1_5
EN-B2-00023,B2,2,addict,noun,중독자,CEFRJ_1_5
EN-B2-00024,B2,2,addicted,adjective,중독된,CEFRJ_1_5
EN-B2-00025,B2,2,addiction,noun,중독,CEFRJ_1_5
EN-B2-00026,B2,2,additionally,adverb,게다가; 추가로,CEFRJ_1_5
EN-B2-00027,B2,2,adequate,adjective,적절한; 충분한,CEFRJ_1_5
EN-B2-00028,B2,2,adequately,adverb,적절하게; 충분히,CEFRJ_1_5
EN-B2-00029,B2,2,adjustment,noun,조정; 적응,CEFRJ_1_5
EN-B2-00030,B2,2,administrative,adjective,관리의; 행정의,CEFRJ_1_5
EN-B2-00031,B2,2,admirable,adjective,감탄할 만한; 훌륭한,CEFRJ_1_5
EN-B2-00032,B2,2,admiringly,adverb,감탄하며,CEFRJ_1_5
EN-B2-00033,B2,2,admittedly,adverb,인정하건대; 솔직히,CEFRJ_1_5
EN-B2-00034,B2,2,adopted,adjective,입양된; 채택된,CEFRJ_1_5
EN-B2-00035,B2,2,adoption,noun,입양; 채택,CEFRJ_1_5
EN-B2-00036,B2,2,adore,verb,아주 좋아하다; 흠모하다,CEFRJ_1_5
EN-B2-00037,B2,2,adorn,verb,장식하다,CEFRJ_1_5
EN-B2-00038,B2,2,advance,noun,전진; 발전; 선불,CEFRJ_1_5
EN-B2-00039,B2,2,advancement,noun,발전; 진보,CEFRJ_1_5
EN-B2-00040,B2,2,advent,noun,도래; 출현,CEFRJ_1_5
EN-B2-00041,B2,3,adventurous,adjective,모험적인,CEFRJ_1_5
EN-B2-00042,B2,3,adverse,adjective,불리한; 반대의,CEFRJ_1_5
EN-B2-00043,B2,3,adversely,adverb,불리하게; 역효과로,CEFRJ_1_5
EN-B2-00044,B2,3,adversity,noun,역경; 불운,CEFRJ_1_5
EN-B2-00045,B2,3,affectionate,adjective,애정 어린,CEFRJ_1_5
EN-B2-00046,B2,3,affectionately,adverb,애정을 담아,CEFRJ_1_5
EN-B2-00047,B2,3,affordable,adjective,감당할 수 있는; 알맞은,CEFRJ_1_5
EN-B2-00048,B2,3,ageless,adjective,나이를 먹지 않는; 영원한,CEFRJ_1_5
EN-B2-00049,B2,3,aggressively,adverb,공격적으로,CEFRJ_1_5
EN-B2-00050,B2,3,agonize/agonise,verb,고뇌하다; 고민하다,CEFRJ_1_5
EN-B2-00051,B2,3,agony,noun,고통; 고뇌,CEFRJ_1_5
EN-B2-00052,B2,3,aim,verb,겨누다; 목표하다,CEFRJ_1_5
EN-B2-00053,B2,3,aircraft,noun,항공기,CEFRJ_1_5
EN-B2-00054,B2,3,aircrew,noun,승무원,CEFRJ_1_5
EN-B2-00055,B2,3,alcoholic,noun,알코올 중독자,CEFRJ_1_5
EN-B2-00056,B2,3,alcoholism,noun,알코올 중독,CEFRJ_1_5
EN-B2-00057,B2,3,alert,verb,알리다; 경고하다,CEFRJ_1_5
EN-B2-00058,B2,3,allegation,noun,혐의; 주장,CEFRJ_1_5
EN-B2-00059,B2,3,alliance,noun,동맹; 연합,CEFRJ_1_5
EN-B2-00060,B2,3,ally,noun,동맹국; 협력자,CEFRJ_1_5
EN-B2-00061,B2,4,alongside,preposition,~와 나란히; ~와 함께,CEFRJ_1_5
EN-B2-00062,B2,4,alphabetical,adjective,알파벳 순의,CEFRJ_1_5
EN-B2-00063,B2,4,altar,noun,제단,CEFRJ_1_5
EN-B2-00064,B2,4,alter,verb,바꾸다; 변경하다,CEFRJ_1_5
EN-B2-00065,B2,4,alternate,verb,번갈아 하다,CEFRJ_1_5
EN-B2-00066,B2,4,alternatively,adverb,그렇지 않으면; 대신에,CEFRJ_1_5
EN-B2-00067,B2,4,altitude,noun,고도; 높이,CEFRJ_1_5
EN-B2-00068,B2,4,aluminum/aluminium,noun,알루미늄,CEFRJ_1_5
EN-B2-00069,B2,4,amaze,verb,놀라게 하다,CEFRJ_1_5
EN-B2-00070,B2,4,amazement,noun,놀람; 경악,CEFRJ_1_5
EN-B2-00071,B2,4,amazingly,adverb,놀랍게도,CEFRJ_1_5
EN-B2-00072,B2,4,ambassador,noun,대사,CEFRJ_1_5
EN-B2-00073,B2,4,ambiguity,noun,모호함,CEFRJ_1_5
EN-B2-00074,B2,4,ambiguous,adjective,모호한; 분명하지 않은,CEFRJ_1_5
EN-B2-00075,B2,4,ammonia,noun,암모니아,CEFRJ_1_5
EN-B2-00076,B2,4,amongst,preposition,~의 사이에,CEFRJ_1_5
EN-B2-00077,B2,4,ample,adjective,충분한; 넓은,CEFRJ_1_5
EN-B2-00078,B2,4,amplifier,noun,증폭기; 앰프,CEFRJ_1_5
EN-B2-00079,B2,4,amplify,verb,증폭하다; 확대하다,CEFRJ_1_5
EN-B2-00080,B2,4,amuse,verb,즐겁게 하다,CEFRJ_1_5
EN-B2-00081,B2,5,analogy,noun,유추; 비유,CEFRJ_1_5
EN-B2-00082,B2,5,analyst,noun,분석가,CEFRJ_1_5
EN-B2-00083,B2,5,anchor,noun,닻; 정신적 지주,CEFRJ_1_5
EN-B2-00084,B2,5,anchorage,noun,정박지,CEFRJ_1_5
EN-B2-00085,B2,5,anchorman,noun,뉴스 진행자,CEFRJ_1_5
EN-B2-00086,B2,5,anchorperson,noun,뉴스 진행자,CEFRJ_1_5
EN-B2-00087,B2,5,anguish,noun,고통; 비통,CEFRJ_1_5
EN-B2-00088,B2,5,animate,verb,생기를 불어넣다; 만화 영화로 만들다,CEFRJ_1_5
EN-B2-00089,B2,5,anonymous,adjective,익명의,CEFRJ_1_5
EN-B2-00090,B2,5,antiaircraft,adjective,대공의,CEFRJ_1_5
EN-B2-00091,B2,5,antibacterial,adjective,항균성의,CEFRJ_1_5
EN-B2-00092,B2,5,anticancer,noun,항암제,CEFRJ_1_5
EN-B2-00093,B2,5,anticipate,verb,예상하다; 고대하다,CEFRJ_1_5
EN-B2-00094,B2,5,anticipation,noun,예상; 기대,CEFRJ_1_5
EN-B2-00095,B2,5,antipollution,noun,공해 방지,CEFRJ_1_5
EN-B2-00096,B2,5,antique,adjective,골동품의; 고풍스러운,CEFRJ_1_5
EN-B2-00097,B2,5,antistatic,adjective,정전기 방지의,CEFRJ_1_5
EN-B2-00098,B2,5,antivirus,noun,백신 프로그램,CEFRJ_1_5
EN-B2-00099,B2,5,apostrophe,noun,아포스트로피,CEFRJ_1_5
EN-B2-00100,B2,5,appeal,verb,호소하다; 항소하다,CEFRJ_1_5
EN-B2-00101,B2,6,applicant,noun,지원자,CEFRJ_1_5
EN-B2-00102,B2,6,appreciative,adjective,감사하는; 이해심 있는,CEFRJ_1_5
EN-B2-00103,B2,6,approach,verb,다가가다; 착수하다,CEFRJ_1_5
EN-B2-00104,B2,6,appropriately,adverb,적절하게,CEFRJ_1_5
EN-B2-00105,B2,6,approximate,adjective,대략의; 근사치의,CEFRJ_1_5
EN-B2-00106,B2,6,arch,noun,아치; 아치형 구조물,CEFRJ_1_5
EN-B2-00107,B2,6,archaeologist/archeologist,noun,고고학자,CEFRJ_1_5
EN-B2-00108,B2,6,arctic,adjective,북극의,CEFRJ_1_5
EN-B2-00109,B2,6,arena,noun,경기장; 활동 무대,CEFRJ_1_5
EN-B2-00110,B2,6,aristocracy,noun,귀족 정치; 귀족 계급,CEFRJ_1_5
EN-B2-00111,B2,6,armful,noun,한 아름,CEFRJ_1_5
EN-B2-00112,B2,6,arouse,verb,불러일으키다; 자극하다,CEFRJ_1_5
EN-B2-00113,B2,6,arrogant,adjective,오만한,CEFRJ_1_5
EN-B2-00114,B2,6,artery,noun,동맥; 주요 도로,CEFRJ_1_5
EN-B2-00115,B2,6,articulate,verb,분명히 표현하다,CEFRJ_1_5
EN-B2-00116,B2,6,artificially,adverb,인위적으로,CEFRJ_1_5
EN-B2-00117,B2,6,artistry,noun,예술적 기교,CEFRJ_1_5
EN-B2-00118,B2,6,ash,noun,재; 유골,CEFRJ_1_5
EN-B2-00119,B2,6,aspiration,noun,열망; 포부,CEFRJ_1_5
EN-B2-00120,B2,6,aspire,verb,열망하다,CEFRJ_1_5
EN-B2-00121,B2,7,assault,noun,폭행; 공격,CEFRJ_1_5
EN-B2-00122,B2,7,assemble,verb,조립하다; 모으다,CEFRJ_1_5
EN-B2-00123,B2,7,assembly,noun,조립; 의회; 집회,CEFRJ_1_5
EN-B2-00124,B2,7,assert,verb,주장하다; 확고히 하다,CEFRJ_1_5
EN-B2-00125,B2,7,assess,verb,평가하다; 재다,CEFRJ_1_5
EN-B2-00126,B2,7,assessment,noun,평가; 사정,CEFRJ_1_5
EN-B2-00127,B2,7,assumption,noun,가정; 추정,CEFRJ_1_5
EN-B2-00128,B2,7,assurance,noun,보장; 자신감,CEFRJ_1_5
EN-B2-00129,B2,7,assure,verb,장담하다; 보장하다,CEFRJ_1_5
EN-B2-00130,B2,7,astonish,verb,깜짝 놀라게 하다,CEFRJ_1_5
EN-B2-00131,B2,7,astonished,adjective,깜짝 놀란,CEFRJ_1_5
EN-B2-00132,B2,7,astonishing,adjective,놀라운,CEFRJ_1_5
EN-B2-00133,B2,7,astonishment,noun,놀람; 경악,CEFRJ_1_5
EN-B2-00134,B2,7,astronomy,noun,천문학,CEFRJ_1_5
EN-B2-00135,B2,7,athletics,noun,운동 경기,CEFRJ_1_5
EN-B2-00136,B2,7,attached,adjective,애착을 가진; 첨부된,CEFRJ_1_5
EN-B2-00137,B2,7,attainable,adjective,달성할 수 있는,CEFRJ_1_5
EN-B2-00138,B2,7,attainment,noun,달성; 성취,CEFRJ_1_5
EN-B2-00139,B2,7,attendance,noun,출석; 참석,CEFRJ_1_5
EN-B2-00140,B2,7,attentive,adjective,주의 깊은; 배려하는,CEFRJ_1_5
EN-B2-00141,B2,8,attentively,adverb,주의 깊게,CEFRJ_1_5
EN-B2-00142,B2,8,attractiveness,noun,매력,CEFRJ_1_5
EN-B2-00143,B2,8,attribute,noun,속성; 자질,CEFRJ_1_5
EN-B2-00144,B2,8,attribute,verb,탓으로 돌리다,CEFRJ_1_5
EN-B2-00145,B2,8,atypical,adjective,이례적인,CEFRJ_1_5
EN-B2-00146,B2,8,aubergine,noun,가지,CEFRJ_1_5
EN-B2-00147,B2,8,audit,noun,회계 감사,CEFRJ_1_5
EN-B2-00148,B2,8,audition,noun,오디션,CEFRJ_1_5
EN-B2-00149,B2,8,authoritative,adjective,권위 있는,CEFRJ_1_5
EN-B2-00150,B2,8,authorize/authorise,verb,권한을 부여하다,CEFRJ_1_5
EN-B2-00151,B2,8,availability,noun,유효성; 이용 가능성,CEFRJ_1_5
EN-B2-00152,B2,8,await,verb,기다리다,CEFRJ_1_5
EN-B2-00153,B2,8,awe,noun,경외심,CEFRJ_1_5
EN-B2-00154,B2,8,ax/axe,noun,도끼,CEFRJ_1_5
EN-B2-00155,B2,8,axis,noun,축; 중심축,CEFRJ_1_5
EN-B2-00156,B2,8,backup,noun,예비; 백업,CEFRJ_1_5
EN-B2-00157,B2,8,backward/backwards,adverb,뒤로; 거꾸로,CEFRJ_1_5
EN-B2-00158,B2,8,backyard,noun,뒷마당,CEFRJ_1_5
EN-B2-00159,B2,8,badge,noun,배지; 표,CEFRJ_1_5
EN-B2-00160,B2,8,bad-tempered,adjective,성질이 나쁜,CEFRJ_1_5
EN-B2-00161,B2,9,balance,verb,균형을 잡다,CEFRJ_1_5
EN-B2-00162,B2,9,balanced,adjective,균형 잡힌,CEFRJ_1_5
EN-B2-00163,B2,9,balky,adjective,고집 센; 잘 움직이지 않는,CEFRJ_1_5
EN-B2-00164,B2,9,ballad,noun,발라드; 민요,CEFRJ_1_5
EN-B2-00165,B2,9,ballet,noun,발레,CEFRJ_1_5
EN-B2-00166,B2,9,ballot,noun,투표; 투표용지,CEFRJ_1_5
EN-B2-00167,B2,9,ban,noun,금지,CEFRJ_1_5
EN-B2-00168,B2,9,ban,verb,금지하다,CEFRJ_1_5
EN-B2-00169,B2,9,banker,noun,은행가,CEFRJ_1_5
EN-B2-00170,B2,9,bankrupt,verb,파산시키다,CEFRJ_1_5
EN-B2-00171,B2,9,bankruptcy,noun,파산,CEFRJ_1_5
EN-B2-00172,B2,9,barbershop,noun,이발소,CEFRJ_1_5
EN-B2-00173,B2,9,bare,verb,드러내다,CEFRJ_1_5
EN-B2-00174,B2,9,bargain,verb,흥정하다,CEFRJ_1_5
EN-B2-00175,B2,9,bark,verb,짖다,CEFRJ_1_5
EN-B2-00176,B2,9,barley,noun,보리,CEFRJ_1_5
EN-B2-00177,B2,9,barn,noun,헛간,CEFRJ_1_5
EN-B2-00178,B2,9,barometer,noun,기압계,CEFRJ_1_5
EN-B2-00179,B2,9,barren,adjective,척박한; 불모의,CEFRJ_1_5
EN-B2-00180,B2,9,barrier,noun,장벽; 방해물,CEFRJ_1_5
EN-B2-00181,B2,10,bartender,noun,바텐더,CEFRJ_1_5
EN-B2-00182,B2,10,bathhouse,noun,목욕탕,CEFRJ_1_5
EN-B2-00183,B2,10,battlefield,noun,전장,CEFRJ_1_5
EN-B2-00184,B2,10,beagle,noun,비글(사냥개의 일종),CEFRJ_1_5
EN-B2-00185,B2,10,beak,noun,부리,CEFRJ_1_5
EN-B2-00186,B2,10,beam,noun,빛줄기; 기둥,CEFRJ_1_5
EN-B2-00187,B2,10,bearing,noun,방위; 태도; 베어링,CEFRJ_1_5
EN-B2-00188,B2,10,beat,noun,박자; 고동,CEFRJ_1_5
EN-B2-00189,B2,10,beautify,verb,아름답게 하다,CEFRJ_1_5
EN-B2-00190,B2,10,bellow,verb,고함치다; 으르렁거리다,CEFRJ_1_5
EN-B2-00191,B2,10,belongings,noun,소지품,CEFRJ_1_5
EN-B2-00192,B2,10,bend,noun,굽은 곳; 굴곡,CEFRJ_1_5
EN-B2-00193,B2,10,beneficial,adjective,유익한,CEFRJ_1_5
EN-B2-00194,B2,10,benefit,verb,이익을 주다; 혜택을 보다,CEFRJ_1_5
EN-B2-00195,B2,10,benevolence,noun,자애; 선행,CEFRJ_1_5
EN-B2-00196,B2,10,benevolent,adjective,자애로운,CEFRJ_1_5
EN-B2-00197,B2,10,berry,noun,베리(작은 열매),CEFRJ_1_5
EN-B2-00198,B2,10,bestow,verb,수여하다,CEFRJ_1_5
EN-B2-00199,B2,10,bestseller,noun,베스트셀러,CEFRJ_1_5
EN-B2-00200,B2,10,betray,verb,배신하다; 무심코 드러내다,CEFRJ_1_5
EN-B2-00201,B2,11,bewilder,verb,어리둥절하게 하다,CEFRJ_1_5
EN-B2-00202,B2,11,bewilderment,noun,당혹감,CEFRJ_1_5
EN-B2-00203,B2,11,bid,verb,입찰하다; 명령하다,CEFRJ_1_5
EN-B2-00204,B2,11,bidding,noun,입찰; 명령,CEFRJ_1_5
EN-B2-00205,B2,11,bikini,noun,비키니,CEFRJ_1_5
EN-B2-00206,B2,11,billion,noun,10억,CEFRJ_1_5
EN-B2-00207,B2,11,bind,verb,묶다; 결속시키다,CEFRJ_1_5
EN-B2-00208,B2,11,bio,noun,약력; 전기,CEFRJ_1_5
EN-B2-00209,B2,11,biological,adjective,생물학적인,CEFRJ_1_5
EN-B2-00210,B2,11,biotechnology,noun,생명공학,CEFRJ_1_5
EN-B2-00211,B2,11,birdcage,noun,새장,CEFRJ_1_5
EN-B2-00212,B2,11,birthplace,noun,출생지,CEFRJ_1_5
EN-B2-00213,B2,11,bitterly,adverb,몹시; 쓰라리게,CEFRJ_1_5
EN-B2-00214,B2,11,bizarre,adjective,기이한,CEFRJ_1_5
EN-B2-00215,B2,11,blade,noun,칼날; 잎,CEFRJ_1_5
EN-B2-00216,B2,11,blast,noun,폭발; 강한 돌풍,CEFRJ_1_5
EN-B2-00217,B2,11,blast,verb,폭파하다; 맹비난하다,CEFRJ_1_5
EN-B2-00218,B2,11,blaze,noun,불길; 화염,CEFRJ_1_5
EN-B2-00219,B2,11,blaze,verb,타오르다; 빛나다,CEFRJ_1_5
EN-B2-00220,B2,11,blend,noun,혼합물,CEFRJ_1_5
EN-B2-00221,B2,12,blindly,adverb,맹목적으로,CEFRJ_1_5
EN-B2-00222,B2,12,blindness,noun,실명,CEFRJ_1_5
EN-B2-00223,B2,12,blink,verb,눈을 깜빡이다,CEFRJ_1_5
EN-B2-00224,B2,12,bloodstream,noun,혈류,CEFRJ_1_5
EN-B2-00225,B2,12,bloody,adjective,피투성이의; 잔인한,CEFRJ_1_5
EN-B2-00226,B2,12,bloody,adverb,지독히,CEFRJ_1_5
EN-B2-00227,B2,12,blooming,adjective,꽃이 만발한; 혈색이 좋은,CEFRJ_1_5
EN-B2-00228,B2,12,blossom,noun,꽃,CEFRJ_1_5
EN-B2-00229,B2,12,blur,verb,흐릿하게 하다,CEFRJ_1_5
EN-B2-00230,B2,12,blurt,noun,불쑥 내뱉음,CEFRJ_1_5
EN-B2-00231,B2,12,blush,verb,얼굴을 붉히다,CEFRJ_1_5
EN-B2-00232,B2,12,boiling,adjective,펄펄 끓는,CEFRJ_1_5
EN-B2-00233,B2,12,bold,noun,굵은 글씨,CEFRJ_1_5
EN-B2-00234,B2,12,bolt,noun,빗장; 볼트,CEFRJ_1_5
EN-B2-00235,B2,12,bolt,verb,급히 달려가다; 빗장을 지르다,CEFRJ_1_5
EN-B2-00236,B2,12,bombard,noun,포격,CEFRJ_1_5
EN-B2-00237,B2,12,bomber,noun,폭격기,CEFRJ_1_5
EN-B2-00238,B2,12,bombing,noun,폭격,CEFRJ_1_5
EN-B2-00239,B2,12,bony,adjective,뼈만 앙상한,CEFRJ_1_5
EN-B2-00240,B2,12,bookish,adjective,책을 좋아하는; 학구적인,CEFRJ_1_5
EN-B2-00241,B2,13,booklet,noun,소책자,CEFRJ_1_5
EN-B2-00242,B2,13,bookmark,noun,책갈피; 즐겨찾기,CEFRJ_1_5
EN-B2-00243,B2,13,bookmark,verb,책갈피를 끼우다; 즐겨찾기에 추가하다,CEFRJ_1_5
EN-B2-00244,B2,13,boost,noun,증가; 후원,CEFRJ_1_5
EN-B2-00245,B2,13,boost,verb,신장시키다; 밀어 올리다,CEFRJ_1_5
EN-B2-00246,B2,13,booth,noun,칸막이 부스; 작은 매점,CEFRJ_1_5
EN-B2-00247,B2,13,bossy,adjective,좌지우지하려는,CEFRJ_1_5
EN-B2-00248,B2,13,botany,noun,식물학,CEFRJ_1_5
EN-B2-00249,B2,13,bothered,adjective,신경 쓰는; 괴로워하는,CEFRJ_1_5
EN-B2-00250,B2,13,bothersome,adjective,성가신,CEFRJ_1_5
EN-B2-00251,B2,13,bottle,verb,병에 담다,CEFRJ_1_5
EN-B2-00252,B2,13,bounce,noun,튀어 오름; 활기,CEFRJ_1_5
EN-B2-00253,B2,13,bourbon,noun,버번 위스키,CEFRJ_1_5
EN-B2-00254,B2,13,bow,verb,절하다; 굽히다,CEFRJ_1_5
EN-B2-00255,B2,13,boxer,noun,권투 선수,CEFRJ_1_5
EN-B2-00256,B2,13,bracket,noun,괄호; 받침대,CEFRJ_1_5
EN-B2-00257,B2,13,brag,noun,자랑,CEFRJ_1_5
EN-B2-00258,B2,13,brake,verb,브레이크를 걸다,CEFRJ_1_5
EN-B2-00259,B2,13,bravery,noun,용기,CEFRJ_1_5
EN-B2-00260,B2,13,breakable,adjective,깨지기 쉬운,CEFRJ_1_5
EN-B2-00261,B2,14,breakdown,noun,고장; 쇠약; 분석,CEFRJ_1_5
EN-B2-00262,B2,14,breakup,noun,결별; 해체,CEFRJ_1_5
EN-B2-00263,B2,14,breathtaking,adjective,숨이 막힐 듯한,CEFRJ_1_5
EN-B2-00264,B2,14,breed,noun,품종; 종,CEFRJ_1_5
EN-B2-00265,B2,14,breezy,adjective,산들바람이 부는; 쾌활한,CEFRJ_1_5
EN-B2-00266,B2,14,brewery,noun,양조장,CEFRJ_1_5
EN-B2-00267,B2,14,brilliantly,adverb,훌륭하게; 빛나게,CEFRJ_1_5
EN-B2-00268,B2,14,broadband,noun,광대역,CEFRJ_1_5
EN-B2-00269,B2,14,broadcast,verb,방송하다,CEFRJ_1_5
EN-B2-00270,B2,14,broadcaster,noun,방송인,CEFRJ_1_5
EN-B2-00271,B2,14,broaden,verb,넓히다,CEFRJ_1_5
EN-B2-00272,B2,14,broadly,adverb,대체로; 널리,CEFRJ_1_5
EN-B2-00273,B2,14,brochure,noun,안내 책자,CEFRJ_1_5
EN-B2-00274,B2,14,brother-in-law,noun,매형; 제부; 시아주버니 등,CEFRJ_1_5
EN-B2-00275,B2,14,browse,verb,둘러보다; 검색하다,CEFRJ_1_5
EN-B2-00276,B2,14,browser,noun,웹 브라우저,CEFRJ_1_5
EN-B2-00277,B2,14,bruise,noun,멍,CEFRJ_1_5
EN-B2-00278,B2,14,bud,noun,눈(식물의 싹),CEFRJ_1_5
EN-B2-00279,B2,14,budget,adjective,저렴한,CEFRJ_1_5
EN-B2-00280,B2,14,bulimia,noun,폭식증,CEFRJ_1_5
EN-B2-00281,B2,15,bully,verb,괴롭히다,CEFRJ_1_5
EN-B2-00282,B2,15,bum,noun,부랑자; 게으름뱅이,CEFRJ_1_5
EN-B2-00283,B2,15,bumper,noun,범퍼,CEFRJ_1_5
EN-B2-00284,B2,15,bun,noun,빵; 번,CEFRJ_1_5
EN-B2-00285,B2,15,burden,verb,부담을 주다,CEFRJ_1_5
EN-B2-00286,B2,15,burdensome,adjective,부담스러운,CEFRJ_1_5
EN-B2-00287,B2,15,bureaucracy,noun,관료주의,CEFRJ_1_5
EN-B2-00288,B2,15,burglary,noun,절도,CEFRJ_1_5
EN-B2-00289,B2,15,burgle,verb,도둑질하다,CEFRJ_1_5
EN-B2-00290,B2,15,burial,noun,매장; 장례식,CEFRJ_1_5
EN-B2-00291,B2,15,bustle,verb,분주히 움직이다,CEFRJ_1_5
EN-B2-00292,B2,15,bustling,adjective,붐비는; 활기찬,CEFRJ_1_5
EN-B2-00293,B2,15,butcher,verb,도살하다; 망치다,CEFRJ_1_5
EN-B2-00294,B2,15,buzz,noun,윙윙거리는 소리; 웅성거림,CEFRJ_1_5
EN-B2-00295,B2,15,buzz,verb,윙윙거리다; 전화하다,CEFRJ_1_5
EN-B2-00296,B2,15,cabinet,noun,수납장; 내각,CEFRJ_1_5
EN-B2-00297,B2,15,cable,noun,케이블; 전선,CEFRJ_1_5
EN-B2-00298,B2,15,calmly,adverb,침착하게,CEFRJ_1_5
EN-B2-00299,B2,15,campaign,noun,캠페인; 운동,CEFRJ_1_5
EN-B2-00300,B2,15,candidate,noun,후보자,CEFRJ_1_5
EN-B2-00301,B2,16,cane,noun,지팡이; 사탕수수,CEFRJ_1_5
EN-B2-00302,B2,16,cannonball,noun,대포알,CEFRJ_1_5
EN-B2-00303,B2,16,canon,noun,규범; 정전,CEFRJ_1_5
EN-B2-00304,B2,16,capability,noun,능력,CEFRJ_1_5
EN-B2-00305,B2,16,caption,noun,자막; 캡션,CEFRJ_1_5
EN-B2-00306,B2,16,captive,noun,포로,CEFRJ_1_5
EN-B2-00307,B2,16,caravan,noun,카라반; 이동식 주택,CEFRJ_1_5
EN-B2-00308,B2,16,carbon,noun,탄소,CEFRJ_1_5
EN-B2-00309,B2,16,carbon dioxide,noun,이산화탄소,CEFRJ_1_5
EN-B2-00310,B2,16,carbon footprint,noun,탄소 발자국,CEFRJ_1_5
EN-B2-00311,B2,16,carbon monoxide,noun,일산화탄소,CEFRJ_1_5
EN-B2-00312,B2,16,cardboard,noun,판지,CEFRJ_1_5
EN-B2-00313,B2,16,cardigan,noun,카디건,CEFRJ_1_5
EN-B2-00314,B2,16,carefree,adjective,근심 없는,CEFRJ_1_5
EN-B2-00315,B2,16,caring,adjective,배려하는,CEFRJ_1_5
EN-B2-00316,B2,16,carnival,noun,카니발; 축제,CEFRJ_1_5
EN-B2-00317,B2,16,carpool,noun,카풀,CEFRJ_1_5
EN-B2-00318,B2,16,carve,verb,조각하다,CEFRJ_1_5
EN-B2-00319,B2,16,cascade,noun,폭포; 연속적인 흐름,CEFRJ_1_5
EN-B2-00320,B2,16,cast,noun,배역; 깁스,CEFRJ_1_5
EN-B2-00321,B2,17,cast,verb,던지다; 배역을 정하다,CEFRJ_1_5
EN-B2-00322,B2,17,casually,adverb,우연히; 격식 없이,CEFRJ_1_5
EN-B2-00323,B2,17,catalog/catalogue,noun,목록; 카탈로그,CEFRJ_1_5
EN-B2-00324,B2,17,catalyst,noun,촉매제,CEFRJ_1_5
EN-B2-00325,B2,17,catastrophe,noun,대참사,CEFRJ_1_5
EN-B2-00326,B2,17,catastrophic,adjective,파멸적인,CEFRJ_1_5
EN-B2-00327,B2,17,catchy,adjective,기억하기 쉬운; 매력적인,CEFRJ_1_5
EN-B2-00328,B2,17,categorization/categorisation,noun,분류,CEFRJ_1_5
EN-B2-00329,B2,17,catering,noun,출장 연회 서비스,CEFRJ_1_5
EN-B2-00330,B2,17,cathedral,noun,대성당,CEFRJ_1_5
EN-B2-00331,B2,17,cause,noun,원인; 명분,CEFRJ_1_5
EN-B2-00332,B2,17,cease,verb,중단하다,CEFRJ_1_5
EN-B2-00333,B2,17,ceiling,noun,천장,CEFRJ_1_5
EN-B2-00334,B2,17,cellar,noun,지하실,CEFRJ_1_5
EN-B2-00335,B2,17,cellist,noun,첼로 연주자,CEFRJ_1_5
EN-B2-00336,B2,17,cello,noun,첼로,CEFRJ_1_5
EN-B2-00337,B2,17,cemetery,noun,묘지,CEFRJ_1_5
EN-B2-00338,B2,17,centigrade,noun,섭씨,CEFRJ_1_5
EN-B2-00339,B2,17,certificate,noun,증명서; 자격증,CEFRJ_1_5
EN-B2-00340,B2,17,certification,noun,증명; 인증,CEFRJ_1_5
EN-B2-00341,B2,18,certify,verb,증명하다; 인증하다,CEFRJ_1_5
EN-B2-00342,B2,18,challenge,verb,도전하다; 이의를 제기하다,CEFRJ_1_5
EN-B2-00343,B2,18,chancellor,noun,총장; 장관,CEFRJ_1_5
EN-B2-00344,B2,18,chaotic,adjective,혼란스러운,CEFRJ_1_5
EN-B2-00345,B2,18,characteristic,adjective,특유의; 특징적인,CEFRJ_1_5
EN-B2-00346,B2,18,charming,adjective,매력적인,CEFRJ_1_5
EN-B2-00347,B2,18,chase,verb,뒤쫓다,CEFRJ_1_5
EN-B2-00348,B2,18,cheat,verb,속이다; 부정행위를 하다,CEFRJ_1_5
EN-B2-00349,B2,18,checkpoint,noun,검문소,CEFRJ_1_5
EN-B2-00350,B2,18,cheeky,adjective,까부는; 건방진,CEFRJ_1_5
EN-B2-00351,B2,18,cheerfully,adverb,쾌활하게,CEFRJ_1_5
EN-B2-00352,B2,18,cheerfulness,noun,쾌활함,CEFRJ_1_5
EN-B2-00353,B2,18,chemotherapy,noun,화학 요법,CEFRJ_1_5
EN-B2-00354,B2,18,cherished,adjective,소중히 여기는,CEFRJ_1_5
EN-B2-00355,B2,18,cherry,noun,체리,CEFRJ_1_5
EN-B2-00356,B2,18,chew,verb,씹다,CEFRJ_1_5
EN-B2-00357,B2,18,chief,noun,우두머리; 장,CEFRJ_1_5
EN-B2-00358,B2,18,childish,adjective,유치한,CEFRJ_1_5
EN-B2-00359,B2,18,chimney,noun,굴뚝,CEFRJ_1_5
EN-B2-00360,B2,18,chip,noun,조각; 칩,CEFRJ_1_5
EN-B2-00361,B2,19,chop,verb,썰다; 자르다,CEFRJ_1_5
EN-B2-00362,B2,19,chunk,noun,덩어리,CEFRJ_1_5
EN-B2-00363,B2,19,circuit,noun,회로; 순환,CEFRJ_1_5
EN-B2-00364,B2,19,circuitry,noun,회로망,CEFRJ_1_5
EN-B2-00365,B2,19,circumstance,noun,상황; 환경,CEFRJ_1_5
EN-B2-00366,B2,19,citywide,adjective,도시 전역의,CEFRJ_1_5
EN-B2-00367,B2,19,clam,noun,대합조개,CEFRJ_1_5
EN-B2-00368,B2,19,clap,verb,박수치다,CEFRJ_1_5
EN-B2-00369,B2,19,clarify,verb,명확하게 하다,CEFRJ_1_5
EN-B2-00370,B2,19,classic,noun,고전,CEFRJ_1_5
EN-B2-00371,B2,19,classification,noun,분류,CEFRJ_1_5
EN-B2-00372,B2,19,clause,noun,절; 조항,CEFRJ_1_5
EN-B2-00373,B2,19,clearness,noun,명료함,CEFRJ_1_5
EN-B2-00374,B2,19,clerical,adjective,사무적인,CEFRJ_1_5
EN-B2-00375,B2,19,client,noun,고객; 의뢰인,CEFRJ_1_5
EN-B2-00376,B2,19,climate change,noun,기후 변화,CEFRJ_1_5
EN-B2-00377,B2,19,clog,verb,막다; 막히게 하다,CEFRJ_1_5
EN-B2-00378,B2,19,closure,noun,폐쇄; 종결,CEFRJ_1_5
EN-B2-00379,B2,19,clothing,noun,의류,CEFRJ_1_5
EN-B2-00380,B2,19,clumsy,adjective,서투른; 어색한,CEFRJ_1_5
EN-B2-00381,B2,20,coach,verb,지도하다; 훈련하다,CEFRJ_1_5
EN-B2-00382,B2,20,coaching,noun,지도; 코칭,CEFRJ_1_5
EN-B2-00383,B2,20,coalition,noun,연합; 제휴,CEFRJ_1_5
EN-B2-00384,B2,20,coarse,adjective,거친; 조잡한,CEFRJ_1_5
EN-B2-00385,B2,20,coastline,noun,해안선,CEFRJ_1_5
EN-B2-00386,B2,20,cocktail,noun,칵테일,CEFRJ_1_5
EN-B2-00387,B2,20,cocoa,noun,코코아,CEFRJ_1_5
EN-B2-00388,B2,20,coconut,noun,코코넛,CEFRJ_1_5
EN-B2-00389,B2,20,coherence,noun,일관성; 응집성,CEFRJ_1_5
EN-B2-00390,B2,20,coherent,adjective,일관성 있는; 조리 있는,CEFRJ_1_5
EN-B2-00391,B2,20,coincide,verb,동시에 일어나다; 일치하다,CEFRJ_1_5
EN-B2-00392,B2,20,coincidence,noun,우연의 일치,CEFRJ_1_5
EN-B2-00393,B2,20,collapse,verb,붕괴하다; 쓰러지다,CEFRJ_1_5
EN-B2-00394,B2,20,colleague,noun,동료,CEFRJ_1_5
EN-B2-00395,B2,20,collector,noun,수집가; 수금원,CEFRJ_1_5
EN-B2-00396,B2,20,collocation,noun,연어; 배열,CEFRJ_1_5
EN-B2-00397,B2,20,colon,noun,콜론; 결장,CEFRJ_1_5
EN-B2-00398,B2,20,colonial,adjective,식민지의,CEFRJ_1_5
EN-B2-00399,B2,20,coma,noun,혼수상태,CEFRJ_1_5
EN-B2-00400,B2,20,comb,verb,빗질하다; 샅샅이 뒤지다,CEFRJ_1_5
EN-B2-00401,B2,21,comfortably,adverb,편안하게,CEFRJ_1_5
EN-B2-00402,B2,21,commander,noun,지휘관; 사령관,CEFRJ_1_5
EN-B2-00403,B2,21,commemorate,verb,기념하다,CEFRJ_1_5
EN-B2-00404,B2,21,comment,verb,논평하다; 의견을 말하다,CEFRJ_1_5
EN-B2-00405,B2,21,commerce,noun,상업; 무역,CEFRJ_1_5
EN-B2-00406,B2,21,commercial,noun,상업 광고,CEFRJ_1_5
EN-B2-00407,B2,21,commission,noun,위원회; 수수료,CEFRJ_1_5
EN-B2-00408,B2,21,commonwealth,noun,연방; 영연방,CEFRJ_1_5
EN-B2-00409,B2,21,communicative,adjective,의사소통이 원활한; 말하기 좋아하는,CEFRJ_1_5
EN-B2-00410,B2,21,community,noun,지역 사회; 공동체,CEFRJ_1_5
EN-B2-00411,B2,21,commute,verb,통근하다,CEFRJ_1_5
EN-B2-00412,B2,21,compassion,noun,연민; 동정심,CEFRJ_1_5
EN-B2-00413,B2,21,compassionate,adjective,연민 어린; 동정심 많은,CEFRJ_1_5
EN-B2-00414,B2,21,compatible,adjective,호환되는; 양립할 수 있는,CEFRJ_1_5
EN-B2-00415,B2,21,compensate,verb,보상하다; 상쇄하다,CEFRJ_1_5
EN-B2-00416,B2,21,compensation,noun,보상; 배상금,CEFRJ_1_5
EN-B2-00417,B2,21,competence,noun,능력; 역량,CEFRJ_1_5
EN-B2-00418,B2,21,competent,adjective,유능한,CEFRJ_1_5
EN-B2-00419,B2,21,compile,verb,편집하다; 수집하다,CEFRJ_1_5
EN-B2-00420,B2,21,completion,noun,완료; 완성,CEFRJ_1_5
EN-B2-00421,B2,22,complexion,noun,안색; 복잡함,CEFRJ_1_5
EN-B2-00422,B2,22,complexity,noun,복잡성,CEFRJ_1_5
EN-B2-00423,B2,22,component,noun,요소; 부품,CEFRJ_1_5
EN-B2-00424,B2,22,comprehension,noun,이해력,CEFRJ_1_5
EN-B2-00425,B2,22,comprehensive,adjective,포괄적인; 종합적인,CEFRJ_1_5
EN-B2-00426,B2,22,compress,noun,압박 붕대; 압축물,CEFRJ_1_5
EN-B2-00427,B2,22,compression,noun,압축,CEFRJ_1_5
EN-B2-00428,B2,22,compromise,verb,타협하다; 위태롭게 하다,CEFRJ_1_5
EN-B2-00429,B2,22,compulsory,adjective,의무적인; 필수의,CEFRJ_1_5
EN-B2-00430,B2,22,compute,verb,계산하다,CEFRJ_1_5
EN-B2-00431,B2,22,conceal,verb,숨기다; 감추다,CEFRJ_1_5
EN-B2-00432,B2,22,concede,verb,인정하다; 양보하다,CEFRJ_1_5
EN-B2-00433,B2,22,conceit,noun,자만심,CEFRJ_1_5
EN-B2-00434,B2,22,conceivable,adjective,상상할 수 있는,CEFRJ_1_5
EN-B2-00435,B2,22,conceive,verb,상상하다; 임신하다,CEFRJ_1_5
EN-B2-00436,B2,22,conception,noun,구상; 개념; 임신,CEFRJ_1_5
EN-B2-00437,B2,22,concern,verb,관련되다; 걱정하게 하다,CEFRJ_1_5
EN-B2-00438,B2,22,concerning,preposition,~에 관하여,CEFRJ_1_5
EN-B2-00439,B2,22,concession,noun,양보; 특권,CEFRJ_1_5
EN-B2-00440,B2,22,concrete,adjective,구체적인; 콘크리트의,CEFRJ_1_5
EN-B2-00441,B2,23,concrete,noun,콘크리트,CEFRJ_1_5
EN-B2-00442,B2,23,condemn,verb,비난하다; 선고를 내리다,CEFRJ_1_5
EN-B2-00443,B2,23,conduct,verb,수행하다; 지휘하다,CEFRJ_1_5
EN-B2-00444,B2,23,conductor,noun,지휘자; 안내원,CEFRJ_1_5
EN-B2-00445,B2,23,cone,noun,원뿔; 솔방울,CEFRJ_1_5
EN-B2-00446,B2,23,conference,noun,회의; 회담,CEFRJ_1_5
EN-B2-00447,B2,23,conferencing,noun,회의 진행,CEFRJ_1_5
EN-B2-00448,B2,23,confess,verb,자백하다; 고백하다,CEFRJ_1_5
EN-B2-00449,B2,23,confession,noun,자백; 고백,CEFRJ_1_5
EN-B2-00450,B2,23,confidently,adverb,자신 있게,CEFRJ_1_5
EN-B2-00451,B2,23,confine,verb,국한하다; 가두다,CEFRJ_1_5
EN-B2-00452,B2,23,confront,verb,직면하다; 맞서다,CEFRJ_1_5
EN-B2-00453,B2,23,conjunction,noun,접속사; 결합,CEFRJ_1_5
EN-B2-00454,B2,23,conquest,noun,정복,CEFRJ_1_5
EN-B2-00455,B2,23,conscience,noun,양심,CEFRJ_1_5
EN-B2-00456,B2,23,consciousness,noun,의식,CEFRJ_1_5
EN-B2-00457,B2,23,consensus,noun,합의; 일치,CEFRJ_1_5
EN-B2-00458,B2,23,consent,noun,동의; 승낙,CEFRJ_1_5
EN-B2-00459,B2,23,considerably,adverb,상당히,CEFRJ_1_5
EN-B2-00460,B2,23,considering,conjunction,~라는 점을 고려하면,CEFRJ_1_5
EN-B2-00461,B2,24,considering,preposition,~을 고려하면,CEFRJ_1_5
EN-B2-00462,B2,24,consistent,adjective,일관된; 한결같은,CEFRJ_1_5
EN-B2-00463,B2,24,consolation,noun,위안; 위로,CEFRJ_1_5
EN-B2-00464,B2,24,console,verb,위로하다,CEFRJ_1_5
EN-B2-00465,B2,24,constant,adjective,끊임없는; 변치 않는,CEFRJ_1_5
EN-B2-00466,B2,24,consult,verb,상담하다; 참고하다,CEFRJ_1_5
EN-B2-00467,B2,24,consultant,noun,컨설턴트; 고문,CEFRJ_1_5
EN-B2-00468,B2,24,contaminate,verb,오염시키다,CEFRJ_1_5
EN-B2-00469,B2,24,contemporary,adjective,현대의; 동시대의,CEFRJ_1_5
EN-B2-00470,B2,24,contempt,noun,경멸; 모욕,CEFRJ_1_5
EN-B2-00471,B2,24,content,adjective,만족하는,CEFRJ_1_5
EN-B2-00472,B2,24,contract,noun,계약서; 계약,CEFRJ_1_5
EN-B2-00473,B2,24,contradict,verb,반박하다; 모순되다,CEFRJ_1_5
EN-B2-00474,B2,24,contradiction,noun,모순,CEFRJ_1_5
EN-B2-00475,B2,24,contradictory,adjective,모순되는,CEFRJ_1_5
EN-B2-00476,B2,24,controversy,noun,논란,CEFRJ_1_5
EN-B2-00477,B2,24,conveniently,adverb,편리하게,CEFRJ_1_5
EN-B2-00478,B2,24,convention,noun,관습; 대회,CEFRJ_1_5
EN-B2-00479,B2,24,conventional,adjective,전통적인; 관습적인,CEFRJ_1_5
EN-B2-00480,B2,24,converse,noun,대화,CEFRJ_1_5
EN-B2-00481,B2,25,conversely,adverb,반대로,CEFRJ_1_5
EN-B2-00482,B2,25,conversion,noun,전환; 개종,CEFRJ_1_5
EN-B2-00483,B2,25,convert,verb,전환하다; 개종시키다,CEFRJ_1_5
EN-B2-00484,B2,25,convinced,adjective,확신하는,CEFRJ_1_5
EN-B2-00485,B2,25,cool,verb,식히다; 차분해지다,CEFRJ_1_5
EN-B2-00486,B2,25,cooperate,verb,협력하다,CEFRJ_1_5
EN-B2-00487,B2,25,cooperation,noun,협력,CEFRJ_1_5
EN-B2-00488,B2,25,cooperative,adjective,협력적인,CEFRJ_1_5
EN-B2-00489,B2,25,cope,verb,대처하다,CEFRJ_1_5
EN-B2-00490,B2,25,copper,noun,구리,CEFRJ_1_5
EN-B2-00491,B2,25,coral,noun,산호,CEFRJ_1_5
EN-B2-00492,B2,25,core,noun,핵심,CEFRJ_1_5
EN-B2-00493,B2,25,cornerstone,noun,초석,CEFRJ_1_5
EN-B2-00494,B2,25,cornet,noun,코넷,CEFRJ_1_5
EN-B2-00495,B2,25,corona,noun,코로나; 왕관 모양의 것,CEFRJ_1_5
EN-B2-00496,B2,25,corporal,adjective,신체의; 육체의,CEFRJ_1_5
EN-B2-00497,B2,25,corporate,adjective,기업의,CEFRJ_1_5
EN-B2-00498,B2,25,corporation,noun,법인; 기업,CEFRJ_1_5
EN-B2-00499,B2,25,correct,verb,정정하다; 바로잡다,CEFRJ_1_5
EN-B2-00500,B2,25,correctness,noun,정확성,CEFRJ_1_5
EN-B2-00501,B2,26,correspond,verb,서신을 주고받다; 일치하다,CEFRJ_1_5
EN-B2-00502,B2,26,correspondence,noun,서신; 관련성,CEFRJ_1_5
EN-B2-00503,B2,26,correspondent,noun,특파원; 통신원,CEFRJ_1_5
EN-B2-00504,B2,26,corresponding,adjective,상응하는,CEFRJ_1_5
EN-B2-00505,B2,26,corridor,noun,복도,CEFRJ_1_5
EN-B2-00506,B2,26,corrupt,adjective,부패한,CEFRJ_1_5
EN-B2-00507,B2,26,corruption,noun,부패,CEFRJ_1_5
EN-B2-00508,B2,26,costly,adjective,값비싼; 비용이 많이 드는,CEFRJ_1_5
EN-B2-00509,B2,26,costume,noun,의상,CEFRJ_1_5
EN-B2-00510,B2,26,cottage,noun,작은 집; 오두막,CEFRJ_1_5
EN-B2-00511,B2,26,cough,noun,기침,CEFRJ_1_5
EN-B2-00512,B2,26,counter,noun,계산대; 조리대,CEFRJ_1_5
EN-B2-00513,B2,26,countryman,noun,동포,CEFRJ_1_5
EN-B2-00514,B2,26,countrywide,adjective,전국적인,CEFRJ_1_5
EN-B2-00515,B2,26,courtesy,noun,정중함; 예의,CEFRJ_1_5
EN-B2-00516,B2,26,coward,noun,겁쟁이,CEFRJ_1_5
EN-B2-00517,B2,26,cowardly,adjective,비겁한,CEFRJ_1_5
EN-B2-00518,B2,26,coziness/cosiness,noun,아늑함,CEFRJ_1_5
EN-B2-00519,B2,26,cozy/cosy,adjective,아늑한,CEFRJ_1_5
EN-B2-00520,B2,26,crab,noun,게,CEFRJ_1_5
EN-B2-00521,B2,27,crack,noun,금; 갈라진 틈,CEFRJ_1_5
EN-B2-00522,B2,27,crack,verb,깨뜨리다; 갈라지다,CEFRJ_1_5
EN-B2-00523,B2,27,craftsman,noun,장인,CEFRJ_1_5
EN-B2-00524,B2,27,crater,noun,분화구,CEFRJ_1_5
EN-B2-00525,B2,27,crawl,verb,기어가다,CEFRJ_1_5
EN-B2-00526,B2,27,crease,noun,주름,CEFRJ_1_5
EN-B2-00527,B2,27,creation,noun,창조; 창작물,CEFRJ_1_5
EN-B2-00528,B2,27,creatively,adverb,창의적으로,CEFRJ_1_5
EN-B2-00529,B2,27,creek,noun,작은 개울,CEFRJ_1_5
EN-B2-00530,B2,27,creepy,adjective,오싹한,CEFRJ_1_5
EN-B2-00531,B2,27,crew,noun,승무원; 팀,CEFRJ_1_5
EN-B2-00532,B2,27,criminal,adjective,범죄의,CEFRJ_1_5
EN-B2-00533,B2,27,cripple,noun,불구자,CEFRJ_1_5
EN-B2-00534,B2,27,critically,adverb,비판적으로,CEFRJ_1_5
EN-B2-00535,B2,27,criticism,noun,비판,CEFRJ_1_5
EN-B2-00536,B2,27,crocodile,noun,악어,CEFRJ_1_5
EN-B2-00537,B2,27,crossly,adverb,심술궂게,CEFRJ_1_5
EN-B2-00538,B2,27,crucial,adjective,중대한,CEFRJ_1_5
EN-B2-00539,B2,27,cruelly,adverb,잔인하게,CEFRJ_1_5
EN-B2-00540,B2,27,cruelty,noun,잔인함,CEFRJ_1_5
EN-B2-00541,B2,28,cruise,verb,순항하다; 유람하다,CEFRJ_1_5
EN-B2-00542,B2,28,crystallize/crystallise,verb,결정화하다,CEFRJ_1_5
EN-B2-00543,B2,28,cube,noun,정육면체; 입방체,CEFRJ_1_5
EN-B2-00544,B2,28,cubism,noun,입체파,CEFRJ_1_5
EN-B2-00545,B2,28,cuff,noun,소매 끝,CEFRJ_1_5
EN-B2-00546,B2,28,culmination,noun,정점; 최고조,CEFRJ_1_5
EN-B2-00547,B2,28,culturally,adverb,문화적으로,CEFRJ_1_5
EN-B2-00548,B2,28,cure,verb,치료하다,CEFRJ_1_5
EN-B2-00549,B2,28,curl,noun,곱슬머리; 컬,CEFRJ_1_5
EN-B2-00550,B2,28,cursor,noun,커서,CEFRJ_1_5
EN-B2-00551,B2,28,cyberaddict,noun,인터넷 중독자,CEFRJ_1_5
EN-B2-00552,B2,28,cybercafe/cybercafé,noun,인터넷 카페,CEFRJ_1_5
EN-B2-00553,B2,28,cybercrime,noun,사이버 범죄,CEFRJ_1_5
EN-B2-00554,B2,28,cyberpet,noun,사이버 펫,CEFRJ_1_5
EN-B2-00555,B2,28,cyberschool,noun,사이버 학교,CEFRJ_1_5
EN-B2-00556,B2,28,cyberspace,noun,사이버 공간,CEFRJ_1_5
EN-B2-00557,B2,28,cyclist,noun,자전거 타는 사람,CEFRJ_1_5
EN-B2-00558,B2,28,daft,adjective,어리석은,CEFRJ_1_5
EN-B2-00559,B2,28,damn,adjective,지독한,CEFRJ_1_5
EN-B2-00560,B2,28,damn,adverb,지독하게,CEFRJ_1_5
EN-B2-00561,B2,29,damn,interjection,젠장,CEFRJ_1_5
EN-B2-00562,B2,29,dandelion,noun,민들레,CEFRJ_1_5
EN-B2-00563,B2,29,darling,adjective,사랑스러운,CEFRJ_1_5
EN-B2-00564,B2,29,darling,noun,사랑하는 사람,CEFRJ_1_5
EN-B2-00565,B2,29,dash,noun,질주; 돌진,CEFRJ_1_5
EN-B2-00566,B2,29,dash,verb,질주하다; 돌진하다,CEFRJ_1_5
EN-B2-00567,B2,29,data,noun,데이터; 자료,CEFRJ_1_5
EN-B2-00568,B2,29,database,noun,데이터베이스,CEFRJ_1_5
EN-B2-00569,B2,29,dated,adjective,구식의,CEFRJ_1_5
EN-B2-00570,B2,29,daughter-in-law,noun,며느리,CEFRJ_1_5
EN-B2-00571,B2,29,dawn,noun,새벽; 동틀 녘,CEFRJ_1_5
EN-B2-00572,B2,29,daytime,noun,낮 시간,CEFRJ_1_5
EN-B2-00573,B2,29,de facto,adjective,사실상의,CEFRJ_1_5
EN-B2-00574,B2,29,dear,noun,사랑하는 사람,CEFRJ_1_5
EN-B2-00575,B2,29,dearly,adverb,간절히; 몹시,CEFRJ_1_5
EN-B2-00576,B2,29,debit,noun,차변; 인출,CEFRJ_1_5
EN-B2-00577,B2,29,debit,verb,차변에 기입하다; 인출하다,CEFRJ_1_5
EN-B2-00578,B2,29,debit card,noun,직불 카드,CEFRJ_1_5
EN-B2-00579,B2,29,decade,noun,10년,CEFRJ_1_5
EN-B2-00580,B2,29,decay,verb,썩다; 부패하다,CEFRJ_1_5
EN-B2-00581,B2,30,deceive,verb,속이다,CEFRJ_1_5
EN-B2-00582,B2,30,decent,adjective,괜찮은; 품위 있는,CEFRJ_1_5
EN-B2-00583,B2,30,deceptive,adjective,기만적인; 현혹하는,CEFRJ_1_5
EN-B2-00584,B2,30,decisive,adjective,결정적인; 단호한,CEFRJ_1_5
EN-B2-00585,B2,30,deck,noun,갑판; 덱,CEFRJ_1_5
EN-B2-00586,B2,30,decline,verb,거절하다; 감소하다,CEFRJ_1_5
EN-B2-00587,B2,30,decomposition,noun,분해; 부패,CEFRJ_1_5
EN-B2-00588,B2,30,decorate,verb,장식하다,CEFRJ_1_5
EN-B2-00589,B2,30,decoration,noun,장식; 장식품,CEFRJ_1_5
EN-B2-00590,B2,30,decorative,adjective,장식용의,CEFRJ_1_5
EN-B2-00591,B2,30,dedication,noun,헌신; 전념,CEFRJ_1_5
EN-B2-00592,B2,30,deduce,verb,추론하다,CEFRJ_1_5
EN-B2-00593,B2,30,deduction,noun,추론; 공제,CEFRJ_1_5
EN-B2-00594,B2,30,deem,verb,여기다; 생각하다,CEFRJ_1_5
EN-B2-00595,B2,30,deep,adjective,깊은,CEFRJ_1_5
EN-B2-00596,B2,30,deer,noun,사슴,CEFRJ_1_5
EN-B2-00597,B2,30,defeat,noun,패배,CEFRJ_1_5
EN-B2-00598,B2,30,deficit,noun,적자; 부족액,CEFRJ_1_5
EN-B2-00599,B2,30,deforestation,noun,삼림 벌채,CEFRJ_1_5
EN-B2-00600,B2,30,defy,verb,무시하다; 반항하다,CEFRJ_1_5
EN-B2-00601,B2,31,dehumanize/dehumanise,verb,비인간화하다,CEFRJ_1_5
EN-B2-00602,B2,31,delegate,noun,대표자,CEFRJ_1_5
EN-B2-00603,B2,31,deliberate,adjective,고의적인; 신중한,CEFRJ_1_5
EN-B2-00604,B2,31,deliberately,adverb,고의로; 신중하게,CEFRJ_1_5
EN-B2-00605,B2,31,delicacy,noun,진미; 섬세함,CEFRJ_1_5
EN-B2-00606,B2,31,delicately,adverb,섬세하게; 우아하게,CEFRJ_1_5
EN-B2-00607,B2,31,delight,verb,기쁘게 하다,CEFRJ_1_5
EN-B2-00608,B2,31,demanding,adjective,요구가 많은; 힘든,CEFRJ_1_5
EN-B2-00609,B2,31,demolish,verb,철거하다; 파괴하다,CEFRJ_1_5
EN-B2-00610,B2,31,denim,noun,데님,CEFRJ_1_5
EN-B2-00611,B2,31,dense,adjective,밀집한; 빽빽한,CEFRJ_1_5
EN-B2-00612,B2,31,densely,adverb,밀집하여,CEFRJ_1_5
EN-B2-00613,B2,31,dental,adjective,치과의; 치아의,CEFRJ_1_5
EN-B2-00614,B2,31,dependable,adjective,신뢰할 수 있는,CEFRJ_1_5
EN-B2-00615,B2,31,deposit,verb,예치하다; 퇴적시키다,CEFRJ_1_5
EN-B2-00616,B2,31,deputy,noun,대리인; 부대표,CEFRJ_1_5
EN-B2-00617,B2,31,descend,verb,내려가다; 하강하다,CEFRJ_1_5
EN-B2-00618,B2,31,descriptive,adjective,기술하는; 서술적인,CEFRJ_1_5
EN-B2-00619,B2,31,designer,adjective,유명 디자이너의,CEFRJ_1_5
EN-B2-00620,B2,31,desirable,adjective,바람직한,CEFRJ_1_5
EN-B2-00621,B2,32,desire,verb,바라다; 원하다,CEFRJ_1_5
EN-B2-00622,B2,32,desktop,noun,데스크톱,CEFRJ_1_5
EN-B2-00623,B2,32,desolation,noun,황량함; 적막,CEFRJ_1_5
EN-B2-00624,B2,32,desperately,adverb,필사적으로,CEFRJ_1_5
EN-B2-00625,B2,32,desperation,noun,필사적임; 절망,CEFRJ_1_5
EN-B2-00626,B2,32,despise,verb,경멸하다,CEFRJ_1_5
EN-B2-00627,B2,32,destiny,noun,운명,CEFRJ_1_5
EN-B2-00628,B2,32,detach,verb,떼어내다; 분리하다,CEFRJ_1_5
EN-B2-00629,B2,32,detachment,noun,분리; 초연함,CEFRJ_1_5
EN-B2-00630,B2,32,detailed,adjective,상세한,CEFRJ_1_5
EN-B2-00631,B2,32,detect,verb,발견하다; 감지하다,CEFRJ_1_5
EN-B2-00632,B2,32,determined,adjective,단호한; 결심한,CEFRJ_1_5
EN-B2-00633,B2,32,determiner,noun,한정사,CEFRJ_1_5
EN-B2-00634,B2,32,developing,adjective,개발 중인,CEFRJ_1_5
EN-B2-00635,B2,32,devil,noun,악마,CEFRJ_1_5
EN-B2-00636,B2,32,devote,verb,바치다; 헌신하다,CEFRJ_1_5
EN-B2-00637,B2,32,devoted,adjective,헌신적인,CEFRJ_1_5
EN-B2-00638,B2,32,diarrhea/diarrhoea,noun,설사,CEFRJ_1_5
EN-B2-00639,B2,32,dictator,noun,독재자,CEFRJ_1_5
EN-B2-00640,B2,32,digest,noun,요약; 개요,CEFRJ_1_5
EN-B2-00641,B2,33,dignify,verb,위엄 있어 보이게 하다,CEFRJ_1_5
EN-B2-00642,B2,33,dignity,noun,위엄; 존엄성,CEFRJ_1_5
EN-B2-00643,B2,33,dilemma,noun,딜레마; 진퇴양난,CEFRJ_1_5
EN-B2-00644,B2,33,dim,adjective,어둑한; 흐릿한,CEFRJ_1_5
EN-B2-00645,B2,33,dime,noun,10센트 동전,CEFRJ_1_5
EN-B2-00646,B2,33,dimension,noun,차원; 크기,CEFRJ_1_5
EN-B2-00647,B2,33,dip,verb,살짝 담그다,CEFRJ_1_5
EN-B2-00648,B2,33,diphtheria,noun,디프테리아,CEFRJ_1_5
EN-B2-00649,B2,33,diploma,noun,졸업장; 수료증,CEFRJ_1_5
EN-B2-00650,B2,33,diplomat,noun,외교관,CEFRJ_1_5
EN-B2-00651,B2,33,disappearance,noun,사라짐; 실종,CEFRJ_1_5
EN-B2-00652,B2,33,disapproval,noun,불만; 비난,CEFRJ_1_5
EN-B2-00653,B2,33,disapprove,verb,못마땅해하다; 반대하다,CEFRJ_1_5
EN-B2-00654,B2,33,discharge,noun,방출; 퇴원; 해고,CEFRJ_1_5
EN-B2-00655,B2,33,disciple,noun,제자,CEFRJ_1_5
EN-B2-00656,B2,33,discipline,noun,규율; 훈육,CEFRJ_1_5
EN-B2-00657,B2,33,disconnect,verb,연결을 끊다,CEFRJ_1_5
EN-B2-00658,B2,33,discredit,verb,신용을 떨어뜨리다,CEFRJ_1_5
EN-B2-00659,B2,33,discriminate,verb,차별하다,CEFRJ_1_5
EN-B2-00660,B2,33,disgrace,noun,불명예; 망신,CEFRJ_1_5
EN-B2-00661,B2,34,disguise,noun,변장; 위장,CEFRJ_1_5
EN-B2-00662,B2,34,disguise,verb,변장하다; 숨기다,CEFRJ_1_5
EN-B2-00663,B2,34,dishonesty,noun,부정직,CEFRJ_1_5
EN-B2-00664,B2,34,disillusion,verb,환멸을 느끼게 하다,CEFRJ_1_5
EN-B2-00665,B2,34,dismiss,verb,해고하다; 묵살하다,CEFRJ_1_5
EN-B2-00666,B2,34,disorder,noun,장애; 무질서,CEFRJ_1_5
EN-B2-00667,B2,34,disorderly,adjective,난폭한; 무질서한,CEFRJ_1_5
EN-B2-00668,B2,34,disorganized/disorganised,adjective,정리되지 않은,CEFRJ_1_5
EN-B2-00669,B2,34,dispensable,adjective,없어도 되는,CEFRJ_1_5
EN-B2-00670,B2,34,displace,verb,대체하다; 쫓아내다,CEFRJ_1_5
EN-B2-00671,B2,34,displeasure,noun,불쾌감,CEFRJ_1_5
EN-B2-00672,B2,34,disposal,noun,처분; 처리,CEFRJ_1_5
EN-B2-00673,B2,34,disposition,noun,기질; 성향,CEFRJ_1_5
EN-B2-00674,B2,34,dispute,noun,분쟁; 논쟁,CEFRJ_1_5
EN-B2-00675,B2,34,disqualify,verb,자격을 박탈하다,CEFRJ_1_5
EN-B2-00676,B2,34,disregard,noun,무시; 경시,CEFRJ_1_5
EN-B2-00677,B2,34,disrupt,verb,중단시키다; 혼란에 빠뜨리다,CEFRJ_1_5
EN-B2-00678,B2,34,dissatisfaction,noun,불만족,CEFRJ_1_5
EN-B2-00679,B2,34,dissatisfied,adjective,불만스러워하는,CEFRJ_1_5
EN-B2-00680,B2,34,dissident,noun,반체제 인사,CEFRJ_1_5
EN-B2-00681,B2,35,distinguished,adjective,저명한; 기품 있는,CEFRJ_1_5
EN-B2-00682,B2,35,distortion,noun,왜곡,CEFRJ_1_5
EN-B2-00683,B2,35,distract,verb,주의를 딴 데로 돌리다,CEFRJ_1_5
EN-B2-00684,B2,35,distraction,noun,주의를 산만하게 하는 것; 오락,CEFRJ_1_5
EN-B2-00685,B2,35,distressing,adjective,괴로운; 마음 아픈,CEFRJ_1_5
EN-B2-00686,B2,35,distributor,noun,유통업자; 배급자,CEFRJ_1_5
EN-B2-00687,B2,35,diversion,noun,전환; 기분 전환,CEFRJ_1_5
EN-B2-00688,B2,35,divert,verb,방향을 바꾸게 하다; 유용하다,CEFRJ_1_5
EN-B2-00689,B2,35,divided,adjective,분열된; 나뉜,CEFRJ_1_5
EN-B2-00690,B2,35,division,noun,분할; 부서,CEFRJ_1_5
EN-B2-00691,B2,35,divorce,noun,이혼,CEFRJ_1_5
EN-B2-00692,B2,35,divorce,verb,이혼하다,CEFRJ_1_5
EN-B2-00693,B2,35,DNA,noun,디엔에이,CEFRJ_1_5
EN-B2-00694,B2,35,dock,noun,부두; 피고석,CEFRJ_1_5
EN-B2-00695,B2,35,domestic,adjective,국내의; 가정의,CEFRJ_1_5
EN-B2-00696,B2,35,dominate,verb,지배하다; 우위를 차지하다,CEFRJ_1_5
EN-B2-00697,B2,35,donate,verb,기부하다,CEFRJ_1_5
EN-B2-00698,B2,35,donation,noun,기부; 기증,CEFRJ_1_5
EN-B2-00699,B2,35,donkey,noun,당나귀,CEFRJ_1_5
EN-B2-00700,B2,35,doom,noun,죽음; 파멸,CEFRJ_1_5
EN-B2-00701,B2,36,doorkeeper,noun,문지기,CEFRJ_1_5
EN-B2-00702,B2,36,doorway,noun,출입구,CEFRJ_1_5
EN-B2-00703,B2,36,dorm,noun,기숙사,CEFRJ_1_5
EN-B2-00704,B2,36,dormitory,noun,기숙사,CEFRJ_1_5
EN-B2-00705,B2,36,dose,noun,1회 복용량,CEFRJ_1_5
EN-B2-00706,B2,36,double,noun,이중; 두 배,CEFRJ_1_5
EN-B2-00707,B2,36,double,verb,두 배로 만들다,CEFRJ_1_5
EN-B2-00708,B2,36,doubly,adverb,두 배로; 이중으로,CEFRJ_1_5
EN-B2-00709,B2,36,doubt,verb,의심하다,CEFRJ_1_5
EN-B2-00710,B2,36,doubtful,adjective,의심스러운; 미심쩍은,CEFRJ_1_5
EN-B2-00711,B2,36,dove,noun,비둘기,CEFRJ_1_5
EN-B2-00712,B2,36,down,adjective,우울한; 낙담한,CEFRJ_1_5
EN-B2-00713,B2,36,downfall,noun,몰락; 실패,CEFRJ_1_5
EN-B2-00714,B2,36,download,noun,다운로드,CEFRJ_1_5
EN-B2-00715,B2,36,downsize,verb,규모를 축소하다,CEFRJ_1_5
EN-B2-00716,B2,36,dowry,noun,지참금,CEFRJ_1_5
EN-B2-00717,B2,36,draft/draught,noun,초안; 외풍,CEFRJ_1_5
EN-B2-00718,B2,36,drain,noun,배수관; 소모,CEFRJ_1_5
EN-B2-00719,B2,36,drain,verb,물을 빼다; 소모시키다,CEFRJ_1_5
EN-B2-00720,B2,36,dramatically,adverb,극적으로,CEFRJ_1_5
EN-B2-00721,B2,37,drapery,noun,커튼류; 장식용 천,CEFRJ_1_5
EN-B2-00722,B2,37,dread,verb,무서워하다; 두려워하다,CEFRJ_1_5
EN-B2-00723,B2,37,dreadful,adjective,무서운; 끔찍한,CEFRJ_1_5
EN-B2-00724,B2,37,dreamy,adjective,꿈꾸는 듯한; 몽환적인,CEFRJ_1_5
EN-B2-00725,B2,37,drinkable,adjective,마실 수 있는,CEFRJ_1_5
EN-B2-00726,B2,37,droop,noun,처짐; 늘어짐,CEFRJ_1_5
EN-B2-00727,B2,37,dropout,noun,중도 탈락자,CEFRJ_1_5
EN-B2-00728,B2,37,drought,noun,가뭄,CEFRJ_1_5
EN-B2-00729,B2,37,duel,noun,결투,CEFRJ_1_5
EN-B2-00730,B2,37,dumb,adjective,멍청한; 말 못 하는,CEFRJ_1_5
EN-B2-00731,B2,37,duplicate,noun,복제품; 사본,CEFRJ_1_5
EN-B2-00732,B2,37,duplication,noun,복제,CEFRJ_1_5
EN-B2-00733,B2,37,dwarf,noun,난쟁이,CEFRJ_1_5
EN-B2-00734,B2,37,dye,noun,염료; 염색,CEFRJ_1_5
EN-B2-00735,B2,37,dynamic,adjective,역동적인,CEFRJ_1_5
EN-B2-00736,B2,37,eagerly,adverb,열렬히,CEFRJ_1_5
EN-B2-00737,B2,37,eagle,noun,독수리,CEFRJ_1_5
EN-B2-00738,B2,37,earnings,noun,소득; 수입,CEFRJ_1_5
EN-B2-00739,B2,37,ease,noun,용이함; 편안함,CEFRJ_1_5
EN-B2-00740,B2,37,ease,verb,덜어주다; 완화하다,CEFRJ_1_5
EN-B2-00741,B2,38,eastward,adverb,동쪽으로,CEFRJ_1_5
EN-B2-00742,B2,38,ecologically,adverb,생태학적으로,CEFRJ_1_5
EN-B2-00743,B2,38,ecologist,noun,생태학자,CEFRJ_1_5
EN-B2-00744,B2,38,economical,adjective,경제적인; 절약하는,CEFRJ_1_5
EN-B2-00745,B2,38,economist,noun,경제학자,CEFRJ_1_5
EN-B2-00746,B2,38,ecstatic,adjective,황홀해하는,CEFRJ_1_5
EN-B2-00747,B2,38,edit,noun,편집; 수정,CEFRJ_1_5
EN-B2-00748,B2,38,edit,verb,편집하다,CEFRJ_1_5
EN-B2-00749,B2,38,editorial,noun,사설,CEFRJ_1_5
EN-B2-00750,B2,38,educated,adjective,교육받은,CEFRJ_1_5
EN-B2-00751,B2,38,educator,noun,교육자,CEFRJ_1_5
EN-B2-00752,B2,38,effectively,adverb,효과적으로,CEFRJ_1_5
EN-B2-00753,B2,38,effectiveness,noun,유효성; 효과,CEFRJ_1_5
EN-B2-00754,B2,38,elect,verb,선출하다,CEFRJ_1_5
EN-B2-00755,B2,38,elective,adjective,선택의; 선택 과목의,CEFRJ_1_5
EN-B2-00756,B2,38,electrician,noun,전기 기사,CEFRJ_1_5
EN-B2-00757,B2,38,electronically,adverb,전자적으로,CEFRJ_1_5
EN-B2-00758,B2,38,electronics,noun,전자 공학,CEFRJ_1_5
EN-B2-00759,B2,38,elegance,noun,우아함,CEFRJ_1_5
EN-B2-00760,B2,38,elegant,adjective,우아한,CEFRJ_1_5
EN-B2-00761,B2,39,elegantly,adverb,우아하게,CEFRJ_1_5
EN-B2-00762,B2,39,elemental,adjective,기본적인; 자연의 힘과 관련된,CEFRJ_1_5
EN-B2-00763,B2,39,eligible,adjective,자격이 있는,CEFRJ_1_5
EN-B2-00764,B2,39,elite,noun,엘리트; 상류층,CEFRJ_1_5
EN-B2-00765,B2,39,eloquence,noun,웅변; 설득력,CEFRJ_1_5
EN-B2-00766,B2,39,eloquent,adjective,웅변의; 설득력 있는,CEFRJ_1_5
EN-B2-00767,B2,39,embassy,noun,대사관,CEFRJ_1_5
EN-B2-00768,B2,39,embrace,noun,포옹,CEFRJ_1_5
EN-B2-00769,B2,39,emergence,noun,출현; 발생,CEFRJ_1_5
EN-B2-00770,B2,39,emphatically,adverb,단호하게; 강조하여,CEFRJ_1_5
EN-B2-00771,B2,39,employ,verb,고용하다; 쓰다,CEFRJ_1_5
EN-B2-00772,B2,39,employee,noun,종업원; 직원,CEFRJ_1_5
EN-B2-00773,B2,39,employer,noun,고용주,CEFRJ_1_5
EN-B2-00774,B2,39,encounter,verb,마주치다; 부딪히다,CEFRJ_1_5
EN-B2-00775,B2,39,endeavor/endeavour,noun,노력; 시도,CEFRJ_1_5
EN-B2-00776,B2,39,endlessly,adverb,끝없이,CEFRJ_1_5
EN-B2-00777,B2,39,endorse,verb,지지하다; 배서하다,CEFRJ_1_5
EN-B2-00778,B2,39,endurance,noun,인내; 지구력,CEFRJ_1_5
EN-B2-00779,B2,39,enduring,adjective,오래가는; 지속되는,CEFRJ_1_5
EN-B2-00780,B2,39,energy,noun,에너지; 활기,CEFRJ_1_5
EN-B2-00781,B2,40,enforce,verb,집행하다; 강요하다,CEFRJ_1_5
EN-B2-00782,B2,40,engagement,noun,참여; 약혼,CEFRJ_1_5
EN-B2-00783,B2,40,engulf,verb,삼키다; 휩싸다,CEFRJ_1_5
EN-B2-00784,B2,40,enhance,verb,높이다; 강화하다,CEFRJ_1_5
EN-B2-00785,B2,40,enroll/enrol,verb,등록하다,CEFRJ_1_5
EN-B2-00786,B2,40,enterprise,noun,기업; 사업,CEFRJ_1_5
EN-B2-00787,B2,40,entertaining,adjective,재미있는,CEFRJ_1_5
EN-B2-00788,B2,40,enthusiastically,adverb,열광적으로,CEFRJ_1_5
EN-B2-00789,B2,40,entitle,verb,자격을 주다; 제목을 붙이다,CEFRJ_1_5
EN-B2-00790,B2,40,entrepreneur,noun,기업가,CEFRJ_1_5
EN-B2-00791,B2,40,environment,noun,환경,CEFRJ_1_5
EN-B2-00792,B2,40,environmentally,adverb,환경적으로,CEFRJ_1_5
EN-B2-00793,B2,40,environmentally friendly,adjective,환경 친화적인,CEFRJ_1_5
EN-B2-00794,B2,40,envy,verb,부러워하다,CEFRJ_1_5
EN-B2-00795,B2,40,equal,noun,대등한 사람,CEFRJ_1_5
EN-B2-00796,B2,40,equal,verb,같다; 대등하다,CEFRJ_1_5
EN-B2-00797,B2,40,equation,noun,방정식; 동일시,CEFRJ_1_5
EN-B2-00798,B2,40,equip,verb,장비를 갖추다,CEFRJ_1_5
EN-B2-00799,B2,40,equity,noun,공평; 자기 자본,CEFRJ_1_5
EN-B2-00800,B2,40,erect,adjective,똑바로 선,CEFRJ_1_5
EN-B2-00801,B2,41,erupt,verb,분출하다; 터지다,CEFRJ_1_5
EN-B2-00802,B2,41,eruption,noun,분출; 폭발,CEFRJ_1_5
EN-B2-00803,B2,41,essayist,noun,수필가,CEFRJ_1_5
EN-B2-00804,B2,41,essentially,adverb,본질적으로; 근본적으로,CEFRJ_1_5
EN-B2-00805,B2,41,estate,noun,재산; 사유지,CEFRJ_1_5
EN-B2-00806,B2,41,estimate,noun,추정; 견적,CEFRJ_1_5
EN-B2-00807,B2,41,estimated,adjective,추정되는,CEFRJ_1_5
EN-B2-00808,B2,41,eternally,adverb,영원히,CEFRJ_1_5
EN-B2-00809,B2,41,ethic,noun,윤리,CEFRJ_1_5
EN-B2-00810,B2,41,ethnic,adjective,민족의; 인종의,CEFRJ_1_5
EN-B2-00811,B2,41,evacuate,verb,대피시키다,CEFRJ_1_5
EN-B2-00812,B2,41,evacuation,noun,대피,CEFRJ_1_5
EN-B2-00813,B2,41,evaluate,verb,평가하다,CEFRJ_1_5
EN-B2-00814,B2,41,evaluation,noun,평가,CEFRJ_1_5
EN-B2-00815,B2,41,everlasting,adjective,영원한,CEFRJ_1_5
EN-B2-00816,B2,41,evidently,adverb,분명히; 명백히,CEFRJ_1_5
EN-B2-00817,B2,41,evil,adjective,사악한,CEFRJ_1_5
EN-B2-00818,B2,41,evil,noun,악; 악행,CEFRJ_1_5
EN-B2-00819,B2,41,evolution,noun,진화; 발전,CEFRJ_1_5
EN-B2-00820,B2,41,evolve,verb,진화하다; 발달하다,CEFRJ_1_5
EN-B2-00821,B2,42,exactness,noun,정확성,CEFRJ_1_5
EN-B2-00822,B2,42,exaggerate,noun,과장하다,CEFRJ_1_5
EN-B2-00823,B2,42,exaggeration,noun,과장,CEFRJ_1_5
EN-B2-00824,B2,42,exalt,verb,칭찬하다; 높이다,CEFRJ_1_5
EN-B2-00825,B2,42,examinee,noun,수험생,CEFRJ_1_5
EN-B2-00826,B2,42,exceed,verb,넘어서다; 초과하다,CEFRJ_1_5
EN-B2-00827,B2,42,excel,verb,뛰어나다,CEFRJ_1_5
EN-B2-00828,B2,42,exception,noun,예외,CEFRJ_1_5
EN-B2-00829,B2,42,exceptional,adjective,예외적인; 뛰어난,CEFRJ_1_5
EN-B2-00830,B2,42,exceptionally,adverb,유난히; 예외적으로,CEFRJ_1_5
EN-B2-00831,B2,42,excessive,adjective,과도한,CEFRJ_1_5
EN-B2-00832,B2,42,exclaim,verb,외치다,CEFRJ_1_5
EN-B2-00833,B2,42,exclamation mark,noun,느낌표,CEFRJ_1_5
EN-B2-00834,B2,42,exclude,verb,제외하다,CEFRJ_1_5
EN-B2-00835,B2,42,exclusion,noun,제외; 배제,CEFRJ_1_5
EN-B2-00836,B2,42,exclusively,adverb,독점적으로; 오로지,CEFRJ_1_5
EN-B2-00837,B2,42,excursion,noun,소풍; 짧은 여행,CEFRJ_1_5
EN-B2-00838,B2,42,execute,verb,실행하다; 처형하다,CEFRJ_1_5
EN-B2-00839,B2,42,execution,noun,실행; 처형,CEFRJ_1_5
EN-B2-00840,B2,42,executive,adjective,경영의; 행정의,CEFRJ_1_5
EN-B2-00841,B2,43,executive,noun,경영진; 임원,CEFRJ_1_5
EN-B2-00842,B2,43,exhaust,noun,배기가스,CEFRJ_1_5
EN-B2-00843,B2,43,exhausting,adjective,진이 빠지는,CEFRJ_1_5
EN-B2-00844,B2,43,exhaustion,noun,탈진; 고갈,CEFRJ_1_5
EN-B2-00845,B2,43,exhibit,verb,전시하다; 보여주다,CEFRJ_1_5
EN-B2-00846,B2,43,exile,noun,망명; 추방,CEFRJ_1_5
EN-B2-00847,B2,43,existing,adjective,기존의,CEFRJ_1_5
EN-B2-00848,B2,43,exotic,adjective,외국의; 이국적인,CEFRJ_1_5
EN-B2-00849,B2,43,expansion,noun,확장; 팽창,CEFRJ_1_5
EN-B2-00850,B2,43,expectation,noun,기대; 예상,CEFRJ_1_5
EN-B2-00851,B2,43,expected,adjective,예상되는,CEFRJ_1_5
EN-B2-00852,B2,43,expedition,noun,원정; 탐험대,CEFRJ_1_5
EN-B2-00853,B2,43,experiment,verb,실험하다,CEFRJ_1_5
EN-B2-00854,B2,43,expert,adjective,전문적인,CEFRJ_1_5
EN-B2-00855,B2,43,explode,verb,폭발하다,CEFRJ_1_5
EN-B2-00856,B2,43,exploit,verb,착취하다; 활용하다,CEFRJ_1_5
EN-B2-00857,B2,43,explorer,noun,탐험가,CEFRJ_1_5
EN-B2-00858,B2,43,explosive,adjective,폭발성의,CEFRJ_1_5
EN-B2-00859,B2,43,explosive,noun,폭발물,CEFRJ_1_5
EN-B2-00860,B2,43,export,noun,수출,CEFRJ_1_5
EN-B2-00861,B2,44,export,verb,수출하다,CEFRJ_1_5
EN-B2-00862,B2,44,expressive,adjective,표현력이 풍부한,CEFRJ_1_5
EN-B2-00863,B2,44,exquisite,adjective,아주 아름다운; 정교한,CEFRJ_1_5
EN-B2-00864,B2,44,extension,noun,연장; 확장,CEFRJ_1_5
EN-B2-00865,B2,44,extensive,adjective,광범위한,CEFRJ_1_5
EN-B2-00866,B2,44,external,adjective,외부의,CEFRJ_1_5
EN-B2-00867,B2,44,extract,noun,추출물,CEFRJ_1_5
EN-B2-00868,B2,44,extract,verb,추출하다; 뽑아내다,CEFRJ_1_5
EN-B2-00869,B2,44,extraordinarily,adverb,비범하게; 엄청나게,CEFRJ_1_5
EN-B2-00870,B2,44,exultant,adjective,크게 기뻐하는,CEFRJ_1_5
EN-B2-00871,B2,44,eyebrow,noun,눈썹,CEFRJ_1_5
EN-B2-00872,B2,44,eyelash,noun,속눈썹,CEFRJ_1_5
EN-B2-00873,B2,44,eyelid,noun,눈꺼풀,CEFRJ_1_5
EN-B2-00874,B2,44,fabric,noun,직물; 구조,CEFRJ_1_5
EN-B2-00875,B2,44,fabulous,adjective,멋진; 엄청난,CEFRJ_1_5
EN-B2-00876,B2,44,facilitate,verb,용이하게 하다,CEFRJ_1_5
EN-B2-00877,B2,44,facilities,noun,시설; 편의 시설,CEFRJ_1_5
EN-B2-00878,B2,44,factor,noun,요인; 요소,CEFRJ_1_5
EN-B2-00879,B2,44,faculty,noun,학부; 교수진,CEFRJ_1_5
EN-B2-00880,B2,44,faint,verb,기절하다; 희미해지다,CEFRJ_1_5
EN-B2-00881,B2,45,faith,noun,믿음; 신뢰,CEFRJ_1_5
EN-B2-00882,B2,45,falter,verb,비틀거리다; 주저하다,CEFRJ_1_5
EN-B2-00883,B2,45,fame,noun,명성,CEFRJ_1_5
EN-B2-00884,B2,45,familiarize/familiarise,verb,익숙하게 하다,CEFRJ_1_5
EN-B2-00885,B2,45,fantastically,adverb,환상적으로; 엄청나게,CEFRJ_1_5
EN-B2-00886,B2,45,far,adjective,먼,CEFRJ_1_5
EN-B2-00887,B2,45,fascinated,adjective,매료된,CEFRJ_1_5
EN-B2-00888,B2,45,fascination,noun,매혹; 매력,CEFRJ_1_5
EN-B2-00889,B2,45,fat,noun,지방; 비계,CEFRJ_1_5
EN-B2-00890,B2,45,fatal,adjective,치명적인,CEFRJ_1_5
EN-B2-00891,B2,45,fate,noun,운명,CEFRJ_1_5
EN-B2-00892,B2,45,father-in-law,noun,장인; 시아버지,CEFRJ_1_5
EN-B2-00893,B2,45,faulty,adjective,결함이 있는,CEFRJ_1_5
EN-B2-00894,B2,45,fear,verb,두려워하다,CEFRJ_1_5
EN-B2-00895,B2,45,fearsome,adjective,무시무시한,CEFRJ_1_5
EN-B2-00896,B2,45,feat,noun,솜씨; 위업,CEFRJ_1_5
EN-B2-00897,B2,45,feature,verb,특징으로 삼다; 출연시키다,CEFRJ_1_5
EN-B2-00898,B2,45,fed up,adjective,질린; 싫증 난,CEFRJ_1_5
EN-B2-00899,B2,45,federal,adjective,연방의,CEFRJ_1_5
EN-B2-00900,B2,45,feedback,noun,피드백; 의견,CEFRJ_1_5
EN-B2-00901,B2,46,fellow,adjective,동료의,CEFRJ_1_5
EN-B2-00902,B2,46,female,noun,여성,CEFRJ_1_5
EN-B2-00903,B2,46,ferryboat,noun,연락선,CEFRJ_1_5
EN-B2-00904,B2,46,fiber/fibre,noun,섬유; 식이섬유,CEFRJ_1_5
EN-B2-00905,B2,46,fictional,adjective,허구의,CEFRJ_1_5
EN-B2-00906,B2,46,fierce,adjective,치열한; 사나운,CEFRJ_1_5
EN-B2-00907,B2,46,fighting,noun,싸움; 전투,CEFRJ_1_5
EN-B2-00908,B2,46,figurative,adjective,비유적인,CEFRJ_1_5
EN-B2-00909,B2,46,file,verb,파일로 정리하다; 소송을 제기하다,CEFRJ_1_5
EN-B2-00910,B2,46,filial,adjective,자식의; 효도의,CEFRJ_1_5
EN-B2-00911,B2,46,finance,noun,재정; 금융,CEFRJ_1_5
EN-B2-00912,B2,46,financially,adverb,재정적으로,CEFRJ_1_5
EN-B2-00913,B2,46,fine,adverb,잘; 훌륭하게,CEFRJ_1_5
EN-B2-00914,B2,46,fine,verb,벌금을 부과하다,CEFRJ_1_5
EN-B2-00915,B2,46,finely,adverb,미세하게; 훌륭하게,CEFRJ_1_5
EN-B2-00916,B2,46,fingernail,noun,손톱,CEFRJ_1_5
EN-B2-00917,B2,46,fire,verb,해고하다; 발사하다,CEFRJ_1_5
EN-B2-00918,B2,46,fire brigade,noun,소방대,CEFRJ_1_5
EN-B2-00919,B2,46,firearm,noun,총기,CEFRJ_1_5
EN-B2-00920,B2,46,fireplace,noun,벽난로,CEFRJ_1_5
EN-B2-00921,B2,47,firmness,noun,단단함; 확고함,CEFRJ_1_5
EN-B2-00922,B2,47,first language,noun,모국어,CEFRJ_1_5
EN-B2-00923,B2,47,first person,noun,1인칭,CEFRJ_1_5
EN-B2-00924,B2,47,firstly,adverb,첫째로,CEFRJ_1_5
EN-B2-00925,B2,47,fiscal,adjective,회계의; 재정의,CEFRJ_1_5
EN-B2-00926,B2,47,fit,noun,발작; 적합,CEFRJ_1_5
EN-B2-00927,B2,47,fixed,adjective,고정된,CEFRJ_1_5
EN-B2-00928,B2,47,flame,noun,불꽃,CEFRJ_1_5
EN-B2-00929,B2,47,flap,verb,퍼덕거리다,CEFRJ_1_5
EN-B2-00930,B2,47,flash,noun,섬광; 순간,CEFRJ_1_5
EN-B2-00931,B2,47,flash,verb,번쩍이다; 스치듯 지나가다,CEFRJ_1_5
EN-B2-00932,B2,47,flat,adverb,완전히; 딱,CEFRJ_1_5
EN-B2-00933,B2,47,flaw,noun,결함; 약점,CEFRJ_1_5
EN-B2-00934,B2,47,flawless,adjective,결점 없는,CEFRJ_1_5
EN-B2-00935,B2,47,flax,noun,아마,CEFRJ_1_5
EN-B2-00936,B2,47,flee,verb,달아나다,CEFRJ_1_5
EN-B2-00937,B2,47,fleet,noun,함대; 선단,CEFRJ_1_5
EN-B2-00938,B2,47,flesh,noun,살; 육체,CEFRJ_1_5
EN-B2-00939,B2,47,flexibility,noun,유연성,CEFRJ_1_5
EN-B2-00940,B2,47,flexible,adjective,유연한,CEFRJ_1_5
EN-B2-00941,B2,48,flexibly,adverb,유연하게,CEFRJ_1_5
EN-B2-00942,B2,48,flip,verb,휙 뒤집다; 툭 치다,CEFRJ_1_5
EN-B2-00943,B2,48,fluency,noun,유창성,CEFRJ_1_5
EN-B2-00944,B2,48,fluid,adjective,유동적인; 부드러운,CEFRJ_1_5
EN-B2-00945,B2,48,flutter,noun,펄럭임; 동요,CEFRJ_1_5
EN-B2-00946,B2,48,focus,noun,초점; 집중,CEFRJ_1_5
EN-B2-00947,B2,48,follower,noun,추종자,CEFRJ_1_5
EN-B2-00948,B2,48,following,preposition,~후에,CEFRJ_1_5
EN-B2-00949,B2,48,folly,noun,어리석음,CEFRJ_1_5
EN-B2-00950,B2,48,fondly,adverb,다정하게,CEFRJ_1_5
EN-B2-00951,B2,48,foolishly,adverb,어리석게,CEFRJ_1_5
EN-B2-00952,B2,48,footnote,noun,각주,CEFRJ_1_5
EN-B2-00953,B2,48,force,verb,강요하다,CEFRJ_1_5
EN-B2-00954,B2,48,forcefully,adverb,강력하게,CEFRJ_1_5
EN-B2-00955,B2,48,foreman,noun,현장 감독,CEFRJ_1_5
EN-B2-00956,B2,48,foresee,verb,예견하다,CEFRJ_1_5
EN-B2-00957,B2,48,forestry,noun,임업,CEFRJ_1_5
EN-B2-00958,B2,48,formation,noun,형성; 대형,CEFRJ_1_5
EN-B2-00959,B2,48,formerly,adverb,이전에는,CEFRJ_1_5
EN-B2-00960,B2,48,formidable,adjective,가공할; 어마어마한,CEFRJ_1_5
EN-B2-00961,B2,49,forthcoming,adjective,다가오는; 곧 있을,CEFRJ_1_5
EN-B2-00962,B2,49,foul,adjective,불쾌한; 악취 나는,CEFRJ_1_5
EN-B2-00963,B2,49,found,verb,설립하다,CEFRJ_1_5
EN-B2-00964,B2,49,fox,noun,여우,CEFRJ_1_5
EN-B2-00965,B2,49,fragrance,noun,향기,CEFRJ_1_5
EN-B2-00966,B2,49,frame,verb,틀을 잡다; 누명을 씌우다,CEFRJ_1_5
EN-B2-00967,B2,49,frankly,adverb,솔직히,CEFRJ_1_5
EN-B2-00968,B2,49,frantically,adverb,정신없이; 당황하여,CEFRJ_1_5
EN-B2-00969,B2,49,fraud,noun,사기,CEFRJ_1_5
EN-B2-00970,B2,49,freak,verb,흥분하다; 겁먹다,CEFRJ_1_5
EN-B2-00971,B2,49,free,verb,해방하다; 풀어주다,CEFRJ_1_5
EN-B2-00972,B2,49,friendly,adjective,우호적인,CEFRJ_1_5
EN-B2-00973,B2,49,frigate,noun,호위함,CEFRJ_1_5
EN-B2-00974,B2,49,frontier,noun,국경; 미개척 분야,CEFRJ_1_5
EN-B2-00975,B2,49,frugal,adjective,검소한,CEFRJ_1_5
EN-B2-00976,B2,49,fulfill/fulfil,verb,이행하다; 충족시키다,CEFRJ_1_5
EN-B2-00977,B2,49,fume,noun,연기; 증기,CEFRJ_1_5
EN-B2-00978,B2,49,functional,adjective,기능적인,CEFRJ_1_5
EN-B2-00979,B2,49,functionality,noun,기능성,CEFRJ_1_5
EN-B2-00980,B2,49,fundamental,adjective,근본적인; 기초적인,CEFRJ_1_5
EN-B2-00981,B2,50,funk,noun,펑크 음악; 펑크 스타일,CEFRJ_1_5
EN-B2-00982,B2,50,funky,adjective,펑크 스타일의; 독특한,CEFRJ_1_5
EN-B2-00983,B2,50,furious,adjective,몹시 화가 난; 격렬한,CEFRJ_1_5
EN-B2-00984,B2,50,furiously,adverb,격렬하게; 몹시,CEFRJ_1_5
EN-B2-00985,B2,50,furor/furore,noun,격렬한 분노; 대소동,CEFRJ_1_5
EN-B2-00986,B2,50,gaiety,noun,유쾌함; 즐거움,CEFRJ_1_5
EN-B2-00987,B2,50,gambling,noun,도박,CEFRJ_1_5
EN-B2-00988,B2,50,gang,noun,무리; 갱단,CEFRJ_1_5
EN-B2-00989,B2,50,gangster,noun,갱단 조직원,CEFRJ_1_5
EN-B2-00990,B2,50,gardener,noun,정원사,CEFRJ_1_5
EN-B2-00991,B2,50,gasp,noun,헐떡임; 숨을 들이킴,CEFRJ_1_5
EN-B2-00992,B2,50,gateway,noun,출입구; 관문,CEFRJ_1_5
EN-B2-00993,B2,50,gaudy,adjective,야한; 지나치게 화려한,CEFRJ_1_5
EN-B2-00994,B2,50,gaze,noun,응시; 시선,CEFRJ_1_5
EN-B2-00995,B2,50,gear,noun,장비; 기어,CEFRJ_1_5
EN-B2-00996,B2,50,generalization/generalisation,noun,일반화,CEFRJ_1_5
EN-B2-00997,B2,50,generalize/generalise,verb,일반화하다,CEFRJ_1_5
EN-B2-00998,B2,50,generosity,noun,관대함; 너그러움,CEFRJ_1_5
EN-B2-00999,B2,50,generously,adverb,관대하게; 아낌없이,CEFRJ_1_5
EN-B2-01000,B2,50,genius,noun,천재; 천재성,CEFRJ_1_5
EN-B2-01001,B2,51,genre,noun,장르; 유형,CEFRJ_1_5
EN-B2-01002,B2,51,gently,adverb,부드럽게; 조용히,CEFRJ_1_5
EN-B2-01003,B2,51,genuine,adjective,진짜의; 진실한,CEFRJ_1_5
EN-B2-01004,B2,51,genuinely,adverb,진정으로; 솔직하게,CEFRJ_1_5
EN-B2-01005,B2,51,geographic,adjective,지리적인,CEFRJ_1_5
EN-B2-01006,B2,51,germ,noun,세균; 미생물,CEFRJ_1_5
EN-B2-01007,B2,51,getaway,noun,도주; 탈출,CEFRJ_1_5
EN-B2-01008,B2,51,ghetto,noun,게토; 빈민가,CEFRJ_1_5
EN-B2-01009,B2,51,giveaway,noun,경품; 무심코 드러난 비밀,CEFRJ_1_5
EN-B2-01010,B2,51,glacis,noun,경사면; 비탈,CEFRJ_1_5
EN-B2-01011,B2,51,glamorous/glamourous,adjective,매력적인; 화려한,CEFRJ_1_5
EN-B2-01012,B2,51,glare,noun,눈부심; 노려봄,CEFRJ_1_5
EN-B2-01013,B2,51,gleam,noun,어렴풋한 빛; 반짝임,CEFRJ_1_5
EN-B2-01014,B2,51,glee,noun,환희; 기쁨,CEFRJ_1_5
EN-B2-01015,B2,51,global warming,noun,지구 온난화,CEFRJ_1_5
EN-B2-01016,B2,51,globally,adverb,전 세계적으로,CEFRJ_1_5
EN-B2-01017,B2,51,glocal,adjective,글로컬의; 세계화와 지역화를 결합한,CEFRJ_1_5
EN-B2-01018,B2,51,gloomy,adjective,어둑어둑한; 우울한,CEFRJ_1_5
EN-B2-01019,B2,51,glorify,verb,미화하다; 찬미하다,CEFRJ_1_5
EN-B2-01020,B2,51,glow,noun,불빛; 홍조,CEFRJ_1_5
EN-B2-01021,B2,52,goat,noun,염소,CEFRJ_1_5
EN-B2-01022,B2,52,god,noun,신,CEFRJ_1_5
EN-B2-01023,B2,52,godly,adjective,경건한; 신성한,CEFRJ_1_5
EN-B2-01024,B2,52,good,noun,선; 이익,CEFRJ_1_5
EN-B2-01025,B2,52,goodwill,noun,호의; 친선,CEFRJ_1_5
EN-B2-01026,B2,52,gook,noun,동양인 비하어,CEFRJ_1_5
EN-B2-01027,B2,52,gorge,noun,협곡; 골짜기,CEFRJ_1_5
EN-B2-01028,B2,52,gossip,verb,험담하다; 잡담하다,CEFRJ_1_5
EN-B2-01029,B2,52,governmental,adjective,정부의,CEFRJ_1_5
EN-B2-01030,B2,52,gracefulness,noun,우아함,CEFRJ_1_5
EN-B2-01031,B2,52,grade,verb,등급을 매기다; 분류하다,CEFRJ_1_5
EN-B2-01032,B2,52,gradual,adjective,점진적인,CEFRJ_1_5
EN-B2-01033,B2,52,grain,noun,곡물; 알갱이,CEFRJ_1_5
EN-B2-01034,B2,52,grand,adjective,웅장한; 위대한,CEFRJ_1_5
EN-B2-01035,B2,52,graphically,adverb,생생하게; 도표로,CEFRJ_1_5
EN-B2-01036,B2,52,grasp,noun,파악; 이해,CEFRJ_1_5
EN-B2-01037,B2,52,gravestone,noun,묘비,CEFRJ_1_5
EN-B2-01038,B2,52,gravitation,noun,중력; 인력,CEFRJ_1_5
EN-B2-01039,B2,52,greatness,noun,위대함,CEFRJ_1_5
EN-B2-01040,B2,52,grief,noun,비통; 슬픔,CEFRJ_1_5
EN-B2-01041,B2,53,grieve,verb,비통해하다; 슬퍼하다,CEFRJ_1_5
EN-B2-01042,B2,53,grim,adjective,엄격한; 암울한,CEFRJ_1_5
EN-B2-01043,B2,53,grin,noun,활짝 웃음,CEFRJ_1_5
EN-B2-01044,B2,53,grip,noun,꽉 잡기; 통제,CEFRJ_1_5
EN-B2-01045,B2,53,grip,verb,꽉 잡다; 이해하다,CEFRJ_1_5
EN-B2-01046,B2,53,gross,adjective,총체의; 역겨운,CEFRJ_1_5
EN-B2-01047,B2,53,growing,adjective,성장하는; 커지는,CEFRJ_1_5
EN-B2-01048,B2,53,grown-up,adjective,성인의; 다 자란,CEFRJ_1_5
EN-B2-01049,B2,53,grown-up,noun,성인; 어른,CEFRJ_1_5
EN-B2-01050,B2,53,guarantee,verb,보장하다,CEFRJ_1_5
EN-B2-01051,B2,53,guard,verb,지키다; 보호하다,CEFRJ_1_5
EN-B2-01052,B2,53,guerrilla,noun,게릴라; 유격대원,CEFRJ_1_5
EN-B2-01053,B2,53,guideline,noun,지침; 가이드라인,CEFRJ_1_5
EN-B2-01054,B2,53,gulp,noun,꿀꺽 마심; 한 모금,CEFRJ_1_5
EN-B2-01055,B2,53,gum,noun,잇몸; 고무,CEFRJ_1_5
EN-B2-01056,B2,53,gunshot,noun,총성,CEFRJ_1_5
EN-B2-01057,B2,53,guts,noun,배짱; 용기,CEFRJ_1_5
EN-B2-01058,B2,53,gymnastic,adjective,체조의,CEFRJ_1_5
EN-B2-01059,B2,53,habitant,noun,거주자,CEFRJ_1_5
EN-B2-01060,B2,53,hail,verb,환호하며 맞이하다; 묘사하다,CEFRJ_1_5
EN-B2-01061,B2,54,hairy,adjective,털이 많은,CEFRJ_1_5
EN-B2-01062,B2,54,hammer,verb,망치로 치다; 맹렬히 공격하다,CEFRJ_1_5
EN-B2-01063,B2,54,handicap,noun,장애; 불리한 조건,CEFRJ_1_5
EN-B2-01064,B2,54,handicraft,noun,수공예품,CEFRJ_1_5
EN-B2-01065,B2,54,handout,noun,유인물; 배포 자료,CEFRJ_1_5
EN-B2-01066,B2,54,handrail,noun,난간,CEFRJ_1_5
EN-B2-01067,B2,54,hang,noun,걸기; 매달기,CEFRJ_1_5
EN-B2-01068,B2,54,hard drive,noun,하드 드라이브,CEFRJ_1_5
EN-B2-01069,B2,54,hardware,noun,하드웨어; 장비,CEFRJ_1_5
EN-B2-01070,B2,54,harm,noun,해; 손상,CEFRJ_1_5
EN-B2-01071,B2,54,harmless,adjective,해롭지 않은,CEFRJ_1_5
EN-B2-01072,B2,54,harrow,noun,써레; 흙을 고르는 도구,CEFRJ_1_5
EN-B2-01073,B2,54,haste,noun,서두름; 급함,CEFRJ_1_5
EN-B2-01074,B2,54,hastily,adverb,급히; 서둘러,CEFRJ_1_5
EN-B2-01075,B2,54,hatching,noun,부화; 해칭,CEFRJ_1_5
EN-B2-01076,B2,54,haunt,verb,자주 나타나다; 괴롭히다,CEFRJ_1_5
EN-B2-01077,B2,54,haunting,adjective,잊히지 않는; 마음을 사로잡는,CEFRJ_1_5
EN-B2-01078,B2,54,hay,noun,건초,CEFRJ_1_5
EN-B2-01079,B2,54,hazardous,adjective,위험한,CEFRJ_1_5
EN-B2-01080,B2,54,headquarters,noun,본부,CEFRJ_1_5
EN-B2-01081,B2,55,health care,noun,의료 서비스,CEFRJ_1_5
EN-B2-01082,B2,55,heap,noun,더미; 무더기,CEFRJ_1_5
EN-B2-01083,B2,55,heap,verb,쌓아 올리다; 많이 주다,CEFRJ_1_5
EN-B2-01084,B2,55,heartbreaking,adjective,비통한; 가슴 아픈,CEFRJ_1_5
EN-B2-01085,B2,55,heartwarming/heart-warming,adjective,마음이 따뜻해지는,CEFRJ_1_5
EN-B2-01086,B2,55,hedge,noun,울타리; 산울타리,CEFRJ_1_5
EN-B2-01087,B2,55,helicopter,noun,헬리콥터,CEFRJ_1_5
EN-B2-01088,B2,55,hell,noun,지옥; 끔찍한 상황,CEFRJ_1_5
EN-B2-01089,B2,55,helper,noun,도우미; 조력자,CEFRJ_1_5
EN-B2-01090,B2,55,hemp,noun,대마,CEFRJ_1_5
EN-B2-01091,B2,55,herb,noun,허브; 약초,CEFRJ_1_5
EN-B2-01092,B2,55,heritage,noun,유산,CEFRJ_1_5
EN-B2-01093,B2,55,hesitation,noun,주저; 망설임,CEFRJ_1_5
EN-B2-01094,B2,55,highlight,noun,하이라이트; 가장 중요한 부분,CEFRJ_1_5
EN-B2-01095,B2,55,high-tech/hi-tech,adjective,첨단 기술의,CEFRJ_1_5
EN-B2-01096,B2,55,hijack,noun,납치; 강탈,CEFRJ_1_5
EN-B2-01097,B2,55,hijack,verb,납치하다; 강탈하다,CEFRJ_1_5
EN-B2-01098,B2,55,hilarious,adjective,아주 우스운,CEFRJ_1_5
EN-B2-01099,B2,55,hint,noun,힌트; 암시,CEFRJ_1_5
EN-B2-01100,B2,55,holder,noun,보유자; 받침대,CEFRJ_1_5
EN-B2-01101,B2,56,hollow,adjective,속이 빈; 공허한,CEFRJ_1_5
EN-B2-01102,B2,56,holocaust,noun,대학살,CEFRJ_1_5
EN-B2-01103,B2,56,homeward,adjective,집으로 향하는,CEFRJ_1_5
EN-B2-01104,B2,56,hone,noun,숫돌,CEFRJ_1_5
EN-B2-01105,B2,56,honor/honour,verb,존경하다; 예우하다,CEFRJ_1_5
EN-B2-01106,B2,56,honorable/honourable,adjective,존경할 만한; 명예로운,CEFRJ_1_5
EN-B2-01107,B2,56,hood,noun,후드; 덮개,CEFRJ_1_5
EN-B2-01108,B2,56,hook,noun,갈고리; 낚싯바늘,CEFRJ_1_5
EN-B2-01109,B2,56,hook,verb,갈고리로 걸다; 낚다,CEFRJ_1_5
EN-B2-01110,B2,56,hospice,noun,호스피스,CEFRJ_1_5
EN-B2-01111,B2,56,hospitable,adjective,환대하는; 친절한,CEFRJ_1_5
EN-B2-01112,B2,56,hospitality,noun,환대; 후한 대접,CEFRJ_1_5
EN-B2-01113,B2,56,hospitalize/hospitalise,verb,입원시키다,CEFRJ_1_5
EN-B2-01114,B2,56,hourly,adjective,매시간의,CEFRJ_1_5
EN-B2-01115,B2,56,housekeeper,noun,가정부,CEFRJ_1_5
EN-B2-01116,B2,56,housemaster,noun,기숙사 사감,CEFRJ_1_5
EN-B2-01117,B2,56,housewife,noun,주부,CEFRJ_1_5
EN-B2-01118,B2,56,hover,verb,맴돌다; 떠다니다,CEFRJ_1_5
EN-B2-01119,B2,56,hug,noun,포옹,CEFRJ_1_5
EN-B2-01120,B2,56,hugely,adverb,거대하게; 매우,CEFRJ_1_5
EN-B2-01121,B2,57,human rights,noun,인권,CEFRJ_1_5
EN-B2-01122,B2,57,humane,adjective,인도적인,CEFRJ_1_5
EN-B2-01123,B2,57,humanist,noun,인본주의자,CEFRJ_1_5
EN-B2-01124,B2,57,humanize/humanise,verb,인간화하다,CEFRJ_1_5
EN-B2-01125,B2,57,humble,adjective,겸손한; 비천한,CEFRJ_1_5
EN-B2-01126,B2,57,humbug,noun,사기; 헛소리,CEFRJ_1_5
EN-B2-01127,B2,57,humiliate,verb,굴욕감을 주다,CEFRJ_1_5
EN-B2-01128,B2,57,humiliating,adjective,굴욕적인,CEFRJ_1_5
EN-B2-01129,B2,57,humiliation,noun,굴욕; 창피,CEFRJ_1_5
EN-B2-01130,B2,57,hunting,noun,사냥,CEFRJ_1_5
EN-B2-01131,B2,57,hush,verb,조용히 하게 하다; 입 다물게 하다,CEFRJ_1_5
EN-B2-01132,B2,57,hybrid,adjective,하이브리드의; 혼합의,CEFRJ_1_5
EN-B2-01133,B2,57,hygiene,noun,위생,CEFRJ_1_5
EN-B2-01134,B2,57,hyperbole,noun,과장법,CEFRJ_1_5
EN-B2-01135,B2,57,hyphen,noun,하이픈,CEFRJ_1_5
EN-B2-01136,B2,57,iceman,noun,얼음 장수,CEFRJ_1_5
EN-B2-01137,B2,57,icon,noun,아이콘; 우상,CEFRJ_1_5
EN-B2-01138,B2,57,icy,adjective,얼음 같은; 아주 추운,CEFRJ_1_5
EN-B2-01139,B2,57,ideally,adverb,이상적으로,CEFRJ_1_5
EN-B2-01140,B2,57,identical,adjective,동일한,CEFRJ_1_5
EN-B2-01141,B2,58,identification,noun,신원 확인; 식별,CEFRJ_1_5
EN-B2-01142,B2,58,identify,verb,확인하다; 식별하다,CEFRJ_1_5
EN-B2-01143,B2,58,ideology,noun,이데올로기; 이념,CEFRJ_1_5
EN-B2-01144,B2,58,idiot,noun,바보,CEFRJ_1_5
EN-B2-01145,B2,58,idle,adjective,게으른; 빈둥거리는,CEFRJ_1_5
EN-B2-01146,B2,58,idolize/idolise,verb,우상화하다,CEFRJ_1_5
EN-B2-01147,B2,58,ignorance,noun,무지,CEFRJ_1_5
EN-B2-01148,B2,58,ignorant,adjective,무지한,CEFRJ_1_5
EN-B2-01149,B2,58,illustrate,verb,설명하다; 삽화를 넣다,CEFRJ_1_5
EN-B2-01150,B2,58,illustration,noun,삽화; 예시,CEFRJ_1_5
EN-B2-01151,B2,58,imagery,noun,심상; 이미지,CEFRJ_1_5
EN-B2-01152,B2,58,imitation,noun,모방; 모조품,CEFRJ_1_5
EN-B2-01153,B2,58,immerse,verb,담그다; 몰입하게 하다,CEFRJ_1_5
EN-B2-01154,B2,58,immigrant,noun,이민자,CEFRJ_1_5
EN-B2-01155,B2,58,immoral,adjective,부도덕한,CEFRJ_1_5
EN-B2-01156,B2,58,immortal,adjective,불멸의,CEFRJ_1_5
EN-B2-01157,B2,58,immortality,noun,불멸,CEFRJ_1_5
EN-B2-01158,B2,58,impartial,adjective,공정한; 치우치지 않는,CEFRJ_1_5
EN-B2-01159,B2,58,impatiently,adverb,조급하게,CEFRJ_1_5
EN-B2-01160,B2,58,imperative,noun,필수적인 것; 명령법,CEFRJ_1_5
EN-B2-01161,B2,59,impermanent,adjective,일시적인; 영구적이지 않은,CEFRJ_1_5
EN-B2-01162,B2,59,implement,noun,도구; 기구,CEFRJ_1_5
EN-B2-01163,B2,59,implement,verb,시행하다; 이행하다,CEFRJ_1_5
EN-B2-01164,B2,59,implication,noun,함축; 영향,CEFRJ_1_5
EN-B2-01165,B2,59,imply,verb,함축하다; 암시하다,CEFRJ_1_5
EN-B2-01166,B2,59,impolite,adjective,무례한,CEFRJ_1_5
EN-B2-01167,B2,59,impolitely,adverb,무례하게,CEFRJ_1_5
EN-B2-01168,B2,59,import,verb,수입하다,CEFRJ_1_5
EN-B2-01169,B2,59,impose,verb,부과하다; 강요하다,CEFRJ_1_5
EN-B2-01170,B2,59,impossibility,noun,불가능,CEFRJ_1_5
EN-B2-01171,B2,59,impractical,adjective,비실용적인,CEFRJ_1_5
EN-B2-01172,B2,59,impressed,adjective,인상 깊게 생각하는,CEFRJ_1_5
EN-B2-01173,B2,59,impressionism,noun,인상주의,CEFRJ_1_5
EN-B2-01174,B2,59,impressionist,noun,인상주의자,CEFRJ_1_5
EN-B2-01175,B2,59,imprison,verb,투옥하다; 감금하다,CEFRJ_1_5
EN-B2-01176,B2,59,imprisonment,noun,투옥; 감금,CEFRJ_1_5
EN-B2-01177,B2,59,improbable,adjective,있을 법하지 않은,CEFRJ_1_5
EN-B2-01178,B2,59,improperly,adverb,부적절하게,CEFRJ_1_5
EN-B2-01179,B2,59,improved,adjective,개선된; 향상된,CEFRJ_1_5
EN-B2-01180,B2,59,impulse,noun,충동; 자극,CEFRJ_1_5
EN-B2-01181,B2,60,impulsive,adjective,충동적인,CEFRJ_1_5
EN-B2-01182,B2,60,inaccurate,adjective,부정확한,CEFRJ_1_5
EN-B2-01183,B2,60,inadequate,adjective,부적절한; 불충분한,CEFRJ_1_5
EN-B2-01184,B2,60,inanimate,adjective,무생물의; 활기 없는,CEFRJ_1_5
EN-B2-01185,B2,60,inborn,adjective,타고난,CEFRJ_1_5
EN-B2-01186,B2,60,incense,noun,향; 향료,CEFRJ_1_5
EN-B2-01187,B2,60,incentive,noun,장려책; 동기,CEFRJ_1_5
EN-B2-01188,B2,60,inch,verb,조금씩 움직이다,CEFRJ_1_5
EN-B2-01189,B2,60,incur,verb,초래하다; (비용을) 물게 되다,CEFRJ_1_5
EN-B2-01190,B2,60,incurable,adjective,치료 불가능한,CEFRJ_1_5
EN-B2-01191,B2,60,indebted,adjective,은혜를 입은; 빚을 진,CEFRJ_1_5
EN-B2-01192,B2,60,indent,verb,들어가게 하다; 들여쓰기하다,CEFRJ_1_5
EN-B2-01193,B2,60,independently,adverb,독립적으로,CEFRJ_1_5
EN-B2-01194,B2,60,indescribable,adjective,형언할 수 없는,CEFRJ_1_5
EN-B2-01195,B2,60,index,noun,색인; 지표,CEFRJ_1_5
EN-B2-01196,B2,60,indifferent,adjective,무관심한,CEFRJ_1_5
EN-B2-01197,B2,60,indignity,noun,모욕; 수모,CEFRJ_1_5
EN-B2-01198,B2,60,indispensable,adjective,필수불가결한,CEFRJ_1_5
EN-B2-01199,B2,60,individual,noun,개인,CEFRJ_1_5
EN-B2-01200,B2,60,indulge,verb,마음껏 하다; 탐닉하다,CEFRJ_1_5
EN-B2-01201,B2,61,indulgent,adjective,너그러운; 제멋대로 하게 하는,CEFRJ_1_5
EN-B2-01202,B2,61,industrialize/industrialise,verb,산업화하다,CEFRJ_1_5
EN-B2-01203,B2,61,ineffective,adjective,효과 없는,CEFRJ_1_5
EN-B2-01204,B2,61,inert,adjective,둔한; 활발하지 못한,CEFRJ_1_5
EN-B2-01205,B2,61,inexperienced,adjective,경험이 부족한,CEFRJ_1_5
EN-B2-01206,B2,61,infant,noun,유아,CEFRJ_1_5
EN-B2-01207,B2,61,infect,verb,감염시키다,CEFRJ_1_5
EN-B2-01208,B2,61,infected,adjective,감염된,CEFRJ_1_5
EN-B2-01209,B2,61,infectious,adjective,전염성의,CEFRJ_1_5
EN-B2-01210,B2,61,infer,verb,추론하다,CEFRJ_1_5
EN-B2-01211,B2,61,inference,noun,추론,CEFRJ_1_5
EN-B2-01212,B2,61,inflammation,noun,염증,CEFRJ_1_5
EN-B2-01213,B2,61,inflammatory,adjective,염증의; 선동적인,CEFRJ_1_5
EN-B2-01214,B2,61,inflate,verb,부풀리다; 팽창시키다,CEFRJ_1_5
EN-B2-01215,B2,61,inflation,noun,인플레이션; 팽창,CEFRJ_1_5
EN-B2-01216,B2,61,influence,verb,영향을 주다,CEFRJ_1_5
EN-B2-01217,B2,61,influential,adjective,영향력 있는,CEFRJ_1_5
EN-B2-01218,B2,61,influenza,noun,독감,CEFRJ_1_5
EN-B2-01219,B2,61,informal,adjective,비격식의,CEFRJ_1_5
EN-B2-01220,B2,61,infringe,verb,위반하다; 침해하다,CEFRJ_1_5
EN-B2-01221,B2,62,infringement,noun,위반; 침해,CEFRJ_1_5
EN-B2-01222,B2,62,inhabit,verb,서식하다; 거주하다,CEFRJ_1_5
EN-B2-01223,B2,62,inherit,verb,상속받다; 물려받다,CEFRJ_1_5
EN-B2-01224,B2,62,initial,adjective,처음의; 초기의,CEFRJ_1_5
EN-B2-01225,B2,62,initiative,noun,계획; 주도권,CEFRJ_1_5
EN-B2-01226,B2,62,injection,noun,주사,CEFRJ_1_5
EN-B2-01227,B2,62,injured,adjective,부상당한,CEFRJ_1_5
EN-B2-01228,B2,62,innate,adjective,타고난,CEFRJ_1_5
EN-B2-01229,B2,62,innocently,adverb,순진하게,CEFRJ_1_5
EN-B2-01230,B2,62,innovation,noun,혁신,CEFRJ_1_5
EN-B2-01231,B2,62,innovative,adjective,혁신적인,CEFRJ_1_5
EN-B2-01232,B2,62,input,noun,입력; 조언,CEFRJ_1_5
EN-B2-01233,B2,62,inquire/enquire,verb,문의하다,CEFRJ_1_5
EN-B2-01234,B2,62,inseparable,adjective,불가분의,CEFRJ_1_5
EN-B2-01235,B2,62,inside,adjective,내부의,CEFRJ_1_5
EN-B2-01236,B2,62,inside,noun,내부,CEFRJ_1_5
EN-B2-01237,B2,62,inspect,verb,점검하다; 사찰하다,CEFRJ_1_5
EN-B2-01238,B2,62,inspector,noun,점검자; 조사관,CEFRJ_1_5
EN-B2-01239,B2,62,inspirational,adjective,영감을 주는,CEFRJ_1_5
EN-B2-01240,B2,62,instantly,adverb,즉시,CEFRJ_1_5
EN-B2-01241,B2,63,instill/instil,verb,스며들게 하다; 주입하다,CEFRJ_1_5
EN-B2-01242,B2,63,instinct,noun,본능,CEFRJ_1_5
EN-B2-01243,B2,63,institution,noun,기관; 제도,CEFRJ_1_5
EN-B2-01244,B2,63,instruct,verb,지시하다; 가르치다,CEFRJ_1_5
EN-B2-01245,B2,63,insufficient,adjective,불충분한,CEFRJ_1_5
EN-B2-01246,B2,63,insult,noun,모욕,CEFRJ_1_5
EN-B2-01247,B2,63,insult,verb,모욕하다,CEFRJ_1_5
EN-B2-01248,B2,63,integrate,verb,통합하다,CEFRJ_1_5
EN-B2-01249,B2,63,intellectual,adjective,지적인,CEFRJ_1_5
EN-B2-01250,B2,63,intellectual,noun,지식인,CEFRJ_1_5
EN-B2-01251,B2,63,intent,adjective,열중하는; 결심한,CEFRJ_1_5
EN-B2-01252,B2,63,interactive,adjective,상호작용하는,CEFRJ_1_5
EN-B2-01253,B2,63,interfere,verb,방해하다; 간섭하다,CEFRJ_1_5
EN-B2-01254,B2,63,interior,noun,내부,CEFRJ_1_5
EN-B2-01255,B2,63,interpersonal,adjective,대인 관계의,CEFRJ_1_5
EN-B2-01256,B2,63,interpret,verb,해석하다; 통역하다,CEFRJ_1_5
EN-B2-01257,B2,63,interpretation,noun,해석; 통역,CEFRJ_1_5
EN-B2-01258,B2,63,interpreter,noun,통역사,CEFRJ_1_5
EN-B2-01259,B2,63,interruption,noun,중단; 방해,CEFRJ_1_5
EN-B2-01260,B2,63,intersection,noun,교차로,CEFRJ_1_5
EN-B2-01261,B2,64,intimate,adjective,친밀한,CEFRJ_1_5
EN-B2-01262,B2,64,intransitive,adjective,자동사의,CEFRJ_1_5
EN-B2-01263,B2,64,intravenous,adjective,정맥 내의,CEFRJ_1_5
EN-B2-01264,B2,64,intrude,verb,침범하다; 방해하다,CEFRJ_1_5
EN-B2-01265,B2,64,intruder,noun,침입자,CEFRJ_1_5
EN-B2-01266,B2,64,intrusion,noun,침입; 방해,CEFRJ_1_5
EN-B2-01267,B2,64,invariable,adjective,변하지 않는,CEFRJ_1_5
EN-B2-01268,B2,64,invariably,adverb,변함없이,CEFRJ_1_5
EN-B2-01269,B2,64,inventor,noun,발명가,CEFRJ_1_5
EN-B2-01270,B2,64,inverted commas,noun,따옴표,CEFRJ_1_5
EN-B2-01271,B2,64,investigate,verb,조사하다,CEFRJ_1_5
EN-B2-01272,B2,64,investigator,noun,조사관,CEFRJ_1_5
EN-B2-01273,B2,64,investment,noun,투자,CEFRJ_1_5
EN-B2-01274,B2,64,investor,noun,투자자,CEFRJ_1_5
EN-B2-01275,B2,64,invisible,adjective,보이지 않는,CEFRJ_1_5
EN-B2-01276,B2,64,invitingly,adverb,매력적으로,CEFRJ_1_5
EN-B2-01277,B2,64,invoke,verb,호소하다; (법 등을) 적용하다,CEFRJ_1_5
EN-B2-01278,B2,64,involvement,noun,참여; 관련,CEFRJ_1_5
EN-B2-01279,B2,64,ironically,adverb,반어적으로; 얄궂게도,CEFRJ_1_5
EN-B2-01280,B2,64,irrational,adjective,"비이성적인, 불합리한",CEFRJ_1_5
EN-B2-01281,B2,65,irresistible,adjective,"저항할 수 없는, 억누를 수 없는",CEFRJ_1_5
EN-B2-01282,B2,65,irresistibly,adverb,"저항할 수 없게, 억누를 수 없게",CEFRJ_1_5
EN-B2-01283,B2,65,irresponsible,adjective,무책임한,CEFRJ_1_5
EN-B2-01284,B2,65,irritated,adjective,"짜증이 난, 화가 난",CEFRJ_1_5
EN-B2-01285,B2,65,irritating,adjective,"짜증나게 하는, 거슬리는",CEFRJ_1_5
EN-B2-01286,B2,65,irritation,noun,"짜증, 성가심",CEFRJ_1_5
EN-B2-01287,B2,65,islander,noun,섬 주민,CEFRJ_1_5
EN-B2-01288,B2,65,issue,verb,"발행하다, 발표하다",CEFRJ_1_5
EN-B2-01289,B2,65,italicize/italicise,verb,이탤릭체로 쓰다,CEFRJ_1_5
EN-B2-01290,B2,65,itch,verb,"가렵다, 가렵게 하다",CEFRJ_1_5
EN-B2-01291,B2,65,jam,verb,"쑤셔 넣다, 고장 나게 하다",CEFRJ_1_5
EN-B2-01292,B2,65,jaw,noun,턱,CEFRJ_1_5
EN-B2-01293,B2,65,jealously,adverb,"질투하여, 시기하여",CEFRJ_1_5
EN-B2-01294,B2,65,jeopardize/jeopardise,verb,"위태롭게 하다, 위험에 빠뜨리다",CEFRJ_1_5
EN-B2-01295,B2,65,jeweler/jeweller,noun,보석상,CEFRJ_1_5
EN-B2-01296,B2,65,jog,noun,조깅,CEFRJ_1_5
EN-B2-01297,B2,65,joint,noun,"관절, 이음매",CEFRJ_1_5
EN-B2-01298,B2,65,journalism,noun,"저널리즘, 언론 활동",CEFRJ_1_5
EN-B2-01299,B2,65,judo,noun,유도,CEFRJ_1_5
EN-B2-01300,B2,65,jump,noun,"도약, 점프",CEFRJ_1_5
EN-B2-01301,B2,66,junk food,noun,"정크 푸드, 인스턴트 식품",CEFRJ_1_5
EN-B2-01302,B2,66,juror,noun,배심원,CEFRJ_1_5
EN-B2-01303,B2,66,jury,noun,배심원단,CEFRJ_1_5
EN-B2-01304,B2,66,justify,verb,정당화하다,CEFRJ_1_5
EN-B2-01305,B2,66,kangaroo,noun,캥거루,CEFRJ_1_5
EN-B2-01306,B2,66,karaoke,noun,"가라오케, 노래방",CEFRJ_1_5
EN-B2-01307,B2,66,keen,adjective,"열렬한, 예리한",CEFRJ_1_5
EN-B2-01308,B2,66,keeper,noun,"관리자, 보관자",CEFRJ_1_5
EN-B2-01309,B2,66,kerosene,noun,등유,CEFRJ_1_5
EN-B2-01310,B2,66,keystroke,noun,키 입력,CEFRJ_1_5
EN-B2-01311,B2,66,kneel,verb,무릎을 꿇다,CEFRJ_1_5
EN-B2-01312,B2,66,knot,noun,매듭,CEFRJ_1_5
EN-B2-01313,B2,66,knowingly,adverb,"알고 있다는 듯이, 짐짓",CEFRJ_1_5
EN-B2-01314,B2,66,known,adjective,"알려진, 유명한",CEFRJ_1_5
EN-B2-01315,B2,66,label,noun,"라벨, 표",CEFRJ_1_5
EN-B2-01316,B2,66,laborer/labourer,noun,노동자,CEFRJ_1_5
EN-B2-01317,B2,66,lack,verb,~이 부족하다,CEFRJ_1_5
EN-B2-01318,B2,66,lame,adjective,"절뚝거리는, 설득력이 없는",CEFRJ_1_5
EN-B2-01319,B2,66,lance,noun,"창, 랜스",CEFRJ_1_5
EN-B2-01320,B2,66,landing,noun,"착륙, 착지",CEFRJ_1_5
EN-B2-01321,B2,67,landlady,noun,여주인,CEFRJ_1_5
EN-B2-01322,B2,67,landslide,noun,산사태,CEFRJ_1_5
EN-B2-01323,B2,67,lap,noun,"무릎, 한 바퀴",CEFRJ_1_5
EN-B2-01324,B2,67,laptop,noun,노트북 컴퓨터,CEFRJ_1_5
EN-B2-01325,B2,67,lark,noun,"장난, 유희",CEFRJ_1_5
EN-B2-01326,B2,67,laser,noun,레이저,CEFRJ_1_5
EN-B2-01327,B2,67,last minute,noun,마지막 순간,CEFRJ_1_5
EN-B2-01328,B2,67,lastly,adverb,마지막으로,CEFRJ_1_5
EN-B2-01329,B2,67,last-minute,adjective,"마지막 순간의, 임박한",CEFRJ_1_5
EN-B2-01330,B2,67,later,adjective,"더 나중의, 후자의",CEFRJ_1_5
EN-B2-01331,B2,67,latter,adjective,후자의,CEFRJ_1_5
EN-B2-01332,B2,67,laundry,noun,세탁물,CEFRJ_1_5
EN-B2-01333,B2,67,lava,noun,용암,CEFRJ_1_5
EN-B2-01334,B2,67,lawmaker,noun,"입법자, 국회의원",CEFRJ_1_5
EN-B2-01335,B2,67,lawn,noun,잔디밭,CEFRJ_1_5
EN-B2-01336,B2,67,lawsuit,noun,소송,CEFRJ_1_5
EN-B2-01337,B2,67,layabout,noun,게으름뱅이,CEFRJ_1_5
EN-B2-01338,B2,67,leaflet,noun,전단지,CEFRJ_1_5
EN-B2-01339,B2,67,leak,noun,"누출, 새는 곳",CEFRJ_1_5
EN-B2-01340,B2,67,leak,verb,"누설하다, 새다",CEFRJ_1_5
EN-B2-01341,B2,68,lean,verb,"기대다, 기울이다",CEFRJ_1_5
EN-B2-01342,B2,68,leap,noun,"도약, 급증",CEFRJ_1_5
EN-B2-01343,B2,68,learning,noun,"학습, 배움",CEFRJ_1_5
EN-B2-01344,B2,68,lease,noun,임대차 계약,CEFRJ_1_5
EN-B2-01345,B2,68,leash,noun,"가죽끈, 목줄",CEFRJ_1_5
EN-B2-01346,B2,68,least,pronoun,가장 적은 것,CEFRJ_1_5
EN-B2-01347,B2,68,lecturer,noun,강사,CEFRJ_1_5
EN-B2-01348,B2,68,leek,noun,부추,CEFRJ_1_5
EN-B2-01349,B2,68,legend,noun,전설,CEFRJ_1_5
EN-B2-01350,B2,68,legendary,adjective,전설적인,CEFRJ_1_5
EN-B2-01351,B2,68,legislate,verb,법률을 제정하다,CEFRJ_1_5
EN-B2-01352,B2,68,legislation,noun,"법률, 입법",CEFRJ_1_5
EN-B2-01353,B2,68,legislative,adjective,입법의,CEFRJ_1_5
EN-B2-01354,B2,68,legislator,noun,입법자,CEFRJ_1_5
EN-B2-01355,B2,68,legislature,noun,입법부,CEFRJ_1_5
EN-B2-01356,B2,68,legitimate,adjective,"타당한, 합법적인",CEFRJ_1_5
EN-B2-01357,B2,68,leisurely,adverb,"한가롭게, 여유 있게",CEFRJ_1_5
EN-B2-01358,B2,68,lengthen,verb,"길게 하다, 늘이다",CEFRJ_1_5
EN-B2-01359,B2,68,lengthy,adjective,"긴, 장황한",CEFRJ_1_5
EN-B2-01360,B2,68,leopard,noun,표범,CEFRJ_1_5
EN-B2-01361,B2,69,lest,conjunction,~하지 않도록,CEFRJ_1_5
EN-B2-01362,B2,69,level,verb,"평평하게 하다, 수평을 맞추다",CEFRJ_1_5
EN-B2-01363,B2,69,liberal,adjective,"자유주의의, 관대한",CEFRJ_1_5
EN-B2-01364,B2,69,lick,verb,핥다,CEFRJ_1_5
EN-B2-01365,B2,69,lid,noun,뚜껑,CEFRJ_1_5
EN-B2-01366,B2,69,lifeless,adjective,"생명 없는, 활기 없는",CEFRJ_1_5
EN-B2-01367,B2,69,lifetime,noun,"일생, 평생",CEFRJ_1_5
EN-B2-01368,B2,69,lighten,verb,"밝게 하다, 가볍게 하다",CEFRJ_1_5
EN-B2-01369,B2,69,lighting,noun,조명,CEFRJ_1_5
EN-B2-01370,B2,69,likewise,adverb,"마찬가지로, 똑같이",CEFRJ_1_5
EN-B2-01371,B2,69,limb,noun,"팔다리, 사지",CEFRJ_1_5
EN-B2-01372,B2,69,line,verb,"줄을 서다, 안감을 대다",CEFRJ_1_5
EN-B2-01373,B2,69,linen,noun,"리넨, 아마포",CEFRJ_1_5
EN-B2-01374,B2,69,liner,noun,정기 여객선,CEFRJ_1_5
EN-B2-01375,B2,69,ling,noun,대구류 물고기,CEFRJ_1_5
EN-B2-01376,B2,69,linger,verb,"남아 있다, 서성거리다",CEFRJ_1_5
EN-B2-01377,B2,69,list,verb,목록에 올리다,CEFRJ_1_5
EN-B2-01378,B2,69,listener,noun,청취자,CEFRJ_1_5
EN-B2-01379,B2,69,literal,adjective,"문자 그대로의, 직역의",CEFRJ_1_5
EN-B2-01380,B2,69,literally,adverb,말 그대로; 사실상,CEFRJ_1_5
EN-B2-01381,B2,70,litter,noun,쓰레기; 어질러진 것,CEFRJ_1_5
EN-B2-01382,B2,70,living,noun,생활; 생계,CEFRJ_1_5
EN-B2-01383,B2,70,load,verb,짐을 싣다; 장전하다,CEFRJ_1_5
EN-B2-01384,B2,70,loan,noun,대출; 빌려줌,CEFRJ_1_5
EN-B2-01385,B2,70,lobby,noun,로비; 휴게실,CEFRJ_1_5
EN-B2-01386,B2,70,loneliness,noun,외로움,CEFRJ_1_5
EN-B2-01387,B2,70,long-distance,adjective,장거리의,CEFRJ_1_5
EN-B2-01388,B2,70,long-term,adjective,장기적인,CEFRJ_1_5
EN-B2-01389,B2,70,loosely,adverb,느슨하게; 대략적으로,CEFRJ_1_5
EN-B2-01390,B2,70,lousy,adjective,형편없는,CEFRJ_1_5
EN-B2-01391,B2,70,lower,verb,낮추다; 내리다,CEFRJ_1_5
EN-B2-01392,B2,70,lowland,noun,저지대,CEFRJ_1_5
EN-B2-01393,B2,70,lucrative,adjective,수익성이 좋은,CEFRJ_1_5
EN-B2-01394,B2,70,lush,adjective,무성한; 호화로운,CEFRJ_1_5
EN-B2-01395,B2,70,luxurious,adjective,호화로운; 사치스러운,CEFRJ_1_5
EN-B2-01396,B2,70,luxury,adjective,사치의; 고급의,CEFRJ_1_5
EN-B2-01397,B2,70,lyrics,noun,가사,CEFRJ_1_5
EN-B2-01398,B2,70,madam,noun,부인; 마담,CEFRJ_1_5
EN-B2-01399,B2,70,madame,noun,부인; 마담,CEFRJ_1_5
EN-B2-01400,B2,70,madness,noun,광기; 정신 이상,CEFRJ_1_5
EN-B2-01401,B2,71,maestro,noun,거장; 명연주자,CEFRJ_1_5
EN-B2-01402,B2,71,magnify,verb,확대하다; 과장하다,CEFRJ_1_5
EN-B2-01403,B2,71,major,noun,전공; 주요한 것,CEFRJ_1_5
EN-B2-01404,B2,71,make,noun,제조; 종류,CEFRJ_1_5
EN-B2-01405,B2,71,malady,noun,병폐; 질병,CEFRJ_1_5
EN-B2-01406,B2,71,malaria,noun,말라리아,CEFRJ_1_5
EN-B2-01407,B2,71,mama/mamma,noun,엄마,CEFRJ_1_5
EN-B2-01408,B2,71,mango,noun,망고,CEFRJ_1_5
EN-B2-01409,B2,71,manipulate,verb,조종하다; 조작하다,CEFRJ_1_5
EN-B2-01410,B2,71,mansion,noun,대저택,CEFRJ_1_5
EN-B2-01411,B2,71,manual,adjective,수동의; 육체의,CEFRJ_1_5
EN-B2-01412,B2,71,manual,noun,설명서; 안내서,CEFRJ_1_5
EN-B2-01413,B2,71,manufacture,noun,제조; 생산,CEFRJ_1_5
EN-B2-01414,B2,71,manufacture,verb,제조하다; 생산하다,CEFRJ_1_5
EN-B2-01415,B2,71,manufacturer,noun,제조업자; 제조사,CEFRJ_1_5
EN-B2-01416,B2,71,manufacturing,noun,제조업; 제조,CEFRJ_1_5
EN-B2-01417,B2,71,marathon,noun,마라톤,CEFRJ_1_5
EN-B2-01418,B2,71,margin,noun,여백; 가장자리; 수익률,CEFRJ_1_5
EN-B2-01419,B2,71,marketing,noun,마케팅,CEFRJ_1_5
EN-B2-01420,B2,71,martial art,noun,무술,CEFRJ_1_5
EN-B2-01421,B2,72,mask,noun,마스크; 가면,CEFRJ_1_5
EN-B2-01422,B2,72,mass,noun,덩어리; 대중; 질량,CEFRJ_1_5
EN-B2-01423,B2,72,massacre,noun,대학살,CEFRJ_1_5
EN-B2-01424,B2,72,massage,noun,마사지,CEFRJ_1_5
EN-B2-01425,B2,72,masseur,noun,마사지사,CEFRJ_1_5
EN-B2-01426,B2,72,master,noun,주인; 거장; 석사,CEFRJ_1_5
EN-B2-01427,B2,72,masterpiece,noun,걸작; 명작,CEFRJ_1_5
EN-B2-01428,B2,72,mastery,noun,숙달; 통제,CEFRJ_1_5
EN-B2-01429,B2,72,mate,noun,친구; 짝,CEFRJ_1_5
EN-B2-01430,B2,72,mathematical,adjective,수학의,CEFRJ_1_5
EN-B2-01431,B2,72,mature,adjective,성숙한,CEFRJ_1_5
EN-B2-01432,B2,72,mausoleum,noun,영묘; 묘지,CEFRJ_1_5
EN-B2-01433,B2,72,mean,noun,평균; 중용,CEFRJ_1_5
EN-B2-01434,B2,72,means,noun,수단; 방법,CEFRJ_1_5
EN-B2-01435,B2,72,mechanize/mechanise,verb,기계화하다,CEFRJ_1_5
EN-B2-01436,B2,72,media,noun,매체; 언론,CEFRJ_1_5
EN-B2-01437,B2,72,medication,noun,약물 치료; 약,CEFRJ_1_5
EN-B2-01438,B2,72,medieval/mediaeval,adjective,중세의,CEFRJ_1_5
EN-B2-01439,B2,72,mediocre,adjective,평범한; 썩 좋지 않은,CEFRJ_1_5
EN-B2-01440,B2,72,melody,noun,선율; 멜로디,CEFRJ_1_5
EN-B2-01441,B2,73,memorial,noun,기념비; 기념물,CEFRJ_1_5
EN-B2-01442,B2,73,mentor,noun,멘토; 조언자,CEFRJ_1_5
EN-B2-01443,B2,73,merchandise,noun,상품,CEFRJ_1_5
EN-B2-01444,B2,73,mercy,noun,자비; 관용,CEFRJ_1_5
EN-B2-01445,B2,73,merge,verb,합병하다; 어우러지다,CEFRJ_1_5
EN-B2-01446,B2,73,merger,noun,합병,CEFRJ_1_5
EN-B2-01447,B2,73,mess,verb,엉망으로 만들다,CEFRJ_1_5
EN-B2-01448,B2,73,messenger,noun,전령; 메신저,CEFRJ_1_5
EN-B2-01449,B2,73,metaphor,noun,은유; 비유,CEFRJ_1_5
EN-B2-01450,B2,73,metric,adjective,미터법의,CEFRJ_1_5
EN-B2-01451,B2,73,micro,noun,마이크로; 아주 작은 것,CEFRJ_1_5
EN-B2-01452,B2,73,microbe,noun,미생물,CEFRJ_1_5
EN-B2-01453,B2,73,microcomputer,noun,마이크로컴퓨터,CEFRJ_1_5
EN-B2-01454,B2,73,micrometer/micrometre,noun,마이크로미터,CEFRJ_1_5
EN-B2-01455,B2,73,microorganism,noun,미생물,CEFRJ_1_5
EN-B2-01456,B2,73,microphone,noun,마이크,CEFRJ_1_5
EN-B2-01457,B2,73,microscope,noun,현미경,CEFRJ_1_5
EN-B2-01458,B2,73,microscopic,adjective,현미경으로 봐야 할 정도의; 아주 작은,CEFRJ_1_5
EN-B2-01459,B2,73,microscopy,noun,현미경 검사; 현미경학,CEFRJ_1_5
EN-B2-01460,B2,73,microwave,noun,전자레인지,CEFRJ_1_5
EN-B2-01461,B2,74,midst,noun,중앙; 한가운데,CEFRJ_1_5
EN-B2-01462,B2,74,mighty,adjective,강력한; 힘센,CEFRJ_1_5
EN-B2-01463,B2,74,migration,noun,이주; 이동,CEFRJ_1_5
EN-B2-01464,B2,74,mill,noun,방앗간; 공장,CEFRJ_1_5
EN-B2-01465,B2,74,millimeter/millimetre,noun,밀리미터,CEFRJ_1_5
EN-B2-01466,B2,74,millionaire,noun,백만장자,CEFRJ_1_5
EN-B2-01467,B2,74,mimic,noun,흉내쟁이,CEFRJ_1_5
EN-B2-01468,B2,74,mine,noun,광산; 지뢰,CEFRJ_1_5
EN-B2-01469,B2,74,miniature,adjective,소형의; 축소판의,CEFRJ_1_5
EN-B2-01470,B2,74,minister,noun,장관; 성직자,CEFRJ_1_5
EN-B2-01471,B2,74,mint,noun,박하; 조폐국,CEFRJ_1_5
EN-B2-01472,B2,74,misconception,noun,오해; 잘못된 생각,CEFRJ_1_5
EN-B2-01473,B2,74,misfortune,noun,불운; 불행,CEFRJ_1_5
EN-B2-01474,B2,74,misleading,adjective,오해의 소지가 있는,CEFRJ_1_5
EN-B2-01475,B2,74,missile,noun,미사일,CEFRJ_1_5
EN-B2-01476,B2,74,mist,noun,안개; 박무,CEFRJ_1_5
EN-B2-01477,B2,74,mistreat,verb,학대하다; 혹사하다,CEFRJ_1_5
EN-B2-01478,B2,74,mistrustful,adjective,불신하는; 의심 많은,CEFRJ_1_5
EN-B2-01479,B2,74,misunderstand,verb,오해하다,CEFRJ_1_5
EN-B2-01480,B2,74,mix,noun,혼합; 혼합물,CEFRJ_1_5
EN-B2-01481,B2,75,mixture,noun,혼합물,CEFRJ_1_5
EN-B2-01482,B2,75,mobility,noun,이동성; 유동성,CEFRJ_1_5
EN-B2-01483,B2,75,mock,adjective,가짜의; 모의의,CEFRJ_1_5
EN-B2-01484,B2,75,modernization/modernisation,noun,현대화,CEFRJ_1_5
EN-B2-01485,B2,75,modernize/modernise,verb,현대화하다,CEFRJ_1_5
EN-B2-01486,B2,75,modest,adjective,겸손한; 적당한,CEFRJ_1_5
EN-B2-01487,B2,75,modification,noun,수정; 변경,CEFRJ_1_5
EN-B2-01488,B2,75,mogul,noun,거물,CEFRJ_1_5
EN-B2-01489,B2,75,mold/mould,noun,틀; 곰팡이,CEFRJ_1_5
EN-B2-01490,B2,75,momentarily,adverb,잠시; 순간적으로,CEFRJ_1_5
EN-B2-01491,B2,75,momentary,adjective,순간적인; 찰나의,CEFRJ_1_5
EN-B2-01492,B2,75,monastery,noun,수도원,CEFRJ_1_5
EN-B2-01493,B2,75,moody,adjective,기분 변화가 심한; 침울한,CEFRJ_1_5
EN-B2-01494,B2,75,moonlight,noun,달빛,CEFRJ_1_5
EN-B2-01495,B2,75,moonscape,noun,달 표면 같은 풍경,CEFRJ_1_5
EN-B2-01496,B2,75,moral,adjective,도덕적인,CEFRJ_1_5
EN-B2-01497,B2,75,morality,noun,도덕성,CEFRJ_1_5
EN-B2-01498,B2,75,morally,adverb,도덕적으로,CEFRJ_1_5
EN-B2-01499,B2,75,mortal,adjective,죽을 운명의; 치명적인,CEFRJ_1_5
EN-B2-01500,B2,75,mortar,noun,회반죽; 박격포,CEFRJ_1_5
EN-B2-01501,B2,76,mortgage,noun,담보 대출,CEFRJ_1_5
EN-B2-01502,B2,76,mortify,verb,굴욕감을 주다,CEFRJ_1_5
EN-B2-01503,B2,76,mother-in-law,noun,장모; 시어머니,CEFRJ_1_5
EN-B2-01504,B2,76,motion,noun,운동; 동작; 제안,CEFRJ_1_5
EN-B2-01505,B2,76,motivated,adjective,동기가 부여된,CEFRJ_1_5
EN-B2-01506,B2,76,motorbike,noun,오토바이,CEFRJ_1_5
EN-B2-01507,B2,76,motorist,noun,운전자,CEFRJ_1_5
EN-B2-01508,B2,76,mount,verb,올라타다; 증가하다,CEFRJ_1_5
EN-B2-01509,B2,76,mournful,adjective,슬픈; 애처로운,CEFRJ_1_5
EN-B2-01510,B2,76,mover,noun,이삿짐 운반업자; 움직이는 사람; 일을 주도하는 사람,CEFRJ_1_5
EN-B2-01511,B2,76,moving,adjective,감동적인,CEFRJ_1_5
EN-B2-01512,B2,76,muddy,adjective,진흙투성이의,CEFRJ_1_5
EN-B2-01513,B2,76,multiple,adjective,다수의; 복합적인,CEFRJ_1_5
EN-B2-01514,B2,76,multiply,verb,곱하다; 증식시키다,CEFRJ_1_5
EN-B2-01515,B2,76,mumble,noun,웅얼거림,CEFRJ_1_5
EN-B2-01516,B2,76,mumble,verb,웅얼거리다,CEFRJ_1_5
EN-B2-01517,B2,76,murmur,noun,중얼거림; 속삭임,CEFRJ_1_5
EN-B2-01518,B2,76,muse,verb,사색하다,CEFRJ_1_5
EN-B2-01519,B2,76,musical,noun,뮤지컬,CEFRJ_1_5
EN-B2-01520,B2,76,mustache/moustache,noun,콧수염,CEFRJ_1_5
EN-B2-01521,B2,77,mutability,noun,변하기 쉬움,CEFRJ_1_5
EN-B2-01522,B2,77,mutable,adjective,변하기 쉬운,CEFRJ_1_5
EN-B2-01523,B2,77,mutter,noun,중얼거림,CEFRJ_1_5
EN-B2-01524,B2,77,mutter,verb,중얼거리다,CEFRJ_1_5
EN-B2-01525,B2,77,mutton,noun,양고기,CEFRJ_1_5
EN-B2-01526,B2,77,mystify,verb,어리둥절하게 하다,CEFRJ_1_5
EN-B2-01527,B2,77,nano,noun,나노,CEFRJ_1_5
EN-B2-01528,B2,77,narcissistic,adjective,자기애적인,CEFRJ_1_5
EN-B2-01529,B2,77,narrator,noun,내레이터; 해설자,CEFRJ_1_5
EN-B2-01530,B2,77,narrowly,adverb,가까스로; 좁게,CEFRJ_1_5
EN-B2-01531,B2,77,nationwide,adjective,전국적인,CEFRJ_1_5
EN-B2-01532,B2,77,nationwide,adverb,전국적으로,CEFRJ_1_5
EN-B2-01533,B2,77,native speaker,noun,원어민,CEFRJ_1_5
EN-B2-01534,B2,77,naughty,adjective,버릇없는; 장난꾸러기인,CEFRJ_1_5
EN-B2-01535,B2,77,naval,adjective,해군의,CEFRJ_1_5
EN-B2-01536,B2,77,navigate,verb,항해하다; 길을 찾다,CEFRJ_1_5
EN-B2-01537,B2,77,navigation,noun,항해; 내비게이션,CEFRJ_1_5
EN-B2-01538,B2,77,navy,noun,해군,CEFRJ_1_5
EN-B2-01539,B2,77,neat,adjective,깔끔한; 단정한,CEFRJ_1_5
EN-B2-01540,B2,77,necessarily,adverb,필연적으로; 반드시,CEFRJ_1_5
EN-B2-01541,B2,78,necessity,noun,필요성,CEFRJ_1_5
EN-B2-01542,B2,78,need,noun,필요; 욕구,CEFRJ_1_5
EN-B2-01543,B2,78,needless,adjective,불필요한,CEFRJ_1_5
EN-B2-01544,B2,78,needy,adjective,가난한; 궁핍한,CEFRJ_1_5
EN-B2-01545,B2,78,negatively,adverb,부정적으로,CEFRJ_1_5
EN-B2-01546,B2,78,neglect,noun,방치; 태만,CEFRJ_1_5
EN-B2-01547,B2,78,neighboring/neighbouring,adjective,인접한; 이웃의,CEFRJ_1_5
EN-B2-01548,B2,78,neither,adverb,~도 또한 아니다,CEFRJ_1_5
EN-B2-01549,B2,78,neither,conjunction,어느 쪽도 아닌,CEFRJ_1_5
EN-B2-01550,B2,78,neither,determiner,어느 쪽도 아닌,CEFRJ_1_5
EN-B2-01551,B2,78,neither,pronoun,어느 쪽도 아닌 것,CEFRJ_1_5
EN-B2-01552,B2,78,nerve,noun,신경; 용기,CEFRJ_1_5
EN-B2-01553,B2,78,nerves,noun,신경과민; 긴장,CEFRJ_1_5
EN-B2-01554,B2,78,nervously,adverb,신경질적으로,CEFRJ_1_5
EN-B2-01555,B2,78,netsurfer/net surfer,noun,인터넷 사용자,CEFRJ_1_5
EN-B2-01556,B2,78,neurosis,noun,신경증,CEFRJ_1_5
EN-B2-01557,B2,78,newscaster,noun,뉴스 진행자,CEFRJ_1_5
EN-B2-01558,B2,78,newsworthy,adjective,뉴스 가치가 있는,CEFRJ_1_5
EN-B2-01559,B2,78,next,pronoun,다음 사람; 다음 것,CEFRJ_1_5
EN-B2-01560,B2,78,nicely,adverb,멋지게; 친절하게,CEFRJ_1_5
EN-B2-01561,B2,79,nightclub,noun,나이트클럽,CEFRJ_1_5
EN-B2-01562,B2,79,nightmare,noun,악몽,CEFRJ_1_5
EN-B2-01563,B2,79,nobility,noun,귀족,CEFRJ_1_5
EN-B2-01564,B2,79,noble,adjective,고귀한; 숭고한,CEFRJ_1_5
EN-B2-01565,B2,79,nobleman,noun,귀족,CEFRJ_1_5
EN-B2-01566,B2,79,nod,verb,끄덕이다,CEFRJ_1_5
EN-B2-01567,B2,79,nomad,noun,유목민,CEFRJ_1_5
EN-B2-01568,B2,79,nomination,noun,지명; 추천,CEFRJ_1_5
EN-B2-01569,B2,79,nominee,noun,지명된 사람; 후보자,CEFRJ_1_5
EN-B2-01570,B2,79,nonprofessional,adjective,비전문적인,CEFRJ_1_5
EN-B2-01571,B2,79,non-smoking,adjective,금연의,CEFRJ_1_5
EN-B2-01572,B2,79,northward,adverb,북쪽으로,CEFRJ_1_5
EN-B2-01573,B2,79,nostril,noun,콧구멍,CEFRJ_1_5
EN-B2-01574,B2,79,nought,noun,영; 무,CEFRJ_1_5
EN-B2-01575,B2,79,nourish,verb,영양분을 주다; 기르다,CEFRJ_1_5
EN-B2-01576,B2,79,nourishment,noun,영양분; 음식물,CEFRJ_1_5
EN-B2-01577,B2,79,novelty,noun,참신함; 신기한 것,CEFRJ_1_5
EN-B2-01578,B2,79,now,conjunction,이제 ~이므로,CEFRJ_1_5
EN-B2-01579,B2,79,nuisance,noun,골칫거리; 성가신 존재,CEFRJ_1_5
EN-B2-01580,B2,79,numerical,adjective,"수의, 수와 관련된",CEFRJ_1_5
EN-B2-01581,B2,80,nursery,noun,"어린이집, 유치원",CEFRJ_1_5
EN-B2-01582,B2,80,nut,noun,"견과류, 너트",CEFRJ_1_5
EN-B2-01583,B2,80,nutshell,noun,"아주 간략하게, 요점",CEFRJ_1_5
EN-B2-01584,B2,80,oath,noun,"맹세, 서약",CEFRJ_1_5
EN-B2-01585,B2,80,obedience,noun,"복종, 순종",CEFRJ_1_5
EN-B2-01586,B2,80,obedient,adjective,"복종하는, 순종적인",CEFRJ_1_5
EN-B2-01587,B2,80,obey,verb,"복종하다, 따르다",CEFRJ_1_5
EN-B2-01588,B2,80,obituary,noun,부고,CEFRJ_1_5
EN-B2-01589,B2,80,object,verb,반대하다,CEFRJ_1_5
EN-B2-01590,B2,80,objective,adjective,객관적인,CEFRJ_1_5
EN-B2-01591,B2,80,obligation,noun,"의무, 책임",CEFRJ_1_5
EN-B2-01592,B2,80,observer,noun,"관찰자, 감시자",CEFRJ_1_5
EN-B2-01593,B2,80,obsess,verb,"사로잡히다, 강박을 느끼다",CEFRJ_1_5
EN-B2-01594,B2,80,obsession,noun,"강박, 집착",CEFRJ_1_5
EN-B2-01595,B2,80,obsessive,adjective,"강박적인, 집착하는",CEFRJ_1_5
EN-B2-01596,B2,80,odd,adjective,"이상한, 홀수의",CEFRJ_1_5
EN-B2-01597,B2,80,offend,verb,"기분 상하게 하다, 불쾌하게 하다",CEFRJ_1_5
EN-B2-01598,B2,80,offender,noun,"범죄자, 위반자",CEFRJ_1_5
EN-B2-01599,B2,80,offense/offence,noun,"범죄, 위반; 불쾌감",CEFRJ_1_5
EN-B2-01600,B2,80,offhand,adverb,"즉석에서, 준비 없이",CEFRJ_1_5
EN-B2-01601,B2,81,official,noun,"공무원, 임원",CEFRJ_1_5
EN-B2-01602,B2,81,offshore,adjective,"해안에서 떨어진, 연안의",CEFRJ_1_5
EN-B2-01603,B2,81,ointment,noun,연고,CEFRJ_1_5
EN-B2-01604,B2,81,olive,noun,올리브,CEFRJ_1_5
EN-B2-01605,B2,81,Olympia,noun,올림피아,CEFRJ_1_5
EN-B2-01606,B2,81,Olympiad,noun,올림픽 경기 대회,CEFRJ_1_5
EN-B2-01607,B2,81,once,conjunction,일단 ~하면,CEFRJ_1_5
EN-B2-01608,B2,81,openly,adverb,"공공연하게, 터놓고",CEFRJ_1_5
EN-B2-01609,B2,81,operator,noun,"운영자, 교환원",CEFRJ_1_5
EN-B2-01610,B2,81,opponent,noun,"상대, 반대자",CEFRJ_1_5
EN-B2-01611,B2,81,optimism,noun,낙관주의,CEFRJ_1_5
EN-B2-01612,B2,81,optimist,noun,낙관주의자,CEFRJ_1_5
EN-B2-01613,B2,81,optimistic,adjective,낙관적인,CEFRJ_1_5
EN-B2-01614,B2,81,optional,adjective,"선택적인, 임의의",CEFRJ_1_5
EN-B2-01615,B2,81,oral,adjective,"구두의, 입의",CEFRJ_1_5
EN-B2-01616,B2,81,orator,noun,연설가,CEFRJ_1_5
EN-B2-01617,B2,81,orchestral,adjective,관현악의,CEFRJ_1_5
EN-B2-01618,B2,81,orchid,noun,난초,CEFRJ_1_5
EN-B2-01619,B2,81,organizer/organiser,noun,"조직자, 주최자",CEFRJ_1_5
EN-B2-01620,B2,81,original,noun,"원작, 원본",CEFRJ_1_5
EN-B2-01621,B2,82,originality,noun,독창성,CEFRJ_1_5
EN-B2-01622,B2,82,originally,adverb,"원래, 본래",CEFRJ_1_5
EN-B2-01623,B2,82,originate,verb,"비롯되다, 유래하다",CEFRJ_1_5
EN-B2-01624,B2,82,ornament,noun,장식품,CEFRJ_1_5
EN-B2-01625,B2,82,ounce,noun,온스,CEFRJ_1_5
EN-B2-01626,B2,82,outback,noun,"오지, 미개척지",CEFRJ_1_5
EN-B2-01627,B2,82,outbreak,noun,"발발, 발생",CEFRJ_1_5
EN-B2-01628,B2,82,outcome,noun,"결과, 성과",CEFRJ_1_5
EN-B2-01629,B2,82,outdistance,verb,훨씬 앞서다,CEFRJ_1_5
EN-B2-01630,B2,82,outdo,verb,능가하다,CEFRJ_1_5
EN-B2-01631,B2,82,outfit,noun,"옷, 복장; 장비",CEFRJ_1_5
EN-B2-01632,B2,82,outgrow,verb,"다 자라 벗어나다, 졸업하다",CEFRJ_1_5
EN-B2-01633,B2,82,outing,noun,"외출, 소풍",CEFRJ_1_5
EN-B2-01634,B2,82,outlet,noun,"배출구, 콘센트, 할인점",CEFRJ_1_5
EN-B2-01635,B2,82,outline,noun,"개요, 윤곽",CEFRJ_1_5
EN-B2-01636,B2,82,outlive,verb,더 오래 살다,CEFRJ_1_5
EN-B2-01637,B2,82,outlook,noun,"전망, 견해",CEFRJ_1_5
EN-B2-01638,B2,82,outpatient,noun,외래 환자,CEFRJ_1_5
EN-B2-01639,B2,82,output,noun,"생산량, 출력",CEFRJ_1_5
EN-B2-01640,B2,82,outrage,noun,"격분, 분노",CEFRJ_1_5
EN-B2-01641,B2,83,outrageous,adjective,"터무니없는, 아주 충격적인",CEFRJ_1_5
EN-B2-01642,B2,83,outshine,verb,훨씬 뛰어나다,CEFRJ_1_5
EN-B2-01643,B2,83,outside,adjective,"외부의, 바깥의",CEFRJ_1_5
EN-B2-01644,B2,83,outside,noun,"외부, 바깥쪽",CEFRJ_1_5
EN-B2-01645,B2,83,outsider,noun,외부인,CEFRJ_1_5
EN-B2-01646,B2,83,outskirts,noun,"교외, 변두리",CEFRJ_1_5
EN-B2-01647,B2,83,outwardly,adverb,"겉보기에는, 외관상으로",CEFRJ_1_5
EN-B2-01648,B2,83,oval,adjective,타원형의,CEFRJ_1_5
EN-B2-01649,B2,83,overall,adjective,"전반적인, 종합적인",CEFRJ_1_5
EN-B2-01650,B2,83,overall,adverb,"전반적으로, 대체로",CEFRJ_1_5
EN-B2-01651,B2,83,overboard,adverb,"배 밖으로, 지나쳐서",CEFRJ_1_5
EN-B2-01652,B2,83,overbook,verb,예약을 초과해서 받다,CEFRJ_1_5
EN-B2-01653,B2,83,overcoat,noun,"외투, 코트",CEFRJ_1_5
EN-B2-01654,B2,83,overemphasize/overemphasise,verb,지나치게 강조하다,CEFRJ_1_5
EN-B2-01655,B2,83,overestimate,verb,과대평가하다,CEFRJ_1_5
EN-B2-01656,B2,83,overhear,verb,"우연히 듣다, 엿듣다",CEFRJ_1_5
EN-B2-01657,B2,83,overlap,noun,"중복, 겹침",CEFRJ_1_5
EN-B2-01658,B2,83,overlook,verb,"간과하다, 못 보고 넘어가다",CEFRJ_1_5
EN-B2-01659,B2,83,overly,adverb,"지나치게, 너무",CEFRJ_1_5
EN-B2-01660,B2,83,overseas,adjective,해외의,CEFRJ_1_5
EN-B2-01661,B2,84,overshadow,verb,"빛을 잃게 하다, 무색하게 하다",CEFRJ_1_5
EN-B2-01662,B2,84,oversize,adjective,특대형의,CEFRJ_1_5
EN-B2-01663,B2,84,overstep,verb,"선을 넘다, 도를 넘다",CEFRJ_1_5
EN-B2-01664,B2,84,overtake,verb,"추월하다, 앞지르다",CEFRJ_1_5
EN-B2-01665,B2,84,overthrow,verb,"타도하다, 전복시키다",CEFRJ_1_5
EN-B2-01666,B2,84,overtime,adverb,"시간 외에, 초과 근무로",CEFRJ_1_5
EN-B2-01667,B2,84,overtime,noun,"초과 근무, 시간 외 근무",CEFRJ_1_5
EN-B2-01668,B2,84,overturn,verb,"뒤집다, 전복시키다",CEFRJ_1_5
EN-B2-01669,B2,84,ow,noun,"아픔, 고통",CEFRJ_1_5
EN-B2-01670,B2,84,owing to,preposition,~때문에,CEFRJ_1_5
EN-B2-01671,B2,84,owl,noun,"올빼미, 부엉이",CEFRJ_1_5
EN-B2-01672,B2,84,ox,noun,"황소, 소",CEFRJ_1_5
EN-B2-01673,B2,84,ozone,noun,오존,CEFRJ_1_5
EN-B2-01674,B2,84,pa,noun,아빠,CEFRJ_1_5
EN-B2-01675,B2,84,packed,adjective,"꽉 찬, 붐비는",CEFRJ_1_5
EN-B2-01676,B2,84,packet,noun,"작은 꾸러미, 소포",CEFRJ_1_5
EN-B2-01677,B2,84,pad,noun,"패드, 메모장",CEFRJ_1_5
EN-B2-01678,B2,84,paintbrush,noun,페인트 붓,CEFRJ_1_5
EN-B2-01679,B2,84,pajamas/pyjamas,noun,잠옷,CEFRJ_1_5
EN-B2-01680,B2,84,pallet,noun,팔레트; 화물 운반대,CEFRJ_1_5
EN-B2-01681,B2,85,pancake,noun,팬케이크,CEFRJ_1_5
EN-B2-01682,B2,85,pandemic,adjective,전염병이 만연한,CEFRJ_1_5
EN-B2-01683,B2,85,panel,noun,패널; 판; 토론단,CEFRJ_1_5
EN-B2-01684,B2,85,panic,verb,공황 상태에 빠지다,CEFRJ_1_5
EN-B2-01685,B2,85,papaya,noun,파파야,CEFRJ_1_5
EN-B2-01686,B2,85,paperless,adjective,종이를 사용하지 않는,CEFRJ_1_5
EN-B2-01687,B2,85,paperwork,noun,서류 작업,CEFRJ_1_5
EN-B2-01688,B2,85,parade,noun,퍼레이드; 행진,CEFRJ_1_5
EN-B2-01689,B2,85,paradox,noun,역설,CEFRJ_1_5
EN-B2-01690,B2,85,paralysis,noun,마비,CEFRJ_1_5
EN-B2-01691,B2,85,paramedic,adjective,구급 의료의,CEFRJ_1_5
EN-B2-01692,B2,85,paratrooper,noun,공수부대원,CEFRJ_1_5
EN-B2-01693,B2,85,parliament,noun,의회,CEFRJ_1_5
EN-B2-01694,B2,85,part,verb,헤어지다; 갈라지다,CEFRJ_1_5
EN-B2-01695,B2,85,participation,noun,참여; 참가,CEFRJ_1_5
EN-B2-01696,B2,85,particle,noun,입자; 미립자,CEFRJ_1_5
EN-B2-01697,B2,85,particular,adjective,특정한; 특별한,CEFRJ_1_5
EN-B2-01698,B2,85,partisan,noun,당파적인 사람; 열렬한 지지자,CEFRJ_1_5
EN-B2-01699,B2,85,partnership,noun,동반자 관계; 협력,CEFRJ_1_5
EN-B2-01700,B2,85,passionate,adjective,열정적인,CEFRJ_1_5
EN-B2-01701,B2,86,passionately,adverb,열정적으로,CEFRJ_1_5
EN-B2-01702,B2,86,pastor,noun,목사,CEFRJ_1_5
EN-B2-01703,B2,86,pastoral,adjective,목가적인; 전원생활의,CEFRJ_1_5
EN-B2-01704,B2,86,patch,noun,덧대; 조각; 헝겊 조각,CEFRJ_1_5
EN-B2-01705,B2,86,patiently,adverb,참을성 있게,CEFRJ_1_5
EN-B2-01706,B2,86,patriot,noun,애국자,CEFRJ_1_5
EN-B2-01707,B2,86,patriotic,adjective,애국적인,CEFRJ_1_5
EN-B2-01708,B2,86,patriotism,noun,애국심,CEFRJ_1_5
EN-B2-01709,B2,86,patron,noun,후원자; 단골,CEFRJ_1_5
EN-B2-01710,B2,86,pave,verb,포장하다; 길을 닦다,CEFRJ_1_5
EN-B2-01711,B2,86,pavement,noun,보도; 포장 도로,CEFRJ_1_5
EN-B2-01712,B2,86,paw,noun,발; 발바닥,CEFRJ_1_5
EN-B2-01713,B2,86,pawnbroker,noun,전당포 주인,CEFRJ_1_5
EN-B2-01714,B2,86,pawnshop,noun,전당포,CEFRJ_1_5
EN-B2-01715,B2,86,payment,noun,지불; 납부,CEFRJ_1_5
EN-B2-01716,B2,86,peacefully,adverb,평화롭게,CEFRJ_1_5
EN-B2-01717,B2,86,peach,noun,복숭아,CEFRJ_1_5
EN-B2-01718,B2,86,peak,noun,정점; 산봉우리,CEFRJ_1_5
EN-B2-01719,B2,86,pearl,noun,진주,CEFRJ_1_5
EN-B2-01720,B2,86,pebble,noun,조약돌,CEFRJ_1_5
EN-B2-01721,B2,87,pedal,noun,페달,CEFRJ_1_5
EN-B2-01722,B2,87,pedantic,adjective,지나치게 꼼꼼한; 아는 체하는,CEFRJ_1_5
EN-B2-01723,B2,87,pedestrian,noun,보행자,CEFRJ_1_5
EN-B2-01724,B2,87,pee,verb,소변을 보다,CEFRJ_1_5
EN-B2-01725,B2,87,peel,noun,껍질,CEFRJ_1_5
EN-B2-01726,B2,87,peel,verb,껍질을 벗기다,CEFRJ_1_5
EN-B2-01727,B2,87,peep,noun,살짝 엿봄,CEFRJ_1_5
EN-B2-01728,B2,87,peer,noun,동료; 또래,CEFRJ_1_5
EN-B2-01729,B2,87,peg,noun,못; 쐐기,CEFRJ_1_5
EN-B2-01730,B2,87,penalize/penalise,verb,처벌하다; 불이익을 주다,CEFRJ_1_5
EN-B2-01731,B2,87,penalty,noun,처벌; 벌칙,CEFRJ_1_5
EN-B2-01732,B2,87,penetrate,verb,관통하다; 침투하다,CEFRJ_1_5
EN-B2-01733,B2,87,penguin,noun,펭귄,CEFRJ_1_5
EN-B2-01734,B2,87,penicillin,noun,페니실린,CEFRJ_1_5
EN-B2-01735,B2,87,pension,noun,연금,CEFRJ_1_5
EN-B2-01736,B2,87,pentagon,noun,오각형,CEFRJ_1_5
EN-B2-01737,B2,87,perceive,verb,인식하다; 감지하다,CEFRJ_1_5
EN-B2-01738,B2,87,percentage,noun,백분율; 비율,CEFRJ_1_5
EN-B2-01739,B2,87,perception,noun,인식; 지각,CEFRJ_1_5
EN-B2-01740,B2,87,permanence,noun,영구; 영속성,CEFRJ_1_5
EN-B2-01741,B2,88,permeate,verb,스며들다; 퍼지다,CEFRJ_1_5
EN-B2-01742,B2,88,perseverance,noun,인내; 끈기,CEFRJ_1_5
EN-B2-01743,B2,88,persist,verb,고집하다; 지속되다,CEFRJ_1_5
EN-B2-01744,B2,88,persistence,noun,고집; 지속,CEFRJ_1_5
EN-B2-01745,B2,88,persistent,adjective,고집 센; 지속적인,CEFRJ_1_5
EN-B2-01746,B2,88,personification,noun,의인화,CEFRJ_1_5
EN-B2-01747,B2,88,personify,verb,의인화하다,CEFRJ_1_5
EN-B2-01748,B2,88,personnel,noun,인원; 직원,CEFRJ_1_5
EN-B2-01749,B2,88,perspective,noun,관점; 시각,CEFRJ_1_5
EN-B2-01750,B2,88,perspiration,noun,땀,CEFRJ_1_5
EN-B2-01751,B2,88,persuasion,noun,설득,CEFRJ_1_5
EN-B2-01752,B2,88,pessimist,noun,비관론자,CEFRJ_1_5
EN-B2-01753,B2,88,pessimistic,adjective,비관적인,CEFRJ_1_5
EN-B2-01754,B2,88,petrified,adjective,극도로 겁에 질린,CEFRJ_1_5
EN-B2-01755,B2,88,petty,adjective,사소한; 옹졸한,CEFRJ_1_5
EN-B2-01756,B2,88,pH,noun,수소 이온 농도 지수,CEFRJ_1_5
EN-B2-01757,B2,88,pharmacist,noun,약사,CEFRJ_1_5
EN-B2-01758,B2,88,phase,noun,단계; 국면,CEFRJ_1_5
EN-B2-01759,B2,88,philosophical,adjective,철학적인,CEFRJ_1_5
EN-B2-01760,B2,88,photograph,verb,사진을 찍다,CEFRJ_1_5
EN-B2-01761,B2,89,physician,noun,의사,CEFRJ_1_5
EN-B2-01762,B2,89,pi,noun,원주율,CEFRJ_1_5
EN-B2-01763,B2,89,pickle,noun,피클; 절임,CEFRJ_1_5
EN-B2-01764,B2,89,picky,adjective,까다로운,CEFRJ_1_5
EN-B2-01765,B2,89,picture,verb,상상하다; 마음속에 그리다,CEFRJ_1_5
EN-B2-01766,B2,89,picturesque,adjective,그림같이 아름다운,CEFRJ_1_5
EN-B2-01767,B2,89,pillowcase,noun,베개 커버,CEFRJ_1_5
EN-B2-01768,B2,89,pin,noun,핀; 핀으로 고정하다,CEFRJ_1_5
EN-B2-01769,B2,89,pine,noun,소나무,CEFRJ_1_5
EN-B2-01770,B2,89,pint,noun,파인트,CEFRJ_1_5
EN-B2-01771,B2,89,piracy,noun,해적 행위; 저작권 침해,CEFRJ_1_5
EN-B2-01772,B2,89,pirate,noun,해적,CEFRJ_1_5
EN-B2-01773,B2,89,pitch,noun,음의 높이; 투구,CEFRJ_1_5
EN-B2-01774,B2,89,pitch,verb,던지다; 설치하다,CEFRJ_1_5
EN-B2-01775,B2,89,plague,noun,전염병; 재앙,CEFRJ_1_5
EN-B2-01776,B2,89,planning,noun,계획; 기획,CEFRJ_1_5
EN-B2-01777,B2,89,playmate,noun,놀이 친구,CEFRJ_1_5
EN-B2-01778,B2,89,playwright,noun,극작가,CEFRJ_1_5
EN-B2-01779,B2,89,plead,verb,간청하다; 변론하다,CEFRJ_1_5
EN-B2-01780,B2,89,plot,noun,음모; 구성; 도표,CEFRJ_1_5
EN-B2-01781,B2,90,pluck,verb,따다; 뽑다,CEFRJ_1_5
EN-B2-01782,B2,90,plug,verb,꽂다; 메우다,CEFRJ_1_5
EN-B2-01783,B2,90,plum,noun,자두,CEFRJ_1_5
EN-B2-01784,B2,90,plumber,noun,배관공,CEFRJ_1_5
EN-B2-01785,B2,90,plus,noun,더하기; 장점,CEFRJ_1_5
EN-B2-01786,B2,90,pneumonia,noun,폐렴,CEFRJ_1_5
EN-B2-01787,B2,90,point of view,noun,관점,CEFRJ_1_5
EN-B2-01788,B2,90,pointless,adjective,무의미한,CEFRJ_1_5
EN-B2-01789,B2,90,poison,verb,독살하다; 오염시키다,CEFRJ_1_5
EN-B2-01790,B2,90,polar bear,noun,북극곰,CEFRJ_1_5
EN-B2-01791,B2,90,polio,noun,소아마비,CEFRJ_1_5
EN-B2-01792,B2,90,polish,noun,광택제; 닦기,CEFRJ_1_5
EN-B2-01793,B2,90,politeness,noun,공손함,CEFRJ_1_5
EN-B2-01794,B2,90,politically,adverb,정치적으로,CEFRJ_1_5
EN-B2-01795,B2,90,polity,noun,정체; 정치 체제,CEFRJ_1_5
EN-B2-01796,B2,90,polo,noun,폴로,CEFRJ_1_5
EN-B2-01797,B2,90,ponder,verb,숙고하다,CEFRJ_1_5
EN-B2-01798,B2,90,pop,verb,펑 소리가 나다; 튀어나오다,CEFRJ_1_5
EN-B2-01799,B2,90,popularity,noun,인기,CEFRJ_1_5
EN-B2-01800,B2,90,popularize/popularise,verb,대중화하다,CEFRJ_1_5
EN-B2-01801,B2,91,porch,noun,현관,CEFRJ_1_5
EN-B2-01802,B2,91,portion,noun,부분; 1인분,CEFRJ_1_5
EN-B2-01803,B2,91,pose,noun,자세; 포즈,CEFRJ_1_5
EN-B2-01804,B2,91,posh,adjective,호화로운; 상류층의,CEFRJ_1_5
EN-B2-01805,B2,91,possessed,adjective,사로잡힌; 홀린,CEFRJ_1_5
EN-B2-01806,B2,91,postal,adjective,우편의,CEFRJ_1_5
EN-B2-01807,B2,91,postpone,verb,연기하다,CEFRJ_1_5
EN-B2-01808,B2,91,potent,adjective,강력한; 효능 있는,CEFRJ_1_5
EN-B2-01809,B2,91,potential,adjective,잠재적인,CEFRJ_1_5
EN-B2-01810,B2,91,potentially,adverb,잠재적으로,CEFRJ_1_5
EN-B2-01811,B2,91,pound,verb,두드리다; 쿵쿵거리다,CEFRJ_1_5
EN-B2-01812,B2,91,powder,verb,가루를 뿌리다,CEFRJ_1_5
EN-B2-01813,B2,91,powerfully,adverb,강력하게,CEFRJ_1_5
EN-B2-01814,B2,91,practicality,noun,실용성,CEFRJ_1_5
EN-B2-01815,B2,91,practically,adverb,사실상; 거의,CEFRJ_1_5
EN-B2-01816,B2,91,praise,verb,칭찬하다,CEFRJ_1_5
EN-B2-01817,B2,91,prance,noun,뽐내며 걷기,CEFRJ_1_5
EN-B2-01818,B2,91,prawn,noun,새우,CEFRJ_1_5
EN-B2-01819,B2,91,precede,verb,앞서다,CEFRJ_1_5
EN-B2-01820,B2,91,precisely,adverb,정확히,CEFRJ_1_5
EN-B2-01821,B2,92,predicament,noun,궁지; 곤경,CEFRJ_1_5
EN-B2-01822,B2,92,predicate,verb,단정하다; 기초를 두다,CEFRJ_1_5
EN-B2-01823,B2,92,predicative,adjective,서술적인,CEFRJ_1_5
EN-B2-01824,B2,92,predictable,adjective,예측 가능한,CEFRJ_1_5
EN-B2-01825,B2,92,predictive,adjective,예측의,CEFRJ_1_5
EN-B2-01826,B2,92,predictor,noun,예측 변수; 예측자,CEFRJ_1_5
EN-B2-01827,B2,92,prefect,noun,반장; 주임,CEFRJ_1_5
EN-B2-01828,B2,92,preferable,adjective,더 좋은; 바람직한,CEFRJ_1_5
EN-B2-01829,B2,92,preferably,adverb,가급적이면,CEFRJ_1_5
EN-B2-01830,B2,92,prehistoric,adjective,선사 시대의,CEFRJ_1_5
EN-B2-01831,B2,92,prehuman,noun,선인류,CEFRJ_1_5
EN-B2-01832,B2,92,preindustrial,adjective,산업화 이전의,CEFRJ_1_5
EN-B2-01833,B2,92,prejudge,verb,예단하다,CEFRJ_1_5
EN-B2-01834,B2,92,preliminary,adjective,예비의,CEFRJ_1_5
EN-B2-01835,B2,92,preoccupy,verb,몰두하게 하다,CEFRJ_1_5
EN-B2-01836,B2,92,prescribe,verb,처방하다; 규정하다,CEFRJ_1_5
EN-B2-01837,B2,92,present,verb,제시하다; 보여주다,CEFRJ_1_5
EN-B2-01838,B2,92,presenter,noun,진행자; 발표자,CEFRJ_1_5
EN-B2-01839,B2,92,presidency,noun,대통령직; 임기,CEFRJ_1_5
EN-B2-01840,B2,92,presidential,adjective,대통령의,CEFRJ_1_5
EN-B2-01841,B2,93,prestige,noun,위신; 명성,CEFRJ_1_5
EN-B2-01842,B2,93,prestigious,adjective,명망 있는,CEFRJ_1_5
EN-B2-01843,B2,93,presumably,adverb,아마도; 추측건대,CEFRJ_1_5
EN-B2-01844,B2,93,pretend,adjective,가식적인,CEFRJ_1_5
EN-B2-01845,B2,93,prevail,verb,만연하다; 승리하다,CEFRJ_1_5
EN-B2-01846,B2,93,prevention,noun,예방,CEFRJ_1_5
EN-B2-01847,B2,93,preventive,adjective,예방의,CEFRJ_1_5
EN-B2-01848,B2,93,previously,adverb,이전에,CEFRJ_1_5
EN-B2-01849,B2,93,price,verb,가격을 매기다,CEFRJ_1_5
EN-B2-01850,B2,93,priceless,adjective,값을 매길 수 없는; 매우 귀중한,CEFRJ_1_5
EN-B2-01851,B2,93,prick,noun,찌르기; 따끔함,CEFRJ_1_5
EN-B2-01852,B2,93,primary,adjective,주요한; 초등의,CEFRJ_1_5
EN-B2-01853,B2,93,prime,adjective,주요한; 전성기의,CEFRJ_1_5
EN-B2-01854,B2,93,prime minister,noun,총리,CEFRJ_1_5
EN-B2-01855,B2,93,principal,noun,교장; 주요한 것,CEFRJ_1_5
EN-B2-01856,B2,93,prior,adjective,이전의,CEFRJ_1_5
EN-B2-01857,B2,93,priority,noun,우선순위,CEFRJ_1_5
EN-B2-01858,B2,93,privately,adverb,사적으로,CEFRJ_1_5
EN-B2-01859,B2,93,privilege,noun,특권,CEFRJ_1_5
EN-B2-01860,B2,93,probable,adjective,그럴듯한,CEFRJ_1_5
EN-B2-01861,B2,94,probe,noun,조사; 탐침,CEFRJ_1_5
EN-B2-01862,B2,94,procedure,noun,절차,CEFRJ_1_5
EN-B2-01863,B2,94,process,verb,처리하다,CEFRJ_1_5
EN-B2-01864,B2,94,professional,noun,전문가,CEFRJ_1_5
EN-B2-01865,B2,94,profile,noun,옆모습; 프로필,CEFRJ_1_5
EN-B2-01866,B2,94,profit,noun,수익; 이익,CEFRJ_1_5
EN-B2-01867,B2,94,profitable,adjective,수익성이 있는,CEFRJ_1_5
EN-B2-01868,B2,94,programmer,noun,프로그래머,CEFRJ_1_5
EN-B2-01869,B2,94,programming,noun,프로그래밍,CEFRJ_1_5
EN-B2-01870,B2,94,progress,verb,진행하다; 발전하다,CEFRJ_1_5
EN-B2-01871,B2,94,prohibit,verb,금지하다,CEFRJ_1_5
EN-B2-01872,B2,94,project,noun,프로젝트; 계획,CEFRJ_1_5
EN-B2-01873,B2,94,project,verb,투영하다; 예상하다,CEFRJ_1_5
EN-B2-01874,B2,94,projection,noun,투영; 예상,CEFRJ_1_5
EN-B2-01875,B2,94,prom,noun,졸업 무도회,CEFRJ_1_5
EN-B2-01876,B2,94,prominence,noun,탁월함; 두드러짐,CEFRJ_1_5
EN-B2-01877,B2,94,prompt,adjective,즉각적인; 신속한,CEFRJ_1_5
EN-B2-01878,B2,94,prompt,noun,자극; 대사,CEFRJ_1_5
EN-B2-01879,B2,94,prompt,verb,촉발하다; 유도하다,CEFRJ_1_5
EN-B2-01880,B2,94,promptly,adverb,즉시; 신속히,CEFRJ_1_5
EN-B2-01881,B2,95,proponent,noun,지지자; 제안자,CEFRJ_1_5
EN-B2-01882,B2,95,proposed,adjective,제안된,CEFRJ_1_5
EN-B2-01883,B2,95,prose,noun,산문,CEFRJ_1_5
EN-B2-01884,B2,95,prosecute,verb,기소하다,CEFRJ_1_5
EN-B2-01885,B2,95,prospect,noun,전망; 가능성,CEFRJ_1_5
EN-B2-01886,B2,95,prosper,verb,번영하다,CEFRJ_1_5
EN-B2-01887,B2,95,protest,verb,항의하다,CEFRJ_1_5
EN-B2-01888,B2,95,proudly,adverb,자랑스럽게,CEFRJ_1_5
EN-B2-01889,B2,95,proven,adjective,입증된,CEFRJ_1_5
EN-B2-01890,B2,95,province,noun,주; 지방,CEFRJ_1_5
EN-B2-01891,B2,95,provision,noun,공급; 조항,CEFRJ_1_5
EN-B2-01892,B2,95,proximity,noun,근접; 가까움,CEFRJ_1_5
EN-B2-01893,B2,95,psychologically,adverb,심리학적으로,CEFRJ_1_5
EN-B2-01894,B2,95,psychology,noun,심리학,CEFRJ_1_5
EN-B2-01895,B2,95,publication,noun,출판; 발표,CEFRJ_1_5
EN-B2-01896,B2,95,publicity,noun,홍보; 광고,CEFRJ_1_5
EN-B2-01897,B2,95,publicize/publicise,verb,홍보하다; 알리다,CEFRJ_1_5
EN-B2-01898,B2,95,pudding,noun,푸딩,CEFRJ_1_5
EN-B2-01899,B2,95,pulse,noun,맥박; 진동,CEFRJ_1_5
EN-B2-01900,B2,95,pumpkin,noun,호박,CEFRJ_1_5
EN-B2-01901,B2,96,punch,noun,펀치; 타격,CEFRJ_1_5
EN-B2-01902,B2,96,punch,verb,주먹으로 치다,CEFRJ_1_5
EN-B2-01903,B2,96,punctual,adjective,시간을 엄수하는,CEFRJ_1_5
EN-B2-01904,B2,96,punctuality,noun,시간 엄수,CEFRJ_1_5
EN-B2-01905,B2,96,purchase,noun,구매; 구입,CEFRJ_1_5
EN-B2-01906,B2,96,purchase,verb,구매하다,CEFRJ_1_5
EN-B2-01907,B2,96,purposeful,adjective,목적의식이 있는,CEFRJ_1_5
EN-B2-01908,B2,96,pursuit,noun,추구; 수행,CEFRJ_1_5
EN-B2-01909,B2,96,puzzled,adjective,어리둥절한,CEFRJ_1_5
EN-B2-01910,B2,96,qualification,noun,자격; 자격증,CEFRJ_1_5
EN-B2-01911,B2,96,quantify,verb,수량화하다,CEFRJ_1_5
EN-B2-01912,B2,96,quarantine,noun,격리,CEFRJ_1_5
EN-B2-01913,B2,96,quarrel,noun,다툼; 불화,CEFRJ_1_5
EN-B2-01914,B2,96,quarrel,verb,다투다,CEFRJ_1_5
EN-B2-01915,B2,96,quarrelsome,adjective,싸우기 좋아하는,CEFRJ_1_5
EN-B2-01916,B2,96,queer,adjective,기묘한; 괴상한,CEFRJ_1_5
EN-B2-01917,B2,96,query,noun,질문; 의문,CEFRJ_1_5
EN-B2-01918,B2,96,question,verb,의문을 제기하다,CEFRJ_1_5
EN-B2-01919,B2,96,queue,verb,줄을 서다,CEFRJ_1_5
EN-B2-01920,B2,96,quiet,noun,정적; 고요,CEFRJ_1_5
EN-B2-01921,B2,97,quit,adjective,그만두는; 떠나는,CEFRJ_1_5
EN-B2-01922,B2,97,quotable,adjective,인용할 만한,CEFRJ_1_5
EN-B2-01923,B2,97,quotation,noun,인용; 인용구,CEFRJ_1_5
EN-B2-01924,B2,97,quote,noun,인용구; 견적,CEFRJ_1_5
EN-B2-01925,B2,97,quote,verb,인용하다; 견적을 내다,CEFRJ_1_5
EN-B2-01926,B2,97,racism,noun,인종차별,CEFRJ_1_5
EN-B2-01927,B2,97,racist,noun,인종차별주의자,CEFRJ_1_5
EN-B2-01928,B2,97,rack,noun,선반; 고문대,CEFRJ_1_5
EN-B2-01929,B2,97,radar,noun,레이더,CEFRJ_1_5
EN-B2-01930,B2,97,radiate,verb,방사하다; 내뿜다,CEFRJ_1_5
EN-B2-01931,B2,97,radical,noun,급진주의자,CEFRJ_1_5
EN-B2-01932,B2,97,radically,adverb,근본적으로; 급진적으로,CEFRJ_1_5
EN-B2-01933,B2,97,radium,noun,라듐,CEFRJ_1_5
EN-B2-01934,B2,97,rafter,noun,서까래,CEFRJ_1_5
EN-B2-01935,B2,97,rag,noun,누더기,CEFRJ_1_5
EN-B2-01936,B2,97,rainbow,noun,무지개,CEFRJ_1_5
EN-B2-01937,B2,97,rainstorm,noun,폭우,CEFRJ_1_5
EN-B2-01938,B2,97,rally,noun,집회; 대회,CEFRJ_1_5
EN-B2-01939,B2,97,ram,noun,수양; 숫양,CEFRJ_1_5
EN-B2-01940,B2,97,ramp,noun,경사로,CEFRJ_1_5
EN-B2-01941,B2,98,range,verb,범위에 이르다,CEFRJ_1_5
EN-B2-01942,B2,98,ranger,noun,공원 관리원,CEFRJ_1_5
EN-B2-01943,B2,98,rape,noun,강간,CEFRJ_1_5
EN-B2-01944,B2,98,rape,verb,강간하다,CEFRJ_1_5
EN-B2-01945,B2,98,rash,adjective,경솔한; 성급한,CEFRJ_1_5
EN-B2-01946,B2,98,rate,verb,평가하다,CEFRJ_1_5
EN-B2-01947,B2,98,rattle,noun,딸랑이; 덜컥거리는 소리,CEFRJ_1_5
EN-B2-01948,B2,98,ravage,noun,황폐; 파괴,CEFRJ_1_5
EN-B2-01949,B2,98,reaction,noun,반응,CEFRJ_1_5
EN-B2-01950,B2,98,readily,adverb,쉽게; 기꺼이,CEFRJ_1_5
EN-B2-01951,B2,98,real estate,noun,부동산,CEFRJ_1_5
EN-B2-01952,B2,98,realization/realisation,noun,깨달음; 실현,CEFRJ_1_5
EN-B2-01953,B2,98,rear,adjective,뒤의; 후방의,CEFRJ_1_5
EN-B2-01954,B2,98,reasonably,adverb,합리적으로; 꽤,CEFRJ_1_5
EN-B2-01955,B2,98,rebel,noun,반란군; 반항자,CEFRJ_1_5
EN-B2-01956,B2,98,rebel,verb,반란을 일으키다; 반항하다,CEFRJ_1_5
EN-B2-01957,B2,98,rebellious,adjective,반항적인,CEFRJ_1_5
EN-B2-01958,B2,98,recession,noun,경기 침체,CEFRJ_1_5
EN-B2-01959,B2,98,recipe,noun,조리법,CEFRJ_1_5
EN-B2-01960,B2,98,reckon,verb,생각하다; 추정하다,CEFRJ_1_5
EN-B2-01961,B2,99,recognition,noun,인식; 인정,CEFRJ_1_5
EN-B2-01962,B2,99,recollect,verb,기억해 내다,CEFRJ_1_5
EN-B2-01963,B2,99,recollection,noun,기억; 회상,CEFRJ_1_5
EN-B2-01964,B2,99,recommendable,adjective,추천할 만한,CEFRJ_1_5
EN-B2-01965,B2,99,recommendation,noun,추천; 권고,CEFRJ_1_5
EN-B2-01966,B2,99,reconsider,verb,재고하다,CEFRJ_1_5
EN-B2-01967,B2,99,recreation,noun,오락; 휴양,CEFRJ_1_5
EN-B2-01968,B2,99,recruit,verb,모집하다,CEFRJ_1_5
EN-B2-01969,B2,99,rectangular,adjective,직사각형의,CEFRJ_1_5
EN-B2-01970,B2,99,redo,verb,다시 하다,CEFRJ_1_5
EN-B2-01971,B2,99,redundant,adjective,불필요한; 정리 해고된,CEFRJ_1_5
EN-B2-01972,B2,99,reed,noun,갈대,CEFRJ_1_5
EN-B2-01973,B2,99,reference,noun,참조; 언급,CEFRJ_1_5
EN-B2-01974,B2,99,referent,adjective,지시하는,CEFRJ_1_5
EN-B2-01975,B2,99,refinery,noun,정제소,CEFRJ_1_5
EN-B2-01976,B2,99,reflective,adjective,반사하는; 사색적인,CEFRJ_1_5
EN-B2-01977,B2,99,reform,noun,개혁,CEFRJ_1_5
EN-B2-01978,B2,99,refrain,noun,후렴; 반복구,CEFRJ_1_5
EN-B2-01979,B2,99,refresh,noun,새롭게 함; 다과,CEFRJ_1_5
EN-B2-01980,B2,99,refuge,noun,피난처; 은신처,CEFRJ_1_5
EN-B2-01981,B2,100,refugee,noun,난민,CEFRJ_1_5
EN-B2-01982,B2,100,refute,verb,반박하다,CEFRJ_1_5
EN-B2-01983,B2,100,regard,noun,관심; 고려; 존경,CEFRJ_1_5
EN-B2-01984,B2,100,regardless,adverb,상관없이,CEFRJ_1_5
EN-B2-01985,B2,100,reggae,noun,레게 음악,CEFRJ_1_5
EN-B2-01986,B2,100,regime,noun,정권; 체제,CEFRJ_1_5
EN-B2-01987,B2,100,regret,noun,후회; 유감,CEFRJ_1_5
EN-B2-01988,B2,100,regrettably,adverb,유감스럽게도,CEFRJ_1_5
EN-B2-01989,B2,100,regulate,verb,규제하다; 조절하다,CEFRJ_1_5
EN-B2-01990,B2,100,rehearsal,noun,리허설; 예행연습,CEFRJ_1_5
EN-B2-01991,B2,100,reinforce,verb,강화하다,CEFRJ_1_5
EN-B2-01992,B2,100,reinforcement,noun,강화; 보강,CEFRJ_1_5
EN-B2-01993,B2,100,rejection,noun,거절; 거부,CEFRJ_1_5
EN-B2-01994,B2,100,rejoin,verb,다시 합류하다,CEFRJ_1_5
EN-B2-01995,B2,100,related,adjective,관련된,CEFRJ_1_5
EN-B2-01996,B2,100,relativity,noun,상대성,CEFRJ_1_5
EN-B2-01997,B2,100,relaxation,noun,휴식; 완화,CEFRJ_1_5
EN-B2-01998,B2,100,relay,noun,릴레이; 계주,CEFRJ_1_5
EN-B2-01999,B2,100,relevant,adjective,관련 있는; 적절한,CEFRJ_1_5
EN-B2-02000,B2,100,relic,noun,유물; 유적,CEFRJ_1_5
EN-B2-02001,B2,101,relief,noun,안도; 구제,CEFRJ_1_5
EN-B2-02002,B2,101,relieve,verb,안도하게 하다; 경감하다,CEFRJ_1_5
EN-B2-02003,B2,101,relieved,adjective,안도하는,CEFRJ_1_5
EN-B2-02004,B2,101,reluctant,adjective,꺼리는; 주저하는,CEFRJ_1_5
EN-B2-02005,B2,101,remaining,adjective,남아 있는,CEFRJ_1_5
EN-B2-02006,B2,101,remains,noun,나머지; 유해,CEFRJ_1_5
EN-B2-02007,B2,101,remark,noun,발언; 언급,CEFRJ_1_5
EN-B2-02008,B2,101,remarkably,adverb,놀랍게도; 현저하게,CEFRJ_1_5
EN-B2-02009,B2,101,reminder,noun,상기시키는 것; 알림,CEFRJ_1_5
EN-B2-02010,B2,101,rental,noun,임대; 대여,CEFRJ_1_5
EN-B2-02011,B2,101,reorganize/reorganise,verb,재조직하다; 개편하다,CEFRJ_1_5
EN-B2-02012,B2,101,repaint,noun,재도색,CEFRJ_1_5
EN-B2-02013,B2,101,repertoire,noun,레퍼토리; 연주 목록,CEFRJ_1_5
EN-B2-02014,B2,101,repetition,noun,반복,CEFRJ_1_5
EN-B2-02015,B2,101,replacement,noun,교체; 후임자,CEFRJ_1_5
EN-B2-02016,B2,101,replica,noun,복제품,CEFRJ_1_5
EN-B2-02017,B2,101,repress,verb,억압하다; 억누르다,CEFRJ_1_5
EN-B2-02018,B2,101,repression,noun,억압,CEFRJ_1_5
EN-B2-02019,B2,101,reprint,noun,재판; 복사본,CEFRJ_1_5
EN-B2-02020,B2,101,reprove,verb,꾸짖다; 책망하다,CEFRJ_1_5
EN-B2-02021,B2,102,research,verb,연구하다,CEFRJ_1_5
EN-B2-02022,B2,102,residence,noun,거주; 주택,CEFRJ_1_5
EN-B2-02023,B2,102,resident,noun,거주자; 주민,CEFRJ_1_5
EN-B2-02024,B2,102,resign,verb,사임하다; 물러나다,CEFRJ_1_5
EN-B2-02025,B2,102,resignation,noun,사임; 사직,CEFRJ_1_5
EN-B2-02026,B2,102,resistance,noun,저항; 반대,CEFRJ_1_5
EN-B2-02027,B2,102,resolution,noun,결의; 해결; 해상도,CEFRJ_1_5
EN-B2-02028,B2,102,resonant,adjective,울려 퍼지는; 공명하는,CEFRJ_1_5
EN-B2-02029,B2,102,respectably,adverb,존경할 만하게; 훌륭하게,CEFRJ_1_5
EN-B2-02030,B2,102,respected,adjective,존경받는,CEFRJ_1_5
EN-B2-02031,B2,102,respiration,noun,호흡,CEFRJ_1_5
EN-B2-02032,B2,102,respiratory,adjective,호흡의,CEFRJ_1_5
EN-B2-02033,B2,102,restriction,noun,제한; 규제,CEFRJ_1_5
EN-B2-02034,B2,102,resume,verb,재개하다,CEFRJ_1_5
EN-B2-02035,B2,102,retailer,noun,소매상,CEFRJ_1_5
EN-B2-02036,B2,102,retard,verb,지체시키다; 방해하다,CEFRJ_1_5
EN-B2-02037,B2,102,retina,noun,망막,CEFRJ_1_5
EN-B2-02038,B2,102,retirement,noun,은퇴,CEFRJ_1_5
EN-B2-02039,B2,102,retreat,noun,후퇴; 은신처,CEFRJ_1_5
EN-B2-02040,B2,102,retreat,verb,후퇴하다,CEFRJ_1_5
EN-B2-02041,B2,103,retrieve,verb,되찾아오다; 검색하다,CEFRJ_1_5
EN-B2-02042,B2,103,revelation,noun,폭로; 계시,CEFRJ_1_5
EN-B2-02043,B2,103,revenge,noun,복수,CEFRJ_1_5
EN-B2-02044,B2,103,revenue,noun,수입; 세입,CEFRJ_1_5
EN-B2-02045,B2,103,reverence,noun,존경; 경외,CEFRJ_1_5
EN-B2-02046,B2,103,reverse,verb,뒤집다; 역전시키다,CEFRJ_1_5
EN-B2-02047,B2,103,review,verb,검토하다; 비평하다,CEFRJ_1_5
EN-B2-02048,B2,103,revival,noun,부활; 재유행,CEFRJ_1_5
EN-B2-02049,B2,103,revive,verb,소생시키다; 부활시키다,CEFRJ_1_5
EN-B2-02050,B2,103,revolution,noun,혁명,CEFRJ_1_5
EN-B2-02051,B2,103,revolutionary,adjective,혁명적인,CEFRJ_1_5
EN-B2-02052,B2,103,revolutionize/revolutionise,verb,혁신하다,CEFRJ_1_5
EN-B2-02053,B2,103,revolve,verb,회전하다; 공전하다,CEFRJ_1_5
EN-B2-02054,B2,103,reward,verb,보상하다,CEFRJ_1_5
EN-B2-02055,B2,103,rhinoceros,noun,코뿔소,CEFRJ_1_5
EN-B2-02056,B2,103,rhyme,verb,운을 맞추다,CEFRJ_1_5
EN-B2-02057,B2,103,rhythmic,adjective,리듬감 있는,CEFRJ_1_5
EN-B2-02058,B2,103,rib,noun,갈비뼈,CEFRJ_1_5
EN-B2-02059,B2,103,riddle,noun,수수께끼,CEFRJ_1_5
EN-B2-02060,B2,103,rider,noun,타는 사람; 탑승자,CEFRJ_1_5
EN-B2-02061,B2,104,ridge,noun,능선; 산등성이,CEFRJ_1_5
EN-B2-02062,B2,104,righteousness,noun,정의; 도덕적 올바름,CEFRJ_1_5
EN-B2-02063,B2,104,rightly,adverb,당연히; 올바르게,CEFRJ_1_5
EN-B2-02064,B2,104,rim,noun,가장자리; 테두리,CEFRJ_1_5
EN-B2-02065,B2,104,rip,verb,찢다,CEFRJ_1_5
EN-B2-02066,B2,104,risk,verb,위험을 무릅쓰다,CEFRJ_1_5
EN-B2-02067,B2,104,risky,adjective,위험한,CEFRJ_1_5
EN-B2-02068,B2,104,rite,noun,의식; 관례,CEFRJ_1_5
EN-B2-02069,B2,104,ritual,noun,의식; 의례,CEFRJ_1_5
EN-B2-02070,B2,104,rival,noun,경쟁자,CEFRJ_1_5
EN-B2-02071,B2,104,roam,noun,배회; 거닐기,CEFRJ_1_5
EN-B2-02072,B2,104,roar,verb,으르렁거리다; 고함치다,CEFRJ_1_5
EN-B2-02073,B2,104,roast,adjective,구운,CEFRJ_1_5
EN-B2-02074,B2,104,rock,verb,흔들다,CEFRJ_1_5
EN-B2-02075,B2,104,rocket,noun,로켓,CEFRJ_1_5
EN-B2-02076,B2,104,rocky,adjective,바위가 많은,CEFRJ_1_5
EN-B2-02077,B2,104,roll,verb,구르다; 굴리다,CEFRJ_1_5
EN-B2-02078,B2,104,roommate,noun,룸메이트,CEFRJ_1_5
EN-B2-02079,B2,104,rosy,adjective,장밋빛의; 낙관적인,CEFRJ_1_5
EN-B2-02080,B2,104,round,preposition,주위에; 둘레에,CEFRJ_1_5
EN-B2-02081,B2,105,round,verb,돌다; 순회하다; 반올림하다,CEFRJ_1_5
EN-B2-02082,B2,105,route,noun,길; 노선; 경로,CEFRJ_1_5
EN-B2-02083,B2,105,row,verb,배를 젓다,CEFRJ_1_5
EN-B2-02084,B2,105,royalty,noun,왕족; 저작권 사용료,CEFRJ_1_5
EN-B2-02085,B2,105,rub,verb,문지르다; 비비다,CEFRJ_1_5
EN-B2-02086,B2,105,rubble,noun,잔해; 파편,CEFRJ_1_5
EN-B2-02087,B2,105,rug,noun,깔개; 작은 양탄자,CEFRJ_1_5
EN-B2-02088,B2,105,ruinous,adjective,파멸적인; 파괴적인,CEFRJ_1_5
EN-B2-02089,B2,105,rule,verb,통치하다; 판결을 내리다,CEFRJ_1_5
EN-B2-02090,B2,105,rural,adjective,시골의; 지방의,CEFRJ_1_5
EN-B2-02091,B2,105,rush hour,noun,혼잡 시간대; 러시아워,CEFRJ_1_5
EN-B2-02092,B2,105,rusty,adjective,녹슨; 녹이 슨,CEFRJ_1_5
EN-B2-02093,B2,105,sack,verb,해고하다,CEFRJ_1_5
EN-B2-02094,B2,105,safeguard,verb,보호하다; 지키다,CEFRJ_1_5
EN-B2-02095,B2,105,sag,noun,처짐; 늘어짐,CEFRJ_1_5
EN-B2-02096,B2,105,sage,noun,현자; 성인,CEFRJ_1_5
EN-B2-02097,B2,105,sail,verb,항해하다; 배로 가다,CEFRJ_1_5
EN-B2-02098,B2,105,salary,noun,급여; 봉급,CEFRJ_1_5
EN-B2-02099,B2,105,salesmanship,noun,판매 기술; 영업력,CEFRJ_1_5
EN-B2-02100,B2,105,salesperson,noun,판매원,CEFRJ_1_5
EN-B2-02101,B2,106,saleswoman,noun,여성 판매원,CEFRJ_1_5
EN-B2-02102,B2,106,salon,noun,미용실; 응접실,CEFRJ_1_5
EN-B2-02103,B2,106,salsa,noun,살사(춤/음악/소스),CEFRJ_1_5
EN-B2-02104,B2,106,salty,adjective,짠; 소금기가 있는,CEFRJ_1_5
EN-B2-02105,B2,106,sandstone,noun,사암,CEFRJ_1_5
EN-B2-02106,B2,106,sanitary,adjective,위생적인,CEFRJ_1_5
EN-B2-02107,B2,106,sanitation,noun,위생 시설; 위생 관리,CEFRJ_1_5
EN-B2-02108,B2,106,satisfactory,adjective,만족스러운,CEFRJ_1_5
EN-B2-02109,B2,106,saving/savings,noun,저축; 절약,CEFRJ_1_5
EN-B2-02110,B2,106,saw,verb,톱질하다,CEFRJ_1_5
EN-B2-02111,B2,106,say,noun,발언권; 결정권,CEFRJ_1_5
EN-B2-02112,B2,106,scan,verb,훑어보다; 정밀 검사하다,CEFRJ_1_5
EN-B2-02113,B2,106,scandal,noun,추문; 스캔들,CEFRJ_1_5
EN-B2-02114,B2,106,scar,noun,흉터; 상처,CEFRJ_1_5
EN-B2-02115,B2,106,scarcely,adverb,거의 ~않다; 간신히,CEFRJ_1_5
EN-B2-02116,B2,106,scarlet,noun,다홍색; 진홍색,CEFRJ_1_5
EN-B2-02117,B2,106,scent,noun,향기; 냄새,CEFRJ_1_5
EN-B2-02118,B2,106,schedule,verb,일정을 잡다,CEFRJ_1_5
EN-B2-02119,B2,106,scheduled,adjective,예정된,CEFRJ_1_5
EN-B2-02120,B2,106,scheme,noun,계획; 제도; 책략,CEFRJ_1_5
EN-B2-02121,B2,107,scholasticism,noun,스콜라 철학,CEFRJ_1_5
EN-B2-02122,B2,107,schoolgirl,noun,여학생,CEFRJ_1_5
EN-B2-02123,B2,107,scientifically,adverb,과학적으로,CEFRJ_1_5
EN-B2-02124,B2,107,scooter,noun,스쿠터; 킥보드,CEFRJ_1_5
EN-B2-02125,B2,107,scramble,verb,재빨리 움직이다; 뒤섞다,CEFRJ_1_5
EN-B2-02126,B2,107,scratch,verb,긁다; 할퀴다,CEFRJ_1_5
EN-B2-02127,B2,107,screen,verb,심사하다; 가려내다; 상영하다,CEFRJ_1_5
EN-B2-02128,B2,107,screw,verb,나사로 고정하다,CEFRJ_1_5
EN-B2-02129,B2,107,scribble,noun,휘갈겨 쓴 글씨,CEFRJ_1_5
EN-B2-02130,B2,107,scrooge,noun,구두쇠,CEFRJ_1_5
EN-B2-02131,B2,107,scuba,noun,스쿠버 다이빙,CEFRJ_1_5
EN-B2-02132,B2,107,scythe,noun,큰 낫,CEFRJ_1_5
EN-B2-02133,B2,107,seal,noun,인장; 봉인; 물개,CEFRJ_1_5
EN-B2-02134,B2,107,seasonal,adjective,계절의; 계절적인,CEFRJ_1_5
EN-B2-02135,B2,107,second person,noun,2인칭,CEFRJ_1_5
EN-B2-02136,B2,107,secondary,adjective,부차적인; 중등 교육의,CEFRJ_1_5
EN-B2-02137,B2,107,secondly,adverb,둘째로; 두 번째로,CEFRJ_1_5
EN-B2-02138,B2,107,sector,noun,부문; 분야,CEFRJ_1_5
EN-B2-02139,B2,107,seesaw,noun,시소,CEFRJ_1_5
EN-B2-02140,B2,107,segment,noun,부분; 조각,CEFRJ_1_5
EN-B2-02141,B2,108,seldom,adverb,좀처럼 ~않는,CEFRJ_1_5
EN-B2-02142,B2,108,select,verb,선택하다; 선발하다,CEFRJ_1_5
EN-B2-02143,B2,108,self-confidence,noun,자신감,CEFRJ_1_5
EN-B2-02144,B2,108,self-confident,adjective,자신감 있는,CEFRJ_1_5
EN-B2-02145,B2,108,selfless,adjective,이타적인,CEFRJ_1_5
EN-B2-02146,B2,108,seller,noun,판매자; 판매인,CEFRJ_1_5
EN-B2-02147,B2,108,semicolon,noun,세미콜론,CEFRJ_1_5
EN-B2-02148,B2,108,semi-final,noun,준결승전,CEFRJ_1_5
EN-B2-02149,B2,108,seminar,noun,세미나; 연구회,CEFRJ_1_5
EN-B2-02150,B2,108,senator,noun,상원 의원,CEFRJ_1_5
EN-B2-02151,B2,108,sense,verb,감지하다; 느끼다,CEFRJ_1_5
EN-B2-02152,B2,108,sensible,adjective,합리적인; 분별 있는,CEFRJ_1_5
EN-B2-02153,B2,108,sensitive,adjective,민감한; 세심한,CEFRJ_1_5
EN-B2-02154,B2,108,sentence,verb,형을 선고하다,CEFRJ_1_5
EN-B2-02155,B2,108,separate,verb,분리하다; 구분하다,CEFRJ_1_5
EN-B2-02156,B2,108,separately,adverb,따로; 별도로,CEFRJ_1_5
EN-B2-02157,B2,108,serene,adjective,고요한; 평온한,CEFRJ_1_5
EN-B2-02158,B2,108,serial,adjective,연속적인; 연재의,CEFRJ_1_5
EN-B2-02159,B2,108,servant,noun,하인; 종업원,CEFRJ_1_5
EN-B2-02160,B2,108,setback,noun,차질; 좌절,CEFRJ_1_5
EN-B2-02161,B2,109,sexism,noun,성차별,CEFRJ_1_5
EN-B2-02162,B2,109,sexual,adjective,성적인; 성별의,CEFRJ_1_5
EN-B2-02163,B2,109,sexy,adjective,섹시한; 매력적인,CEFRJ_1_5
EN-B2-02164,B2,109,shabby,adjective,낡은; 허름한,CEFRJ_1_5
EN-B2-02165,B2,109,shaken,adjective,충격을 받은; 흔들린,CEFRJ_1_5
EN-B2-02166,B2,109,Shakespearean,adjective,셰익스피어의,CEFRJ_1_5
EN-B2-02167,B2,109,shaky,adjective,흔들리는; 불안정한,CEFRJ_1_5
EN-B2-02168,B2,109,sharp,adverb,정각에,CEFRJ_1_5
EN-B2-02169,B2,109,sharply,adverb,날카롭게; 급격히,CEFRJ_1_5
EN-B2-02170,B2,109,shatter,verb,산산이 부수다,CEFRJ_1_5
EN-B2-02171,B2,109,shed,noun,헛간; 창고,CEFRJ_1_5
EN-B2-02172,B2,109,shell,verb,껍질을 벗기다,CEFRJ_1_5
EN-B2-02173,B2,109,shield,noun,방패; 보호물,CEFRJ_1_5
EN-B2-02174,B2,109,shift,noun,교대 근무; 변화,CEFRJ_1_5
EN-B2-02175,B2,109,shipping,noun,선적; 배송,CEFRJ_1_5
EN-B2-02176,B2,109,shipwreck,noun,난파선,CEFRJ_1_5
EN-B2-02177,B2,109,shock,verb,충격을 주다,CEFRJ_1_5
EN-B2-02178,B2,109,shooting,noun,사격; 촬영,CEFRJ_1_5
EN-B2-02179,B2,109,shopkeeper,noun,가게 주인,CEFRJ_1_5
EN-B2-02180,B2,109,shoplift,verb,물건을 훔치다,CEFRJ_1_5
EN-B2-02181,B2,110,shoplifter,noun,가게 도둑,CEFRJ_1_5
EN-B2-02182,B2,110,shoplifting,noun,가게 절도,CEFRJ_1_5
EN-B2-02183,B2,110,shortness,noun,짧음; 부족,CEFRJ_1_5
EN-B2-02184,B2,110,short-term,adjective,단기적인,CEFRJ_1_5
EN-B2-02185,B2,110,showbiz,noun,연예계,CEFRJ_1_5
EN-B2-02186,B2,110,showcase,noun,전시; 진열대,CEFRJ_1_5
EN-B2-02187,B2,110,shower,verb,샤워하다; 쏟아붓다,CEFRJ_1_5
EN-B2-02188,B2,110,shrink,noun,수축; 정신과 의사,CEFRJ_1_5
EN-B2-02189,B2,110,shrink,verb,줄어들다; 움츠러들다,CEFRJ_1_5
EN-B2-02190,B2,110,shrug,verb,어깨를 으쓱하다,CEFRJ_1_5
EN-B2-02191,B2,110,sigh,verb,한숨 쉬다,CEFRJ_1_5
EN-B2-02192,B2,110,significantly,adverb,상당히; 의미 있게,CEFRJ_1_5
EN-B2-02193,B2,110,signify,verb,의미하다; 나타내다,CEFRJ_1_5
EN-B2-02194,B2,110,silverware,noun,은식기류,CEFRJ_1_5
EN-B2-02195,B2,110,simplification,noun,간소화; 단순화,CEFRJ_1_5
EN-B2-02196,B2,110,simultaneous,adjective,동시의,CEFRJ_1_5
EN-B2-02197,B2,110,since,adverb,그 이후로,CEFRJ_1_5
EN-B2-02198,B2,110,sincere,adjective,진실한; 진심 어린,CEFRJ_1_5
EN-B2-02199,B2,110,sincerity,noun,진실성,CEFRJ_1_5
EN-B2-02200,B2,110,sister-in-law,noun,처제; 올케; 형수; 제수,CEFRJ_1_5
EN-B2-02201,B2,111,skateboard,noun,스케이트보드,CEFRJ_1_5
EN-B2-02202,B2,111,skateboarder,noun,스케이트보드 타는 사람,CEFRJ_1_5
EN-B2-02203,B2,111,sketch,verb,스케치하다,CEFRJ_1_5
EN-B2-02204,B2,111,skilled,adjective,숙련된,CEFRJ_1_5
EN-B2-02205,B2,111,skillful/skilful,adjective,솜씨 좋은,CEFRJ_1_5
EN-B2-02206,B2,111,skillfully/skilfully,adverb,솜씨 좋게,CEFRJ_1_5
EN-B2-02207,B2,111,skim,verb,훑어보다; 걷어내다,CEFRJ_1_5
EN-B2-02208,B2,111,skip,verb,건너뛰다; 빼먹다,CEFRJ_1_5
EN-B2-02209,B2,111,skylark,noun,종다리,CEFRJ_1_5
EN-B2-02210,B2,111,skyward,adverb,하늘 쪽으로,CEFRJ_1_5
EN-B2-02211,B2,111,slam,verb,쾅 닫다; 세게 놓다,CEFRJ_1_5
EN-B2-02212,B2,111,slang,noun,속어; 은어,CEFRJ_1_5
EN-B2-02213,B2,111,slap,noun,찰싹 때리기,CEFRJ_1_5
EN-B2-02214,B2,111,slap,verb,찰싹 때리다,CEFRJ_1_5
EN-B2-02215,B2,111,slash,noun,빗금; 베기,CEFRJ_1_5
EN-B2-02216,B2,111,slaughter,noun,도살; 대량 학살,CEFRJ_1_5
EN-B2-02217,B2,111,slice,verb,얇게 썰다,CEFRJ_1_5
EN-B2-02218,B2,111,slide,verb,미끄러지다,CEFRJ_1_5
EN-B2-02219,B2,111,slight,adjective,약간의; 가느다란,CEFRJ_1_5
EN-B2-02220,B2,111,sliver,noun,조각; 파편,CEFRJ_1_5
EN-B2-02221,B2,112,sloppy,adjective,부주의한; 엉성한,CEFRJ_1_5
EN-B2-02222,B2,112,smash,verb,박살 내다; 강타하다,CEFRJ_1_5
EN-B2-02223,B2,112,smokestack,noun,굴뚝,CEFRJ_1_5
EN-B2-02224,B2,112,snap,verb,딱 부러지다; 찰칵 소리 내다,CEFRJ_1_5
EN-B2-02225,B2,112,sneak,verb,살금살금 가다,CEFRJ_1_5
EN-B2-02226,B2,112,sneer,noun,비웃음,CEFRJ_1_5
EN-B2-02227,B2,112,sneeze,verb,재채기하다,CEFRJ_1_5
EN-B2-02228,B2,112,sniff,verb,킁킁거리다; 냄새 맡다,CEFRJ_1_5
EN-B2-02229,B2,112,snore,noun,코골이,CEFRJ_1_5
EN-B2-02230,B2,112,snore,verb,코를 골다,CEFRJ_1_5
EN-B2-02231,B2,112,snowball,noun,눈뭉치,CEFRJ_1_5
EN-B2-02232,B2,112,soak,noun,담그기; 흠뻑 젖음,CEFRJ_1_5
EN-B2-02233,B2,112,soak,verb,흠뻑 적시다; 담그다,CEFRJ_1_5
EN-B2-02234,B2,112,soaked,adjective,흠뻑 젖은,CEFRJ_1_5
EN-B2-02235,B2,112,soaking,adjective,흠뻑 젖게 하는,CEFRJ_1_5
EN-B2-02236,B2,112,soar,verb,치솟다; 날아오르다,CEFRJ_1_5
EN-B2-02237,B2,112,sob,verb,흐느껴 울다,CEFRJ_1_5
EN-B2-02238,B2,112,so-called,adjective,소위 말하는,CEFRJ_1_5
EN-B2-02239,B2,112,sociable,adjective,사교적인,CEFRJ_1_5
EN-B2-02240,B2,112,socialize/socialise,verb,어울리다; 사귀다,CEFRJ_1_5
EN-B2-02241,B2,113,softness,noun,부드러움,CEFRJ_1_5
EN-B2-02242,B2,113,soil,noun,토양; 흙,CEFRJ_1_5
EN-B2-02243,B2,113,solar,adjective,태양의,CEFRJ_1_5
EN-B2-02244,B2,113,solidity,noun,고체성; 견고함,CEFRJ_1_5
EN-B2-02245,B2,113,soliloquy,noun,독백,CEFRJ_1_5
EN-B2-02246,B2,113,solo,adjective,단독의,CEFRJ_1_5
EN-B2-02247,B2,113,solo,adverb,단독으로,CEFRJ_1_5
EN-B2-02248,B2,113,solo,noun,독주; 단독 공연,CEFRJ_1_5
EN-B2-02249,B2,113,solvent,noun,용제; 해결책,CEFRJ_1_5
EN-B2-02250,B2,113,somewhat,adverb,다소; 어느 정도,CEFRJ_1_5
EN-B2-02251,B2,113,son-in-law,noun,사위,CEFRJ_1_5
EN-B2-02252,B2,113,sonnet,noun,소네트,CEFRJ_1_5
EN-B2-02253,B2,113,sophisticated,adjective,세련된; 복잡한,CEFRJ_1_5
EN-B2-02254,B2,113,sort,verb,분류하다,CEFRJ_1_5
EN-B2-02255,B2,113,sound,adjective,건전한; 타당한,CEFRJ_1_5
EN-B2-02256,B2,113,soundtrack,noun,사운드트랙,CEFRJ_1_5
EN-B2-02257,B2,113,southward,adverb,남쪽으로,CEFRJ_1_5
EN-B2-02258,B2,113,Soviet,noun,소련 사람,CEFRJ_1_5
EN-B2-02259,B2,113,soybean,noun,대두,CEFRJ_1_5
EN-B2-02260,B2,113,spa,noun,스파,CEFRJ_1_5
EN-B2-02261,B2,114,span,verb,걸치다; 포함하다,CEFRJ_1_5
EN-B2-02262,B2,114,spare,adjective,여분의; 예비의,CEFRJ_1_5
EN-B2-02263,B2,114,spare,verb,할애하다; 아끼다,CEFRJ_1_5
EN-B2-02264,B2,114,sparerib,noun,갈비,CEFRJ_1_5
EN-B2-02265,B2,114,spark,noun,불꽃; 촉발제,CEFRJ_1_5
EN-B2-02266,B2,114,sparkling,adjective,반짝이는,CEFRJ_1_5
EN-B2-02267,B2,114,sparrow,noun,참새,CEFRJ_1_5
EN-B2-02268,B2,114,specialty,noun,전문; 특산품,CEFRJ_1_5
EN-B2-02269,B2,114,species,noun,종,CEFRJ_1_5
EN-B2-02270,B2,114,specifically,adverb,구체적으로; 특별히,CEFRJ_1_5
EN-B2-02271,B2,114,specify,verb,명시하다,CEFRJ_1_5
EN-B2-02272,B2,114,spectacle,noun,장관; 구경거리,CEFRJ_1_5
EN-B2-02273,B2,114,speeder,noun,과속 운전자,CEFRJ_1_5
EN-B2-02274,B2,114,spellbound,adjective,마음을 빼앗긴,CEFRJ_1_5
EN-B2-02275,B2,114,spin,verb,회전하다; 실을 잣다,CEFRJ_1_5
EN-B2-02276,B2,114,spite,noun,앙심; 악의,CEFRJ_1_5
EN-B2-02277,B2,114,splash,noun,튀김; 튀기는 소리,CEFRJ_1_5
EN-B2-02278,B2,114,splatter,noun,튀어 오름; 얼룩,CEFRJ_1_5
EN-B2-02279,B2,114,split,verb,쪼개다; 분열시키다,CEFRJ_1_5
EN-B2-02280,B2,114,spokesman,noun,대변인,CEFRJ_1_5
EN-B2-02281,B2,115,spokeswoman,noun,여성 대변인,CEFRJ_1_5
EN-B2-02282,B2,115,sponsor,verb,후원하다,CEFRJ_1_5
EN-B2-02283,B2,115,spot,verb,발견하다; 알아채다,CEFRJ_1_5
EN-B2-02284,B2,115,spray,noun,스프레이; 분무,CEFRJ_1_5
EN-B2-02285,B2,115,spray,verb,뿌리다; 분사하다,CEFRJ_1_5
EN-B2-02286,B2,115,spread,verb,퍼지다; 펼치다,CEFRJ_1_5
EN-B2-02287,B2,115,spreadsheet,noun,스프레드시트,CEFRJ_1_5
EN-B2-02288,B2,115,sprint,noun,전력 질주,CEFRJ_1_5
EN-B2-02289,B2,115,spur,noun,박차; 자극,CEFRJ_1_5
EN-B2-02290,B2,115,squad,noun,분대; 팀,CEFRJ_1_5
EN-B2-02291,B2,115,squash,noun,스쿼시; 호박,CEFRJ_1_5
EN-B2-02292,B2,115,squash,verb,짓누르다; 으깨다,CEFRJ_1_5
EN-B2-02293,B2,115,squeeze,verb,짜다; 꽉 쥐다,CEFRJ_1_5
EN-B2-02294,B2,115,stab,verb,찌르다,CEFRJ_1_5
EN-B2-02295,B2,115,stability,noun,안정성,CEFRJ_1_5
EN-B2-02296,B2,115,stack,noun,더미; 쌓아 올린 것,CEFRJ_1_5
EN-B2-02297,B2,115,stagger,noun,비틀거림,CEFRJ_1_5
EN-B2-02298,B2,115,stain,noun,얼룩,CEFRJ_1_5
EN-B2-02299,B2,115,stain,verb,더럽히다; 얼룩지게 하다,CEFRJ_1_5
EN-B2-02300,B2,115,stake,noun,말뚝; 지분,CEFRJ_1_5
EN-B2-02301,B2,116,stammer,verb,말을 더듬다,CEFRJ_1_5
EN-B2-02302,B2,116,stamp,verb,발을 구르다; 도장을 찍다,CEFRJ_1_5
EN-B2-02303,B2,116,standard,adjective,표준의; 일반적인,CEFRJ_1_5
EN-B2-02304,B2,116,standby,adjective,대기 중인,CEFRJ_1_5
EN-B2-02305,B2,116,standstill,noun,정지; 막힘,CEFRJ_1_5
EN-B2-02306,B2,116,stanza,noun,연(시의),CEFRJ_1_5
EN-B2-02307,B2,116,startle,verb,깜짝 놀라게 하다,CEFRJ_1_5
EN-B2-02308,B2,116,starvation,noun,기아; 굶주림,CEFRJ_1_5
EN-B2-02309,B2,116,starve,verb,굶주리다,CEFRJ_1_5
EN-B2-02310,B2,116,starving,adjective,배고파 죽을 지경인,CEFRJ_1_5
EN-B2-02311,B2,116,state,adjective,국가의; 주(州)의,CEFRJ_1_5
EN-B2-02312,B2,116,state,verb,진술하다; 명시하다,CEFRJ_1_5
EN-B2-02313,B2,116,statesman,noun,정치가,CEFRJ_1_5
EN-B2-02314,B2,116,statewide,adverb,주 전역에 걸쳐,CEFRJ_1_5
EN-B2-02315,B2,116,statistics,noun,통계; 통계학,CEFRJ_1_5
EN-B2-02316,B2,116,steely,adjective,강철 같은; 단호한,CEFRJ_1_5
EN-B2-02317,B2,116,steer,verb,조종하다; 이끌다,CEFRJ_1_5
EN-B2-02318,B2,116,steering wheel,noun,운전대,CEFRJ_1_5
EN-B2-02319,B2,116,stepfather,noun,의붓아버지,CEFRJ_1_5
EN-B2-02320,B2,116,stepmother,noun,의붓어머니,CEFRJ_1_5
EN-B2-02321,B2,117,stereotype,noun,고정관념,CEFRJ_1_5
EN-B2-02322,B2,117,stern,adjective,엄격한; 단호한,CEFRJ_1_5
EN-B2-02323,B2,117,stew,noun,스튜(고기나 채소를 넣고 끓인 요리),CEFRJ_1_5
EN-B2-02324,B2,117,stick,noun,막대기; 나뭇가지,CEFRJ_1_5
EN-B2-02325,B2,117,stiff,adjective,뻣뻣한; 딱딱한,CEFRJ_1_5
EN-B2-02326,B2,117,stimulant,noun,자극제,CEFRJ_1_5
EN-B2-02327,B2,117,stimulate,verb,자극하다; 촉진하다,CEFRJ_1_5
EN-B2-02328,B2,117,stimulation,noun,자극; 고무,CEFRJ_1_5
EN-B2-02329,B2,117,stingy,adjective,인색한; 쩨쩨한,CEFRJ_1_5
EN-B2-02330,B2,117,stink,verb,악취가 나다,CEFRJ_1_5
EN-B2-02331,B2,117,stitch,noun,바늘땀; 한 바늘,CEFRJ_1_5
EN-B2-02332,B2,117,stock,noun,재고; 주식,CEFRJ_1_5
EN-B2-02333,B2,117,stock market,noun,주식 시장,CEFRJ_1_5
EN-B2-02334,B2,117,stockpile,noun,비축물,CEFRJ_1_5
EN-B2-02335,B2,117,stonework,noun,석조 공사,CEFRJ_1_5
EN-B2-02336,B2,117,stool,noun,의자; 스툴,CEFRJ_1_5
EN-B2-02337,B2,117,stopover,noun,경유; 중간 기착,CEFRJ_1_5
EN-B2-02338,B2,117,stopwatch,noun,스톱워치,CEFRJ_1_5
EN-B2-02339,B2,117,store,verb,저장하다,CEFRJ_1_5
EN-B2-02340,B2,117,straighten,verb,똑바로 펴다; 바로잡다,CEFRJ_1_5
EN-B2-02341,B2,118,straightforward,adjective,솔직한; 간단한,CEFRJ_1_5
EN-B2-02342,B2,118,strain,verb,부담을 주다; 혹사하다,CEFRJ_1_5
EN-B2-02343,B2,118,strait,noun,해협,CEFRJ_1_5
EN-B2-02344,B2,118,strand,noun,가닥; 해안,CEFRJ_1_5
EN-B2-02345,B2,118,strangle,verb,목을 조르다,CEFRJ_1_5
EN-B2-02346,B2,118,stress,verb,강조하다; 스트레스를 주다,CEFRJ_1_5
EN-B2-02347,B2,118,strictly,adverb,엄격히; 엄밀히,CEFRJ_1_5
EN-B2-02348,B2,118,stride,verb,성큼성큼 걷다,CEFRJ_1_5
EN-B2-02349,B2,118,striking,adjective,눈에 띄는; 놀라운,CEFRJ_1_5
EN-B2-02350,B2,118,strip,verb,벗기다; 제거하다,CEFRJ_1_5
EN-B2-02351,B2,118,strive,verb,분투하다; 노력하다,CEFRJ_1_5
EN-B2-02352,B2,118,stroke,noun,뇌졸중; 일격,CEFRJ_1_5
EN-B2-02353,B2,118,stroke,verb,쓰다듬다,CEFRJ_1_5
EN-B2-02354,B2,118,struggle,verb,고군분투하다; 애쓰다,CEFRJ_1_5
EN-B2-02355,B2,118,stubbornly,adverb,완강하게; 고집스럽게,CEFRJ_1_5
EN-B2-02356,B2,118,stuff,verb,채워 넣다; 쑤셔 넣다,CEFRJ_1_5
EN-B2-02357,B2,118,stylist,noun,스타일리스트,CEFRJ_1_5
EN-B2-02358,B2,118,subcontinent,noun,아대륙,CEFRJ_1_5
EN-B2-02359,B2,118,subculture,noun,하위문화,CEFRJ_1_5
EN-B2-02360,B2,118,subdivision,noun,세분; 하위 부서,CEFRJ_1_5
EN-B2-02361,B2,119,subjunctive,noun,가정법,CEFRJ_1_5
EN-B2-02362,B2,119,submit,verb,제출하다; 굴복하다,CEFRJ_1_5
EN-B2-02363,B2,119,subplot,noun,부차적인 줄거리,CEFRJ_1_5
EN-B2-02364,B2,119,subside,verb,가라앉다; 진정되다,CEFRJ_1_5
EN-B2-02365,B2,119,substance,noun,물질; 실체,CEFRJ_1_5
EN-B2-02366,B2,119,substitute,verb,대체하다,CEFRJ_1_5
EN-B2-02367,B2,119,subtitle,noun,자막,CEFRJ_1_5
EN-B2-02368,B2,119,subtle,adjective,미묘한; 교묘한,CEFRJ_1_5
EN-B2-02369,B2,119,subtract,verb,빼다; 감하다,CEFRJ_1_5
EN-B2-02370,B2,119,suburb,noun,교외,CEFRJ_1_5
EN-B2-02371,B2,119,successive,adjective,연속적인,CEFRJ_1_5
EN-B2-02372,B2,119,suck,verb,빨다; 엉망이다,CEFRJ_1_5
EN-B2-02373,B2,119,sue,verb,고소하다,CEFRJ_1_5
EN-B2-02374,B2,119,suffering,noun,고통; 괴로움,CEFRJ_1_5
EN-B2-02375,B2,119,sufficiently,adverb,충분히,CEFRJ_1_5
EN-B2-02376,B2,119,suitably,adverb,적절하게,CEFRJ_1_5
EN-B2-02377,B2,119,sulfur/sulphur,noun,황,CEFRJ_1_5
EN-B2-02378,B2,119,sunbeam,noun,햇살,CEFRJ_1_5
EN-B2-02379,B2,119,superb,adjective,최고의; 훌륭한,CEFRJ_1_5
EN-B2-02380,B2,119,superintendent,noun,관리자; 감독관,CEFRJ_1_5
EN-B2-02381,B2,120,supernatural,adjective,초자연적인,CEFRJ_1_5
EN-B2-02382,B2,120,supervise,verb,감독하다; 관리하다,CEFRJ_1_5
EN-B2-02383,B2,120,supervision,noun,감독; 관리,CEFRJ_1_5
EN-B2-02384,B2,120,supervisor,noun,감독관; 관리자,CEFRJ_1_5
EN-B2-02385,B2,120,supplement,noun,보충; 추가; 부록,CEFRJ_1_5
EN-B2-02386,B2,120,supplier,noun,공급자; 공급 업체,CEFRJ_1_5
EN-B2-02387,B2,120,supply,verb,공급하다,CEFRJ_1_5
EN-B2-02388,B2,120,suppress,verb,억압하다; 진압하다,CEFRJ_1_5
EN-B2-02389,B2,120,surge,noun,급증; 파도처럼 밀려듦,CEFRJ_1_5
EN-B2-02390,B2,120,surrender,verb,항복하다; 포기하다,CEFRJ_1_5
EN-B2-02391,B2,120,surroundings,noun,주변 환경,CEFRJ_1_5
EN-B2-02392,B2,120,surveillance,noun,감시,CEFRJ_1_5
EN-B2-02393,B2,120,suspect,verb,의심하다,CEFRJ_1_5
EN-B2-02394,B2,120,suspend,verb,중단하다; 정학시키다; 매달다,CEFRJ_1_5
EN-B2-02395,B2,120,suspicious,adjective,의심스러운,CEFRJ_1_5
EN-B2-02396,B2,120,suspiciously,adverb,의심스럽게,CEFRJ_1_5
EN-B2-02397,B2,120,sustain,verb,지속하다; 유지하다,CEFRJ_1_5
EN-B2-02398,B2,120,swan,noun,백조,CEFRJ_1_5
EN-B2-02399,B2,120,sweep,verb,쓸다; 청소하다,CEFRJ_1_5
EN-B2-02400,B2,120,swift,adjective,신속한; 빠른,CEFRJ_1_5
EN-B2-02401,B2,121,swing,noun,그네; 흔들림; 변화,CEFRJ_1_5
EN-B2-02402,B2,121,swing,verb,흔들리다; 휘두르다,CEFRJ_1_5
EN-B2-02403,B2,121,syllable,noun,음절,CEFRJ_1_5
EN-B2-02404,B2,121,symbolic,adjective,상징적인,CEFRJ_1_5
EN-B2-02405,B2,121,sympathetic,adjective,동정적인; 공감하는,CEFRJ_1_5
EN-B2-02406,B2,121,sympathize/sympathise,verb,동정하다; 공감하다,CEFRJ_1_5
EN-B2-02407,B2,121,synonym,noun,유의어,CEFRJ_1_5
EN-B2-02408,B2,121,tablecloth,noun,식탁보,CEFRJ_1_5
EN-B2-02409,B2,121,tabloid,adjective,타블로이드판의; 선정적인,CEFRJ_1_5
EN-B2-02410,B2,121,tabloid,noun,타블로이드 신문,CEFRJ_1_5
EN-B2-02411,B2,121,tack,verb,압정으로 고정하다; 방향을 바꾸다,CEFRJ_1_5
EN-B2-02412,B2,121,tackle,verb,다루다; 해결하려고 노력하다,CEFRJ_1_5
EN-B2-02413,B2,121,tactile,adjective,촉각의; 만질 수 있는,CEFRJ_1_5
EN-B2-02414,B2,121,tag,noun,꼬리표; 태그,CEFRJ_1_5
EN-B2-02415,B2,121,tail,noun,꼬리,CEFRJ_1_5
EN-B2-02416,B2,121,tame,adjective,길들여진; 재미없는,CEFRJ_1_5
EN-B2-02417,B2,121,tan,noun,황갈색,CEFRJ_1_5
EN-B2-02418,B2,121,tanned,adjective,햇볕에 탄,CEFRJ_1_5
EN-B2-02419,B2,121,tap,verb,톡톡 두드리다; 수도꼭지를 틀다,CEFRJ_1_5
EN-B2-02420,B2,121,tatter,noun,너덜너덜한 조각,CEFRJ_1_5
EN-B2-02421,B2,122,tattoo,noun,문신,CEFRJ_1_5
EN-B2-02422,B2,122,taunt,noun,조롱; 비웃음,CEFRJ_1_5
EN-B2-02423,B2,122,tease,verb,놀리다; 괴롭히다,CEFRJ_1_5
EN-B2-02424,B2,122,teaspoon,noun,티스푼,CEFRJ_1_5
EN-B2-02425,B2,122,technical,adjective,기술적인; 전문적인,CEFRJ_1_5
EN-B2-02426,B2,122,technically,adverb,엄밀히 말하면; 기술적으로,CEFRJ_1_5
EN-B2-02427,B2,122,telescope,noun,망원경,CEFRJ_1_5
EN-B2-02428,B2,122,temperate,adjective,온화한; 절제하는,CEFRJ_1_5
EN-B2-02429,B2,122,temporarily,adverb,일시적으로,CEFRJ_1_5
EN-B2-02430,B2,122,temptation,noun,유혹,CEFRJ_1_5
EN-B2-02431,B2,122,tender,adjective,부드러운; 다정한,CEFRJ_1_5
EN-B2-02432,B2,122,tenderly,adverb,다정하게,CEFRJ_1_5
EN-B2-02433,B2,122,tenderness,noun,다정함; 부드러움,CEFRJ_1_5
EN-B2-02434,B2,122,terrace,noun,테라스; 계단식 논,CEFRJ_1_5
EN-B2-02435,B2,122,terrifying,adjective,끔찍한; 무서운,CEFRJ_1_5
EN-B2-02436,B2,122,territory,noun,영토; 영역,CEFRJ_1_5
EN-B2-02437,B2,122,test,verb,시험하다; 검사하다,CEFRJ_1_5
EN-B2-02438,B2,122,testify,verb,증언하다,CEFRJ_1_5
EN-B2-02439,B2,122,testimony,noun,증언,CEFRJ_1_5
EN-B2-02440,B2,122,that,adverb,그 정도로; 그렇게,CEFRJ_1_5
EN-B2-02441,B2,123,theme,noun,주제; 테마,CEFRJ_1_5
EN-B2-02442,B2,123,theorist,noun,이론가,CEFRJ_1_5
EN-B2-02443,B2,123,therapist,noun,치료사,CEFRJ_1_5
EN-B2-02444,B2,123,therapy,noun,치료; 요법,CEFRJ_1_5
EN-B2-02445,B2,123,thereafter,adverb,그 후에,CEFRJ_1_5
EN-B2-02446,B2,123,thermometer,noun,온도계,CEFRJ_1_5
EN-B2-02447,B2,123,thesis,noun,학위 논문; 명제,CEFRJ_1_5
EN-B2-02448,B2,123,thickly,adverb,두껍게,CEFRJ_1_5
EN-B2-02449,B2,123,thickness,noun,두께,CEFRJ_1_5
EN-B2-02450,B2,123,thigh,noun,허벅지,CEFRJ_1_5
EN-B2-02451,B2,123,thinker,noun,사상가,CEFRJ_1_5
EN-B2-02452,B2,123,third person,noun,3인칭,CEFRJ_1_5
EN-B2-02453,B2,123,thirdly,adverb,셋째로,CEFRJ_1_5
EN-B2-02454,B2,123,thirst,noun,갈증,CEFRJ_1_5
EN-B2-02455,B2,123,thoroughly,adverb,철저히; 완전히,CEFRJ_1_5
EN-B2-02456,B2,123,though,adverb,그렇지만; 그래도,CEFRJ_1_5
EN-B2-02457,B2,123,thoughtful,adjective,사려 깊은,CEFRJ_1_5
EN-B2-02458,B2,123,thoughtless,adjective,경솔한; 배려 없는,CEFRJ_1_5
EN-B2-02459,B2,123,thread,noun,실; 실 같은 것,CEFRJ_1_5
EN-B2-02460,B2,123,threaten,verb,위협하다,CEFRJ_1_5
EN-B2-02461,B2,124,thrill,noun,전율; 흥분,CEFRJ_1_5
EN-B2-02462,B2,124,thrilled,adjective,아주 흥분한,CEFRJ_1_5
EN-B2-02463,B2,124,thrilling,adjective,짜릿한; 흥미진진한,CEFRJ_1_5
EN-B2-02464,B2,124,throat,noun,목구멍,CEFRJ_1_5
EN-B2-02465,B2,124,tickle,verb,간지럽히다,CEFRJ_1_5
EN-B2-02466,B2,124,tight,adverb,단단히; 꽉,CEFRJ_1_5
EN-B2-02467,B2,124,tightrope,noun,외줄,CEFRJ_1_5
EN-B2-02468,B2,124,time,verb,시간을 맞추다,CEFRJ_1_5
EN-B2-02469,B2,124,timeless,adjective,세월이 흘러도 변치 않는,CEFRJ_1_5
EN-B2-02470,B2,124,timeliness,noun,적시성,CEFRJ_1_5
EN-B2-02471,B2,124,times,preposition,곱하기,CEFRJ_1_5
EN-B2-02472,B2,124,timing,noun,타이밍; 시간 조절,CEFRJ_1_5
EN-B2-02473,B2,124,tip,verb,끝을 살짝 들어 올리다; 팁을 주다,CEFRJ_1_5
EN-B2-02474,B2,124,tiptoe,verb,발끝으로 살금살금 걷다,CEFRJ_1_5
EN-B2-02475,B2,124,tiredness,noun,피로,CEFRJ_1_5
EN-B2-02476,B2,124,tiresome,adjective,성가신; 지루한,CEFRJ_1_5
EN-B2-02477,B2,124,toenail,noun,발톱,CEFRJ_1_5
EN-B2-02478,B2,124,toil,verb,힘들게 일하다,CEFRJ_1_5
EN-B2-02479,B2,124,tolerant,adjective,관대한; 용인하는,CEFRJ_1_5
EN-B2-02480,B2,124,tolerate,verb,용인하다; 참다,CEFRJ_1_5
EN-B2-02481,B2,125,toll,noun,통행료; 희생,CEFRJ_1_5
EN-B2-02482,B2,125,tomb,noun,무덤,CEFRJ_1_5
EN-B2-02483,B2,125,ton,noun,톤,CEFRJ_1_5
EN-B2-02484,B2,125,torch,noun,횃불; 손전등,CEFRJ_1_5
EN-B2-02485,B2,125,tortoiseshell,noun,거북 등껍질,CEFRJ_1_5
EN-B2-02486,B2,125,torture,verb,고문하다,CEFRJ_1_5
EN-B2-02487,B2,125,tough,adjective,튼튼한; 힘든,CEFRJ_1_5
EN-B2-02488,B2,125,toxic,adjective,유독성의,CEFRJ_1_5
EN-B2-02489,B2,125,trace,verb,추적하다; 따라가다,CEFRJ_1_5
EN-B2-02490,B2,125,track,verb,추적하다; 뒤쫓다,CEFRJ_1_5
EN-B2-02491,B2,125,trade,verb,교역하다; 매매하다,CEFRJ_1_5
EN-B2-02492,B2,125,trader,noun,상인; 무역업자,CEFRJ_1_5
EN-B2-02493,B2,125,trail,verb,질질 끌다; 뒤를 밟다,CEFRJ_1_5
EN-B2-02494,B2,125,trailer,noun,트레일러; 이동식 주택,CEFRJ_1_5
EN-B2-02495,B2,125,trainee,noun,연수생; 교육생,CEFRJ_1_5
EN-B2-02496,B2,125,trainer,noun,훈련사; 코치,CEFRJ_1_5
EN-B2-02497,B2,125,trait,noun,특성; 기질,CEFRJ_1_5
EN-B2-02498,B2,125,traitor,noun,배신자,CEFRJ_1_5
EN-B2-02499,B2,125,tramp,noun,부랑자,CEFRJ_1_5
EN-B2-02500,B2,125,trample,noun,짓밟기,CEFRJ_1_5
EN-B2-02501,B2,126,transcript,noun,기록; 성적 증명서,CEFRJ_1_5
EN-B2-02502,B2,126,transfer,noun,이동; 환승; 전근,CEFRJ_1_5
EN-B2-02503,B2,126,transfusion,noun,수혈,CEFRJ_1_5
EN-B2-02504,B2,126,transient,adjective,일시적인; 덧없는,CEFRJ_1_5
EN-B2-02505,B2,126,transistor,noun,트랜지스터,CEFRJ_1_5
EN-B2-02506,B2,126,transition,noun,이행; 과도기,CEFRJ_1_5
EN-B2-02507,B2,126,transitive,adjective,타동사의,CEFRJ_1_5
EN-B2-02508,B2,126,translation,noun,번역,CEFRJ_1_5
EN-B2-02509,B2,126,translator,noun,번역가,CEFRJ_1_5
EN-B2-02510,B2,126,transmission,noun,전송; 전달,CEFRJ_1_5
EN-B2-02511,B2,126,transmit,verb,전송하다; 전달하다,CEFRJ_1_5
EN-B2-02512,B2,126,transparent,adjective,투명한,CEFRJ_1_5
EN-B2-02513,B2,126,transport,verb,수송하다; 운송하다,CEFRJ_1_5
EN-B2-02514,B2,126,traverse,noun,횡단; 가로지르기,CEFRJ_1_5
EN-B2-02515,B2,126,tray,noun,쟁반,CEFRJ_1_5
EN-B2-02516,B2,126,tread,verb,밟다; 걷다,CEFRJ_1_5
EN-B2-02517,B2,126,treat,verb,대우하다; 치료하다; 다루다,CEFRJ_1_5
EN-B2-02518,B2,126,treaty,noun,조약,CEFRJ_1_5
EN-B2-02519,B2,126,trek,noun,트레킹; 오지 여행,CEFRJ_1_5
EN-B2-02520,B2,126,tremendously,adverb,엄청나게,CEFRJ_1_5
EN-B2-02521,B2,127,tremor,noun,진동; 떨림,CEFRJ_1_5
EN-B2-02522,B2,127,trial,noun,재판; 시도,CEFRJ_1_5
EN-B2-02523,B2,127,triangle,noun,삼각형,CEFRJ_1_5
EN-B2-02524,B2,127,tribe,noun,부족,CEFRJ_1_5
EN-B2-02525,B2,127,trick,verb,속이다; 장난치다,CEFRJ_1_5
EN-B2-02526,B2,127,tricky,adjective,까다로운; 다루기 힘든,CEFRJ_1_5
EN-B2-02527,B2,127,trio,noun,3인조,CEFRJ_1_5
EN-B2-02528,B2,127,trip,verb,발이 걸려 넘어지다; 여행하다,CEFRJ_1_5
EN-B2-02529,B2,127,trivial,adjective,사소한; 하찮은,CEFRJ_1_5
EN-B2-02530,B2,127,trolley,noun,트롤리; 카트,CEFRJ_1_5
EN-B2-02531,B2,127,troop,noun,군대; 병력,CEFRJ_1_5
EN-B2-02532,B2,127,trophy,noun,트로피; 전리품,CEFRJ_1_5
EN-B2-02533,B2,127,tropic,adjective,열대의,CEFRJ_1_5
EN-B2-02534,B2,127,troublesome,adjective,골치 아픈; 성가신,CEFRJ_1_5
EN-B2-02535,B2,127,trunk,noun,나무 줄기; 몸통; 트렁크,CEFRJ_1_5
EN-B2-02536,B2,127,trust,noun,신뢰; 신탁,CEFRJ_1_5
EN-B2-02537,B2,127,trusty,adjective,믿을 만한,CEFRJ_1_5
EN-B2-02538,B2,127,truthful,adjective,정직한; 진실한,CEFRJ_1_5
EN-B2-02539,B2,127,truthfulness,noun,진실성,CEFRJ_1_5
EN-B2-02540,B2,127,tub,noun,통; 욕조,CEFRJ_1_5
EN-B2-02541,B2,128,tuberculosis,noun,결핵,CEFRJ_1_5
EN-B2-02542,B2,128,tug,noun,당기기; 예인,CEFRJ_1_5
EN-B2-02543,B2,128,tuition,noun,수업료,CEFRJ_1_5
EN-B2-02544,B2,128,tulip,noun,튤립,CEFRJ_1_5
EN-B2-02545,B2,128,tumor/tumour,noun,종양,CEFRJ_1_5
EN-B2-02546,B2,128,tunnel,noun,터널,CEFRJ_1_5
EN-B2-02547,B2,128,turbulent,adjective,사나운; 격동의,CEFRJ_1_5
EN-B2-02548,B2,128,tutor,noun,개인 교사; 튜터,CEFRJ_1_5
EN-B2-02549,B2,128,twinkle,noun,반짝임,CEFRJ_1_5
EN-B2-02550,B2,128,twisted,adjective,뒤틀린; 왜곡된,CEFRJ_1_5
EN-B2-02551,B2,128,typhoid,noun,장티푸스,CEFRJ_1_5
EN-B2-02552,B2,128,tyranny,noun,폭정; 독재,CEFRJ_1_5
EN-B2-02553,B2,128,tyrant,noun,폭군,CEFRJ_1_5
EN-B2-02554,B2,128,ultimate,adjective,궁극적인; 최후의,CEFRJ_1_5
EN-B2-02555,B2,128,ultimately,adverb,궁극적으로; 결국,CEFRJ_1_5
EN-B2-02556,B2,128,unacceptable,adjective,용납할 수 없는,CEFRJ_1_5
EN-B2-02557,B2,128,unashamedly,adverb,뻔뻔스럽게,CEFRJ_1_5
EN-B2-02558,B2,128,unattractive,adjective,매력 없는,CEFRJ_1_5
EN-B2-02559,B2,128,unauthorized/unauthorised,adjective,허가받지 않은,CEFRJ_1_5
EN-B2-02560,B2,128,unavailable,adjective,이용할 수 없는,CEFRJ_1_5
EN-B2-02561,B2,129,unaware,adjective,알지 못하는,CEFRJ_1_5
EN-B2-02562,B2,129,unbearable,adjective,참을 수 없는,CEFRJ_1_5
EN-B2-02563,B2,129,unbeatable,adjective,당해낼 수 없는,CEFRJ_1_5
EN-B2-02564,B2,129,unchanged,adjective,변하지 않은,CEFRJ_1_5
EN-B2-02565,B2,129,uncharacteristic,adjective,평소답지 않은,CEFRJ_1_5
EN-B2-02566,B2,129,unclearly,adverb,불분명하게,CEFRJ_1_5
EN-B2-02567,B2,129,uncomfortably,adverb,불편하게,CEFRJ_1_5
EN-B2-02568,B2,129,uncommon,adjective,흔치 않은,CEFRJ_1_5
EN-B2-02569,B2,129,unconcerned,adjective,무관심한,CEFRJ_1_5
EN-B2-02570,B2,129,unconscious,adjective,의식을 잃은,CEFRJ_1_5
EN-B2-02571,B2,129,underestimate,verb,과소평가하다,CEFRJ_1_5
EN-B2-02572,B2,129,undergraduate,noun,학부생,CEFRJ_1_5
EN-B2-02573,B2,129,underground,adjective,지하의; 지하철의,CEFRJ_1_5
EN-B2-02574,B2,129,underground,adverb,지하에서; 비밀리에,CEFRJ_1_5
EN-B2-02575,B2,129,underneath,adverb,밑에; 아래에,CEFRJ_1_5
EN-B2-02576,B2,129,undersea,adjective,해저의,CEFRJ_1_5
EN-B2-02577,B2,129,understandable,adjective,이해할 만한,CEFRJ_1_5
EN-B2-02578,B2,129,understanding,adjective,이해심 있는,CEFRJ_1_5
EN-B2-02579,B2,129,understanding,noun,이해; 합의,CEFRJ_1_5
EN-B2-02580,B2,129,undertake,verb,착수하다; 떠맡다,CEFRJ_1_5
EN-B2-02581,B2,130,underwater,adverb,물속에서,CEFRJ_1_5
EN-B2-02582,B2,130,underwear,noun,속옷,CEFRJ_1_5
EN-B2-02583,B2,130,undoubtedly,adverb,의심할 여지 없이,CEFRJ_1_5
EN-B2-02584,B2,130,undreamed,adjective,상상도 못 한,CEFRJ_1_5
EN-B2-02585,B2,130,undressed,adjective,옷을 입지 않은,CEFRJ_1_5
EN-B2-02586,B2,130,unease,noun,불안; 우려,CEFRJ_1_5
EN-B2-02587,B2,130,uneasily,adverb,불안하게,CEFRJ_1_5
EN-B2-02588,B2,130,unenthusiastic,adjective,열의가 없는,CEFRJ_1_5
EN-B2-02589,B2,130,uneven,adjective,평평하지 않은; 고르지 않은,CEFRJ_1_5
EN-B2-02590,B2,130,unfamiliar,adjective,낯선; 익숙하지 않은,CEFRJ_1_5
EN-B2-02591,B2,130,unfashionable,adjective,유행에 뒤떨어진,CEFRJ_1_5
EN-B2-02592,B2,130,unforeseen,adjective,예견하지 못한,CEFRJ_1_5
EN-B2-02593,B2,130,ungodly,adjective,불경건한; 터무니없는,CEFRJ_1_5
EN-B2-02594,B2,130,unhappiness,noun,불행,CEFRJ_1_5
EN-B2-02595,B2,130,unhelpful,adjective,도움이 안 되는,CEFRJ_1_5
EN-B2-02596,B2,130,unimaginable,adjective,상상할 수 없는,CEFRJ_1_5
EN-B2-02597,B2,130,unimaginably,adverb,상상할 수 없을 정도로,CEFRJ_1_5
EN-B2-02598,B2,130,united,adjective,단결된; 연합한,CEFRJ_1_5
EN-B2-02599,B2,130,universal,adjective,보편적인; 전 세계적인,CEFRJ_1_5
EN-B2-02600,B2,130,unjustly,adverb,부당하게,CEFRJ_1_5
EN-B2-02601,B2,131,unkind,adjective,불친절한; 냉정한,CEFRJ_1_5
EN-B2-02602,B2,131,unlike,preposition,~와는 다른; ~와는 달리,CEFRJ_1_5
EN-B2-02603,B2,131,unlimited,adjective,무제한의,CEFRJ_1_5
EN-B2-02604,B2,131,unload,verb,짐을 내리다,CEFRJ_1_5
EN-B2-02605,B2,131,unlock,verb,자물쇠를 열다; 잠금을 해제하다,CEFRJ_1_5
EN-B2-02606,B2,131,unmistakable,adjective,명백한; 틀림없는,CEFRJ_1_5
EN-B2-02607,B2,131,unmistakably,adverb,명백히; 틀림없이,CEFRJ_1_5
EN-B2-02608,B2,131,unnatural,adjective,부자연스러운,CEFRJ_1_5
EN-B2-02609,B2,131,unofficial,adjective,비공식적인,CEFRJ_1_5
EN-B2-02610,B2,131,unpopular,adjective,인기 없는,CEFRJ_1_5
EN-B2-02611,B2,131,unrealistic,adjective,비현실적인,CEFRJ_1_5
EN-B2-02612,B2,131,unreasonable,adjective,불합리한; 터무니없는,CEFRJ_1_5
EN-B2-02613,B2,131,unreliable,adjective,믿을 수 없는,CEFRJ_1_5
EN-B2-02614,B2,131,unrest,noun,불안; 동요,CEFRJ_1_5
EN-B2-02615,B2,131,unsafe,adjective,안전하지 않은,CEFRJ_1_5
EN-B2-02616,B2,131,unsatisfactory,adjective,불만족스러운,CEFRJ_1_5
EN-B2-02617,B2,131,unselfish,adjective,이타적인,CEFRJ_1_5
EN-B2-02618,B2,131,unstoppable,adjective,막을 수 없는,CEFRJ_1_5
EN-B2-02619,B2,131,unsuccessful,adjective,실패한; 성공하지 못한,CEFRJ_1_5
EN-B2-02620,B2,131,unsuitable,adjective,부적절한,CEFRJ_1_5
EN-B2-02621,B2,132,unsure,adjective,확신이 없는,CEFRJ_1_5
EN-B2-02622,B2,132,untalented,adjective,재능이 없는,CEFRJ_1_5
EN-B2-02623,B2,132,unthinkably,adverb,상상할 수 없을 정도로,CEFRJ_1_5
EN-B2-02624,B2,132,untie,verb,풀다,CEFRJ_1_5
EN-B2-02625,B2,132,unto,preposition,~에게,CEFRJ_1_5
EN-B2-02626,B2,132,untreated,adjective,처리되지 않은,CEFRJ_1_5
EN-B2-02627,B2,132,untrimmed,adjective,다듬지 않은,CEFRJ_1_5
EN-B2-02628,B2,132,unusualness,noun,특이함; 비범함,CEFRJ_1_5
EN-B2-02629,B2,132,unwilling,adjective,꺼리는; 비자발적인,CEFRJ_1_5
EN-B2-02630,B2,132,unwise,adjective,현명하지 못한,CEFRJ_1_5
EN-B2-02631,B2,132,unworldly,adjective,세속적이지 않은; 순진한,CEFRJ_1_5
EN-B2-02632,B2,132,upbringing,noun,양육; 가정 교육,CEFRJ_1_5
EN-B2-02633,B2,132,update,noun,최신 정보; 갱신,CEFRJ_1_5
EN-B2-02634,B2,132,upgrade,noun,업그레이드; 개선,CEFRJ_1_5
EN-B2-02635,B2,132,upgrade,verb,업그레이드하다; 개선하다,CEFRJ_1_5
EN-B2-02636,B2,132,upright,adjective,똑바른; 정직한,CEFRJ_1_5
EN-B2-02637,B2,132,upright,adverb,똑바로; 수직으로,CEFRJ_1_5
EN-B2-02638,B2,132,upset,verb,속상하게 하다; 뒤엎다,CEFRJ_1_5
EN-B2-02639,B2,132,upside down,adjective,거꾸로 된,CEFRJ_1_5
EN-B2-02640,B2,132,upside down,adverb,거꾸로; 뒤죽박죽으로,CEFRJ_1_5
EN-B2-02641,B2,133,urban,adjective,도시의,CEFRJ_1_5
EN-B2-02642,B2,133,urge,verb,촉구하다; 재촉하다,CEFRJ_1_5
EN-B2-02643,B2,133,urgently,adverb,긴급하게,CEFRJ_1_5
EN-B2-02644,B2,133,user,noun,사용자,CEFRJ_1_5
EN-B2-02645,B2,133,usher,verb,안내하다; 안내원이 되다,CEFRJ_1_5
EN-B2-02646,B2,133,utility,noun,유용성; 공익 사업,CEFRJ_1_5
EN-B2-02647,B2,133,utilize/utilise,verb,활용하다; 이용하다,CEFRJ_1_5
EN-B2-02648,B2,133,utter,verb,말하다; 발성하다,CEFRJ_1_5
EN-B2-02649,B2,133,utterly,adverb,완전히; 아주,CEFRJ_1_5
EN-B2-02650,B2,133,vacant,adjective,비어 있는; 멍한,CEFRJ_1_5
EN-B2-02651,B2,133,vaccine,noun,백신,CEFRJ_1_5
EN-B2-02652,B2,133,valentine,noun,연인; 발렌타인 카드,CEFRJ_1_5
EN-B2-02653,B2,133,valid,adjective,유효한; 타당한,CEFRJ_1_5
EN-B2-02654,B2,133,value,verb,소중히 여기다; 평가하다,CEFRJ_1_5
EN-B2-02655,B2,133,vanish,verb,사라지다,CEFRJ_1_5
EN-B2-02656,B2,133,vanity,noun,허영심,CEFRJ_1_5
EN-B2-02657,B2,133,variation,noun,변화; 변형,CEFRJ_1_5
EN-B2-02658,B2,133,varied,adjective,다양한,CEFRJ_1_5
EN-B2-02659,B2,133,venture,noun,모험; 사업,CEFRJ_1_5
EN-B2-02660,B2,133,venue,noun,장소; 개최지,CEFRJ_1_5
EN-B2-02661,B2,134,verbal,adjective,언어의; 구두의,CEFRJ_1_5
EN-B2-02662,B2,134,verbally,adverb,말로; 구두로,CEFRJ_1_5
EN-B2-02663,B2,134,verse,noun,운문; 절,CEFRJ_1_5
EN-B2-02664,B2,134,verse,verb,정통하다; 익숙하게 하다,CEFRJ_1_5
EN-B2-02665,B2,134,version,noun,버전; 판,CEFRJ_1_5
EN-B2-02666,B2,134,versus,preposition,~대(對); ~와 비교하여,CEFRJ_1_5
EN-B2-02667,B2,134,very,adjective,바로 그; 다름 아닌,CEFRJ_1_5
EN-B2-02668,B2,134,veteran,noun,참전 용사; 베테랑,CEFRJ_1_5
EN-B2-02669,B2,134,vibrate,verb,진동하다,CEFRJ_1_5
EN-B2-02670,B2,134,vibration,noun,진동,CEFRJ_1_5
EN-B2-02671,B2,134,viewer,noun,시청자,CEFRJ_1_5
EN-B2-02672,B2,134,vigor/vigour,noun,활력; 정력,CEFRJ_1_5
EN-B2-02673,B2,134,vigorous,adjective,활기찬; 강력한,CEFRJ_1_5
EN-B2-02674,B2,134,vigorously,adverb,활기차게; 격렬하게,CEFRJ_1_5
EN-B2-02675,B2,134,villa,noun,별장,CEFRJ_1_5
EN-B2-02676,B2,134,villager,noun,마을 사람,CEFRJ_1_5
EN-B2-02677,B2,134,vinegar,noun,식초,CEFRJ_1_5
EN-B2-02678,B2,134,violate,verb,위반하다; 침해하다,CEFRJ_1_5
EN-B2-02679,B2,134,virtual reality,noun,가상 현실,CEFRJ_1_5
EN-B2-02680,B2,134,virtually,adverb,"사실상, 거의",CEFRJ_1_5
EN-B2-02681,B2,135,virtue,noun,"미덕, 장점",CEFRJ_1_5
EN-B2-02682,B2,135,visibly,adverb,"눈에 띄게, 뚜렷하게",CEFRJ_1_5
EN-B2-02683,B2,135,vital,adjective,"필수적인, 생명 유지에 필요한",CEFRJ_1_5
EN-B2-02684,B2,135,vitamin,noun,비타민,CEFRJ_1_5
EN-B2-02685,B2,135,vocalist,noun,"보컬리스트, 가수",CEFRJ_1_5
EN-B2-02686,B2,135,volunteer,noun,"지원자, 자원봉사자",CEFRJ_1_5
EN-B2-02687,B2,135,vomit,noun,구토(물),CEFRJ_1_5
EN-B2-02688,B2,135,voter,noun,유권자,CEFRJ_1_5
EN-B2-02689,B2,135,vow,noun,"맹세, 서약",CEFRJ_1_5
EN-B2-02690,B2,135,wage,noun,"임금, 급료",CEFRJ_1_5
EN-B2-02691,B2,135,waist,noun,허리,CEFRJ_1_5
EN-B2-02692,B2,135,waistcoat,noun,조끼,CEFRJ_1_5
EN-B2-02693,B2,135,wait,noun,기다림,CEFRJ_1_5
EN-B2-02694,B2,135,walkabout,noun,"순방, 현장 방문",CEFRJ_1_5
EN-B2-02695,B2,135,walker,noun,"걷는 사람, 보행자",CEFRJ_1_5
EN-B2-02696,B2,135,wallboard,noun,"벽판, 석고 보드",CEFRJ_1_5
EN-B2-02697,B2,135,walnut,noun,호두,CEFRJ_1_5
EN-B2-02698,B2,135,want,noun,"부족, 결핍; 욕구",CEFRJ_1_5
EN-B2-02699,B2,135,warship,noun,군함,CEFRJ_1_5
EN-B2-02700,B2,135,wartime,noun,전시(전쟁 중인 때),CEFRJ_1_5
EN-B2-02701,B2,136,wasp,noun,말벌,CEFRJ_1_5
EN-B2-02702,B2,136,water,verb,물을 주다,CEFRJ_1_5
EN-B2-02703,B2,136,waterproof,adjective,방수의,CEFRJ_1_5
EN-B2-02704,B2,136,weaken,verb,약화시키다,CEFRJ_1_5
EN-B2-02705,B2,136,weakly,adverb,"약하게, 힘없이",CEFRJ_1_5
EN-B2-02706,B2,136,wealthy,adjective,부유한,CEFRJ_1_5
EN-B2-02707,B2,136,wearisome,adjective,"지루한, 성가신",CEFRJ_1_5
EN-B2-02708,B2,136,weary,adjective,"피곤한, 지친",CEFRJ_1_5
EN-B2-02709,B2,136,weave,noun,"짜임, 직조",CEFRJ_1_5
EN-B2-02710,B2,136,wed,verb,결혼하다,CEFRJ_1_5
EN-B2-02711,B2,136,weed,noun,잡초,CEFRJ_1_5
EN-B2-02712,B2,136,welcome,noun,환영,CEFRJ_1_5
EN-B2-02713,B2,136,welfare,noun,"복지, 행복",CEFRJ_1_5
EN-B2-02714,B2,136,well-balanced,adjective,균형 잡힌,CEFRJ_1_5
EN-B2-02715,B2,136,well-built,adjective,체격이 좋은,CEFRJ_1_5
EN-B2-02716,B2,136,well-organized/well-organised,adjective,잘 정리된,CEFRJ_1_5
EN-B2-02717,B2,136,well-paid,adjective,보수가 좋은,CEFRJ_1_5
EN-B2-02718,B2,136,western,adjective,"서부의, 서양의",CEFRJ_1_5
EN-B2-02719,B2,136,wheat,noun,밀,CEFRJ_1_5
EN-B2-02720,B2,136,whereas,conjunction,~인 반면에,CEFRJ_1_5
EN-B2-02721,B2,137,whichever,pronoun,"어느 쪽이든, 어느 것이든",CEFRJ_1_5
EN-B2-02722,B2,137,whip,verb,채찍질하다; 급히 움직이다,CEFRJ_1_5
EN-B2-02723,B2,137,whiskey/whisky,noun,위스키,CEFRJ_1_5
EN-B2-02724,B2,137,whisper,verb,속삭이다,CEFRJ_1_5
EN-B2-02725,B2,137,whistle,verb,휘파람을 불다,CEFRJ_1_5
EN-B2-02726,B2,137,widen,verb,넓히다,CEFRJ_1_5
EN-B2-02727,B2,137,widow,noun,"미망인, 과부",CEFRJ_1_5
EN-B2-02728,B2,137,width,noun,"너비, 폭",CEFRJ_1_5
EN-B2-02729,B2,137,wilderness,noun,"황야, 자연 그대로의 지역",CEFRJ_1_5
EN-B2-02730,B2,137,will,noun,의지; 유언장,CEFRJ_1_5
EN-B2-02731,B2,137,willing,adjective,기꺼이 하는,CEFRJ_1_5
EN-B2-02732,B2,137,willingly,adverb,"기꺼이, 자진해서",CEFRJ_1_5
EN-B2-02733,B2,137,win,noun,승리,CEFRJ_1_5
EN-B2-02734,B2,137,wind,verb,"감다, 구불구불하다",CEFRJ_1_5
EN-B2-02735,B2,137,winding,adjective,구불구불한,CEFRJ_1_5
EN-B2-02736,B2,137,windshield,noun,앞유리,CEFRJ_1_5
EN-B2-02737,B2,137,wink,noun,윙크,CEFRJ_1_5
EN-B2-02738,B2,137,wipe,verb,"닦다, 훔치다",CEFRJ_1_5
EN-B2-02739,B2,137,wire,verb,"철사를 연결하다, 전신을 보내다",CEFRJ_1_5
EN-B2-02740,B2,137,wit,noun,"재치, 기지",CEFRJ_1_5
EN-B2-02741,B2,138,withdraw,verb,"철회하다, 인출하다",CEFRJ_1_5
EN-B2-02742,B2,138,withdrawal,noun,"철회, 인출",CEFRJ_1_5
EN-B2-02743,B2,138,witness,noun,"증인, 목격자",CEFRJ_1_5
EN-B2-02744,B2,138,witty,adjective,재치 있는,CEFRJ_1_5
EN-B2-02745,B2,138,wolf,noun,늑대,CEFRJ_1_5
EN-B2-02746,B2,138,wondrous,adjective,"경이로운, 놀라운",CEFRJ_1_5
EN-B2-02747,B2,138,woodcarving,noun,목각(품),CEFRJ_1_5
EN-B2-02748,B2,138,wordlessly,adverb,"말없이, 묵묵히",CEFRJ_1_5
EN-B2-02749,B2,138,workaholic,adjective,일 중독의,CEFRJ_1_5
EN-B2-02750,B2,138,workbench,noun,작업대,CEFRJ_1_5
EN-B2-02751,B2,138,workman,noun,"일꾼, 노동자",CEFRJ_1_5
EN-B2-02752,B2,138,worktable,noun,작업용 탁자,CEFRJ_1_5
EN-B2-02753,B2,138,worldly,adjective,세속적인,CEFRJ_1_5
EN-B2-02754,B2,138,worldview,noun,세계관,CEFRJ_1_5
EN-B2-02755,B2,138,worldwide,adjective,전 세계적인,CEFRJ_1_5
EN-B2-02756,B2,138,worm,noun,"벌레, 지렁이",CEFRJ_1_5
EN-B2-02757,B2,138,wornout/worn out/worn-out,adjective,"닳아 해진, 낡은",CEFRJ_1_5
EN-B2-02758,B2,138,worrying,adjective,걱정스러운,CEFRJ_1_5
EN-B2-02759,B2,138,worse,noun,더 나쁜 것,CEFRJ_1_5
EN-B2-02760,B2,138,worsen,verb,악화되다,CEFRJ_1_5
EN-B2-02761,B2,139,worship,noun,"숭배, 예배",CEFRJ_1_5
EN-B2-02762,B2,139,worst,adverb,가장 나쁘게,CEFRJ_1_5
EN-B2-02763,B2,139,worthless,adjective,가치 없는,CEFRJ_1_5
EN-B2-02764,B2,139,wound,verb,상처를 입히다,CEFRJ_1_5
EN-B2-02765,B2,139,wreck,noun,"난파선, 파괴",CEFRJ_1_5
EN-B2-02766,B2,139,wrongly,adverb,"잘못되게, 틀리게",CEFRJ_1_5
EN-B2-02767,B2,139,X-ray,noun,엑스레이,CEFRJ_1_5
EN-B2-02768,B2,139,yacht,noun,요트,CEFRJ_1_5
EN-B2-02769,B2,139,yawn,noun,하품,CEFRJ_1_5
EN-B2-02770,B2,139,yawn,verb,하품하다,CEFRJ_1_5
EN-B2-02771,B2,139,yearn,verb,갈망하다,CEFRJ_1_5
EN-B2-02772,B2,139,yell,verb,"소리치다, 고함치다",CEFRJ_1_5
EN-B2-02773,B2,139,yield,verb,"산출하다, 양보하다",CEFRJ_1_5
EN-B2-02774,B2,139,youthful,adjective,"젊은, 활기찬",CEFRJ_1_5
EN-B2-02775,B2,139,yummy,adjective,맛있는,CEFRJ_1_5
EN-B2-02776,B2,139,zebra,noun,얼룩말,CEFRJ_1_5
EN-B2-02777,B2,139,zip,noun,지퍼,CEFRJ_1_5
EN-B2-02778,B2,139,zoom,noun,"확대, 줌",CEFRJ_1_5
EN-C1-00001,C1,1,exterior,noun,"외부, 외관",OCTANOVE_1_0
EN-C1-00002,C1,1,cloak,noun,망토; 은폐물,OCTANOVE_1_0
EN-C1-00003,C1,1,timid,adjective,"소심한, 겁 많은",OCTANOVE_1_0
EN-C1-00004,C1,1,reluctantly,adverb,"마지못해, 꺼려하며",OCTANOVE_1_0
EN-C1-00005,C1,1,complexity,noun,복잡성,OCTANOVE_1_0
EN-C1-00006,C1,1,concur,verb,"동의하다, 의견이 일치하다",OCTANOVE_1_0
EN-C1-00007,C1,1,avid,adjective,"열렬한, 열광적인",OCTANOVE_1_0
EN-C1-00008,C1,1,marvel,verb,"경이로워하다, 놀라다",OCTANOVE_1_0
EN-C1-00009,C1,1,wing,noun,날개; (건물의) 부속 건물,OCTANOVE_1_0
EN-C1-00010,C1,1,enviable,adverb,부러워할 만하게,OCTANOVE_1_0
EN-C1-00011,C1,1,organizational,adjective,"조직의, 조직적인",OCTANOVE_1_0
EN-C1-00012,C1,1,psychiatrist,noun,정신과 의사,OCTANOVE_1_0
EN-C1-00013,C1,1,psychiatric,adjective,정신과의,OCTANOVE_1_0
EN-C1-00014,C1,1,clinical,adjective,"임상의, 임상적인",OCTANOVE_1_0
EN-C1-00015,C1,1,corps,noun,군단; 단체,OCTANOVE_1_0
EN-C1-00016,C1,1,forensic,adjective,"법의학의, 범죄 수사의",OCTANOVE_1_0
EN-C1-00017,C1,1,juvenile,noun,청소년,OCTANOVE_1_0
EN-C1-00018,C1,1,juvenile,adjective,"청소년의, 미성숙한",OCTANOVE_1_0
EN-C1-00019,C1,1,jurisdiction,noun,"관할권, 사법권",OCTANOVE_1_0
EN-C1-00020,C1,1,accustomed,adjective,익숙해진,OCTANOVE_1_0
EN-C1-00021,C1,2,trauma,noun,"외상, 정신적 충격",OCTANOVE_1_0
EN-C1-00022,C1,2,traumatic,adjective,"외상의, 정신적 충격을 주는",OCTANOVE_1_0
EN-C1-00023,C1,2,constraint,noun,"제약, 제한",OCTANOVE_1_0
EN-C1-00024,C1,2,revealing,adjective,"흥미로운 사실을 드러내는, 시사하는 바가 많은",OCTANOVE_1_0
EN-C1-00025,C1,2,eccentric,adjective,"별난, 괴짜의",OCTANOVE_1_0
EN-C1-00026,C1,2,sanctity,noun,"신성함, 존엄성",OCTANOVE_1_0
EN-C1-00027,C1,2,conform,verb,"따르다, 순응하다",OCTANOVE_1_0
EN-C1-00028,C1,2,norms,noun,규범,OCTANOVE_1_0
EN-C1-00029,C1,2,quirk,noun,"별난 점, 기이한 버릇",OCTANOVE_1_0
EN-C1-00030,C1,2,oddity,noun,"기이한 것, 괴상함",OCTANOVE_1_0
EN-C1-00031,C1,2,compel,verb,"강요하다, 굴복시키다",OCTANOVE_1_0
EN-C1-00032,C1,2,compulsion,noun,"충동, 강박",OCTANOVE_1_0
EN-C1-00033,C1,2,conceive,verb,"상상하다, 생각하다",OCTANOVE_1_0
EN-C1-00034,C1,2,conceivable,adjective,상상할 수 있는,OCTANOVE_1_0
EN-C1-00035,C1,2,assertion,noun,"주장, 단언",OCTANOVE_1_0
EN-C1-00036,C1,2,individuality,noun,"개성, 개인성",OCTANOVE_1_0
EN-C1-00037,C1,2,psyche,noun,"마음, 정신",OCTANOVE_1_0
EN-C1-00038,C1,2,conformity,noun,"순응, 따름",OCTANOVE_1_0
EN-C1-00039,C1,2,unconventional,adjective,"관습에 얽매이지 않는, 독특한",OCTANOVE_1_0
EN-C1-00040,C1,2,congregate,verb,"모이다, 집합하다",OCTANOVE_1_0
EN-C1-00041,C1,3,rally,verb,"모으다, 결집하다",OCTANOVE_1_0
EN-C1-00042,C1,3,resent,verb,"분하게 여기다, 억울해하다",OCTANOVE_1_0
EN-C1-00043,C1,3,self-conscious,adjective,남의 시선을 의식하는,OCTANOVE_1_0
EN-C1-00044,C1,3,wary,adjective,"경계하는, 조심하는",OCTANOVE_1_0
EN-C1-00045,C1,3,stoke,verb,"불을 지피다, 부추기다",OCTANOVE_1_0
EN-C1-00046,C1,3,dynamically,adverb,역동적으로,OCTANOVE_1_0
EN-C1-00047,C1,3,hostess,noun,여주인,OCTANOVE_1_0
EN-C1-00048,C1,3,perpetuate,verb,"영속화하다, 지속시키다",OCTANOVE_1_0
EN-C1-00049,C1,3,naturalness,noun,자연스러움,OCTANOVE_1_0
EN-C1-00050,C1,3,exhibitionist,noun,과시적인 사람,OCTANOVE_1_0
EN-C1-00051,C1,3,isolate,verb,"격리하다, 고립시키다",OCTANOVE_1_0
EN-C1-00052,C1,3,isolated,adjective,고립된,OCTANOVE_1_0
EN-C1-00053,C1,3,humble,verb,"겸손하게 만들다, 굴욕감을 주다",OCTANOVE_1_0
EN-C1-00054,C1,3,humble,adjective,"겸손한, 초라한",OCTANOVE_1_0
EN-C1-00055,C1,3,refreshingly,adverb,"상쾌하게, 신선하게",OCTANOVE_1_0
EN-C1-00056,C1,3,effortless,adjective,"노력하지 않는, 쉬운",OCTANOVE_1_0
EN-C1-00057,C1,3,vegetation,noun,"초목, 식물",OCTANOVE_1_0
EN-C1-00058,C1,3,brief,verb,"보고하다, 지시하다",OCTANOVE_1_0
EN-C1-00059,C1,3,respite,noun,"일시적인 휴식, 유예",OCTANOVE_1_0
EN-C1-00060,C1,3,suffice,verb,충분하다,OCTANOVE_1_0
EN-C1-00061,C1,4,purity,noun,순수함,OCTANOVE_1_0
EN-C1-00062,C1,4,gruelling,adjective,"녹초로 만드는, 아주 힘든",OCTANOVE_1_0
EN-C1-00063,C1,4,cast,noun,깁스; 주형,OCTANOVE_1_0
EN-C1-00064,C1,4,cast,verb,배역을 맡기다; 배우를 캐스팅하다,OCTANOVE_1_0
EN-C1-00065,C1,4,cast,verb,의혹을 제기하다; 의심을 불러일으키다,OCTANOVE_1_0
EN-C1-00066,C1,4,comprise,verb,"구성하다, 포함하다",OCTANOVE_1_0
EN-C1-00067,C1,4,plaster,noun,"회반죽, 석고",OCTANOVE_1_0
EN-C1-00068,C1,4,plaster,verb,"회반죽을 바르다, 도배하다",OCTANOVE_1_0
EN-C1-00069,C1,4,darkroom,noun,암실,OCTANOVE_1_0
EN-C1-00070,C1,4,induct,verb,"취임시키다, 인도하다",OCTANOVE_1_0
EN-C1-00071,C1,4,induction,noun,"취임식, 유도",OCTANOVE_1_0
EN-C1-00072,C1,4,stock,verb,"재고를 채우다, 비축하다",OCTANOVE_1_0
EN-C1-00073,C1,4,fossil,noun,화석,OCTANOVE_1_0
EN-C1-00074,C1,4,geological,adjective,지질학의,OCTANOVE_1_0
EN-C1-00075,C1,4,geologically,adverb,지질학적으로,OCTANOVE_1_0
EN-C1-00076,C1,4,house,verb,"수용하다, 보관하다",OCTANOVE_1_0
EN-C1-00077,C1,4,specimen,noun,표본,OCTANOVE_1_0
EN-C1-00078,C1,4,enormously,adverb,엄청나게,OCTANOVE_1_0
EN-C1-00079,C1,4,gem,noun,"보석, 귀중품",OCTANOVE_1_0
EN-C1-00080,C1,4,explanatory,adjective,설명적인,OCTANOVE_1_0
EN-C1-00081,C1,5,vertical,adjective,수직의,OCTANOVE_1_0
EN-C1-00082,C1,5,knowledgeable,adjective,"아는 것이 많은, 박식한",OCTANOVE_1_0
EN-C1-00083,C1,5,ordinarily,adverb,"보통, 대개",OCTANOVE_1_0
EN-C1-00084,C1,5,hanging,noun,"걸려 있는 것, 벽걸이 장식",OCTANOVE_1_0
EN-C1-00085,C1,5,hanging,noun,"걸려 있는 것, 벽걸이 장식",OCTANOVE_1_0
EN-C1-00086,C1,5,tomb,noun,무덤,OCTANOVE_1_0
EN-C1-00087,C1,5,formulate,verb,"만들어내다, 공식화하다",OCTANOVE_1_0
EN-C1-00088,C1,5,resin,noun,"수지, 송진",OCTANOVE_1_0
EN-C1-00089,C1,5,sacrifice,noun,"희생, 제물",OCTANOVE_1_0
EN-C1-00090,C1,5,sacrifice,verb,"희생하다, 제물로 바치다",OCTANOVE_1_0
EN-C1-00091,C1,5,cleanly,adverb,깔끔하게,OCTANOVE_1_0
EN-C1-00092,C1,5,endorsement,noun,"지지, 배서",OCTANOVE_1_0
EN-C1-00093,C1,5,stretching,noun,"늘리기, 스트레칭",OCTANOVE_1_0
EN-C1-00094,C1,5,continuity,noun,연속성,OCTANOVE_1_0
EN-C1-00095,C1,5,shambles,noun,"난장판, 혼란 상태",OCTANOVE_1_0
EN-C1-00096,C1,5,claustrophobic,adjective,폐소공포증의,OCTANOVE_1_0
EN-C1-00097,C1,5,claustrophobia,noun,폐소공포증,OCTANOVE_1_0
EN-C1-00098,C1,5,headstrong,adjective,"고집 센, 제멋대로인",OCTANOVE_1_0
EN-C1-00099,C1,5,tact,noun,"재치, 요령",OCTANOVE_1_0
EN-C1-00100,C1,5,tactful,adjective,"재치 있는, 요령 있는",OCTANOVE_1_0
EN-C1-00101,C1,6,tactfully,adverb,"재치 있게, 요령 있게",OCTANOVE_1_0
EN-C1-00102,C1,6,blister,noun,물집,OCTANOVE_1_0
EN-C1-00103,C1,6,blister,verb,물집이 생기다,OCTANOVE_1_0
EN-C1-00104,C1,6,sponsorship,noun,후원,OCTANOVE_1_0
EN-C1-00105,C1,6,ego,noun,자아; 자존심,OCTANOVE_1_0
EN-C1-00106,C1,6,class,verb,분류하다,OCTANOVE_1_0
EN-C1-00107,C1,6,saloon,noun,술집; 대형 세단,OCTANOVE_1_0
EN-C1-00108,C1,6,lap,noun,한 바퀴; 한 차례의 왕복,OCTANOVE_1_0
EN-C1-00109,C1,6,beforehand,adverb,미리; 사전에,OCTANOVE_1_0
EN-C1-00110,C1,6,slob,noun,게으름뱅이,OCTANOVE_1_0
EN-C1-00111,C1,6,coverage,noun,보도; 범위,OCTANOVE_1_0
EN-C1-00112,C1,6,unplug,verb,플러그를 뽑다,OCTANOVE_1_0
EN-C1-00113,C1,6,gadget,noun,장치; 도구,OCTANOVE_1_0
EN-C1-00114,C1,6,rediscover,verb,재발견하다,OCTANOVE_1_0
EN-C1-00115,C1,6,subtly,adverb,미묘하게,OCTANOVE_1_0
EN-C1-00116,C1,6,brainwash,verb,세뇌하다,OCTANOVE_1_0
EN-C1-00117,C1,6,brainwashing,noun,세뇌,OCTANOVE_1_0
EN-C1-00118,C1,6,implicate,verb,연루시키다; 함축하다,OCTANOVE_1_0
EN-C1-00119,C1,6,craft,verb,공들여 만들다,OCTANOVE_1_0
EN-C1-00120,C1,6,malfunction,verb,오작동하다,OCTANOVE_1_0
EN-C1-00121,C1,7,dependent,noun,부양가족,OCTANOVE_1_0
EN-C1-00122,C1,7,wayside,noun,길가,OCTANOVE_1_0
EN-C1-00123,C1,7,expire,verb,만료되다; 끝나다,OCTANOVE_1_0
EN-C1-00124,C1,7,con,verb,속이다,OCTANOVE_1_0
EN-C1-00125,C1,7,con,noun,사기; 반대 의견,OCTANOVE_1_0
EN-C1-00126,C1,7,puzzle,verb,당혹하게 하다,OCTANOVE_1_0
EN-C1-00127,C1,7,damply,adverb,축축하게,OCTANOVE_1_0
EN-C1-00128,C1,7,ghostly,adjective,유령 같은,OCTANOVE_1_0
EN-C1-00129,C1,7,carrier,noun,운송인; 보균자,OCTANOVE_1_0
EN-C1-00130,C1,7,washtub,noun,빨래통,OCTANOVE_1_0
EN-C1-00131,C1,7,apt,adjective,적절한; 재능 있는,OCTANOVE_1_0
EN-C1-00132,C1,7,apt to,verb,하기 쉬운,OCTANOVE_1_0
EN-C1-00133,C1,7,portable,adjective,휴대용의,OCTANOVE_1_0
EN-C1-00134,C1,7,portable,noun,휴대용 기기,OCTANOVE_1_0
EN-C1-00135,C1,7,ornamental,adjective,장식용의,OCTANOVE_1_0
EN-C1-00136,C1,7,placid,adjective,차분한,OCTANOVE_1_0
EN-C1-00137,C1,7,placidly,adverb,차분하게,OCTANOVE_1_0
EN-C1-00138,C1,7,unmanageable,adjective,다루기 힘든,OCTANOVE_1_0
EN-C1-00139,C1,7,appliance,noun,가전제품; 기구,OCTANOVE_1_0
EN-C1-00140,C1,7,relinquish,verb,포기하다; 내주다,OCTANOVE_1_0
EN-C1-00141,C1,8,tedious,adjective,지루한,OCTANOVE_1_0
EN-C1-00142,C1,8,tedium,noun,지루함,OCTANOVE_1_0
EN-C1-00143,C1,8,exert,verb,발휘하다; 행사하다,OCTANOVE_1_0
EN-C1-00144,C1,8,extortion,noun,강탈; 착취,OCTANOVE_1_0
EN-C1-00145,C1,8,alleviate,verb,완화하다,OCTANOVE_1_0
EN-C1-00146,C1,8,elaborate,adjective,정교한,OCTANOVE_1_0
EN-C1-00147,C1,8,elaborate,verb,상술하다,OCTANOVE_1_0
EN-C1-00148,C1,8,elaboration,noun,상술; 정교함,OCTANOVE_1_0
EN-C1-00149,C1,8,detest,verb,혐오하다,OCTANOVE_1_0
EN-C1-00150,C1,8,detestable,adjective,혐오스러운,OCTANOVE_1_0
EN-C1-00151,C1,8,suds,noun,거품,OCTANOVE_1_0
EN-C1-00152,C1,8,agreeable,adjective,쾌적한; 동의할 수 있는,OCTANOVE_1_0
EN-C1-00153,C1,8,prowl,verb,배회하다,OCTANOVE_1_0
EN-C1-00154,C1,8,speculate,verb,추측하다; 투기하다,OCTANOVE_1_0
EN-C1-00155,C1,8,speculation,noun,추측; 투기,OCTANOVE_1_0
EN-C1-00156,C1,8,speculative,adjective,추측의; 투기적인,OCTANOVE_1_0
EN-C1-00157,C1,8,peacock,noun,공작,OCTANOVE_1_0
EN-C1-00158,C1,8,disdain,noun,경멸,OCTANOVE_1_0
EN-C1-00159,C1,8,reenact,verb,재연하다,OCTANOVE_1_0
EN-C1-00160,C1,8,torment,verb,괴롭히다,OCTANOVE_1_0
EN-C1-00161,C1,9,torment,noun,고통; 괴롭힘,OCTANOVE_1_0
EN-C1-00162,C1,9,extravagance,noun,낭비; 사치,OCTANOVE_1_0
EN-C1-00163,C1,9,exploit,verb,착취하다; 활용하다,OCTANOVE_1_0
EN-C1-00164,C1,9,exploitation,noun,착취; 개발,OCTANOVE_1_0
EN-C1-00165,C1,9,mechanism,noun,기계; 메커니즘,OCTANOVE_1_0
EN-C1-00166,C1,9,hence,adverb,따라서,OCTANOVE_1_0
EN-C1-00167,C1,9,offspring,noun,자식; 새끼,OCTANOVE_1_0
EN-C1-00168,C1,9,implicate,verb,연루시키다,OCTANOVE_1_0
EN-C1-00169,C1,9,fit,adjective,적합한; 알맞은,OCTANOVE_1_0
EN-C1-00170,C1,9,oblige,verb,의무를 지우다; 베풀다,OCTANOVE_1_0
EN-C1-00171,C1,9,drive,verb,운전하다; 몰아붙이다,OCTANOVE_1_0
EN-C1-00172,C1,9,drive,noun,운전; 진입로,OCTANOVE_1_0
EN-C1-00173,C1,9,collaborate,verb,협력하다,OCTANOVE_1_0
EN-C1-00174,C1,9,collaborator,noun,협력자,OCTANOVE_1_0
EN-C1-00175,C1,9,collaboration,noun,협력,OCTANOVE_1_0
EN-C1-00176,C1,9,collaborative,adjective,협력적인,OCTANOVE_1_0
EN-C1-00177,C1,9,showy,adjective,화려한; 과시하는,OCTANOVE_1_0
EN-C1-00178,C1,9,wrangle,verb,언쟁하다,OCTANOVE_1_0
EN-C1-00179,C1,9,premise,noun,전제,OCTANOVE_1_0
EN-C1-00180,C1,9,advantageous,adjective,유리한,OCTANOVE_1_0
EN-C1-00181,C1,10,parasite,noun,기생충,OCTANOVE_1_0
EN-C1-00182,C1,10,fanciful,adjective,공상적인,OCTANOVE_1_0
EN-C1-00183,C1,10,poise,noun,침착함; 균형,OCTANOVE_1_0
EN-C1-00184,C1,10,customary,adjective,관례적인,OCTANOVE_1_0
EN-C1-00185,C1,10,insightful,adjective,통찰력 있는,OCTANOVE_1_0
EN-C1-00186,C1,10,notable,adjective,주목할 만한,OCTANOVE_1_0
EN-C1-00187,C1,10,vicious,adjective,잔인한; 악의 있는,OCTANOVE_1_0
EN-C1-00188,C1,10,viciously,adverb,잔인하게,OCTANOVE_1_0
EN-C1-00189,C1,10,pupil,noun,학생; 눈동자,OCTANOVE_1_0
EN-C1-00190,C1,10,withdrawn,adjective,내성적인; 철회한,OCTANOVE_1_0
EN-C1-00191,C1,10,withdrawal,noun,철회; 인출,OCTANOVE_1_0
EN-C1-00192,C1,10,torturous,adjective,고통스러운,OCTANOVE_1_0
EN-C1-00193,C1,10,depict,verb,묘사하다,OCTANOVE_1_0
EN-C1-00194,C1,10,depiction,noun,묘사,OCTANOVE_1_0
EN-C1-00195,C1,10,upheaval,noun,격변,OCTANOVE_1_0
EN-C1-00196,C1,10,shortlist,verb,최종 후보 명단에 올리다,OCTANOVE_1_0
EN-C1-00197,C1,10,shortlist,noun,최종 후보 명단,OCTANOVE_1_0
EN-C1-00198,C1,10,uneventful,adjective,별일 없는; 평온한,OCTANOVE_1_0
EN-C1-00199,C1,10,pertinent,adjective,관련된; 적절한,OCTANOVE_1_0
EN-C1-00200,C1,10,pertain to,verb,관련되다,OCTANOVE_1_0
EN-C1-00201,C1,11,daydream,noun,공상,OCTANOVE_1_0
EN-C1-00202,C1,11,daydream,verb,공상하다,OCTANOVE_1_0
EN-C1-00203,C1,11,protagonist,noun,주인공,OCTANOVE_1_0
EN-C1-00204,C1,11,simplicity,noun,단순함; 간결함,OCTANOVE_1_0
EN-C1-00205,C1,11,blockbuster,noun,대성공한 영화; 대히트작,OCTANOVE_1_0
EN-C1-00206,C1,11,resonate,verb,공감을 불러일으키다; 울려 퍼지다,OCTANOVE_1_0
EN-C1-00207,C1,11,sequel,noun,속편,OCTANOVE_1_0
EN-C1-00208,C1,11,irony,noun,아이러니; 반어법,OCTANOVE_1_0
EN-C1-00209,C1,11,acidic,adjective,산성의,OCTANOVE_1_0
EN-C1-00210,C1,11,align,verb,나란히 만들다; 조정하다; 제휴하다,OCTANOVE_1_0
EN-C1-00211,C1,11,alignment,noun,나란함; 조정; 제휴,OCTANOVE_1_0
EN-C1-00212,C1,11,manipulation,noun,조작; 조종,OCTANOVE_1_0
EN-C1-00213,C1,11,suitor,noun,구혼자,OCTANOVE_1_0
EN-C1-00214,C1,11,deceit,noun,기만; 속임수,OCTANOVE_1_0
EN-C1-00215,C1,11,alienate,verb,소외감을 느끼게 하다; 멀리하다,OCTANOVE_1_0
EN-C1-00216,C1,11,persuasively,adverb,설득력 있게,OCTANOVE_1_0
EN-C1-00217,C1,11,compel,verb,강요하다; 굴복시키다,OCTANOVE_1_0
EN-C1-00218,C1,11,confinement,noun,감금; 제한,OCTANOVE_1_0
EN-C1-00219,C1,11,minutiae,noun,상세한 점; 사소한 것들,OCTANOVE_1_0
EN-C1-00220,C1,11,peasant,noun,소작농; 농부,OCTANOVE_1_0
EN-C1-00221,C1,12,inexplicable,adjective,설명할 수 없는; 불가사의한,OCTANOVE_1_0
EN-C1-00222,C1,12,inexplicably,adverb,설명할 수 없이; 불가사의하게,OCTANOVE_1_0
EN-C1-00223,C1,12,pigeon,noun,비둘기,OCTANOVE_1_0
EN-C1-00224,C1,12,harass,verb,괴롭히다; 희롱하다,OCTANOVE_1_0
EN-C1-00225,C1,12,harassment,noun,괴롭힘; 희롱,OCTANOVE_1_0
EN-C1-00226,C1,12,believably,adverb,믿을 수 있게,OCTANOVE_1_0
EN-C1-00227,C1,12,readable,adjective,읽기 쉬운; 읽을 만한,OCTANOVE_1_0
EN-C1-00228,C1,12,cleverness,noun,영리함; 재치,OCTANOVE_1_0
EN-C1-00229,C1,12,persecute,verb,박해하다; 괴롭히다,OCTANOVE_1_0
EN-C1-00230,C1,12,persecution,noun,박해; 학대,OCTANOVE_1_0
EN-C1-00231,C1,12,smug,adjective,자아도취에 빠진; 우쭐해하는,OCTANOVE_1_0
EN-C1-00232,C1,12,smugly,adverb,우쭐해서; 자아도취적으로,OCTANOVE_1_0
EN-C1-00233,C1,12,ferocious,adjective,흉포한; 잔인한,OCTANOVE_1_0
EN-C1-00234,C1,12,ferociously,adverb,흉포하게; 잔인하게,OCTANOVE_1_0
EN-C1-00235,C1,12,hostile,adjective,적대적인,OCTANOVE_1_0
EN-C1-00236,C1,12,hostility,noun,적대감,OCTANOVE_1_0
EN-C1-00237,C1,12,dismay,verb,실망시키다; 당황하게 하다,OCTANOVE_1_0
EN-C1-00238,C1,12,dismay,noun,실망; 당황,OCTANOVE_1_0
EN-C1-00239,C1,12,methodical,adjective,체계적인; 꼼꼼한,OCTANOVE_1_0
EN-C1-00240,C1,12,ruthless,adjective,무자비한,OCTANOVE_1_0
EN-C1-00241,C1,13,ruthlessness,noun,무자비함,OCTANOVE_1_0
EN-C1-00242,C1,13,talkative,adjective,말하기 좋아하는; 수다스러운,OCTANOVE_1_0
EN-C1-00243,C1,13,awe,verb,경외심을 갖게 하다,OCTANOVE_1_0
EN-C1-00244,C1,13,clan,noun,씨족; 일족,OCTANOVE_1_0
EN-C1-00245,C1,13,privileged,adjective,특권을 가진,OCTANOVE_1_0
EN-C1-00246,C1,13,crumble,verb,부서지다; 무너지다,OCTANOVE_1_0
EN-C1-00247,C1,13,crumb,noun,부스러기,OCTANOVE_1_0
EN-C1-00248,C1,13,pace,verb,서성거리다; 속도를 조절하다,OCTANOVE_1_0
EN-C1-00249,C1,13,closeness,noun,친밀함; 가까움,OCTANOVE_1_0
EN-C1-00250,C1,13,rarity,noun,희귀함; 드묾,OCTANOVE_1_0
EN-C1-00251,C1,13,evoke,verb,떠올려 주다; 환기시키다,OCTANOVE_1_0
EN-C1-00252,C1,13,repel,verb,쫓아버리다; 혐오감을 주다,OCTANOVE_1_0
EN-C1-00253,C1,13,repellant,noun,방충제; 혐오물,OCTANOVE_1_0
EN-C1-00254,C1,13,repellant,adjective,혐오감을 주는; 쫓아버리는,OCTANOVE_1_0
EN-C1-00255,C1,13,aqua,adjective,물색의; 청록색의,OCTANOVE_1_0
EN-C1-00256,C1,13,aquarium,noun,수족관,OCTANOVE_1_0
EN-C1-00257,C1,13,insightful,adjective,통찰력 있는,OCTANOVE_1_0
EN-C1-00258,C1,13,insightfully,adverb,통찰력 있게,OCTANOVE_1_0
EN-C1-00259,C1,13,flashback,noun,회상 장면,OCTANOVE_1_0
EN-C1-00260,C1,13,self-worth,noun,자존감,OCTANOVE_1_0
EN-C1-00261,C1,14,agonize,verb,고뇌하다; 고민하다,OCTANOVE_1_0
EN-C1-00262,C1,14,cite,verb,언급하다; 인용하다,OCTANOVE_1_0
EN-C1-00263,C1,14,citation,noun,인용; 언급,OCTANOVE_1_0
EN-C1-00264,C1,14,recite,verb,암송하다; 읊다,OCTANOVE_1_0
EN-C1-00265,C1,14,ecstasy,noun,황홀경; 무아지경,OCTANOVE_1_0
EN-C1-00266,C1,14,ecstatic,adjective,황홀해하는,OCTANOVE_1_0
EN-C1-00267,C1,14,ecstatically,adverb,황홀하게,OCTANOVE_1_0
EN-C1-00268,C1,14,pleasurable,adjective,즐거운; 유쾌한,OCTANOVE_1_0
EN-C1-00269,C1,14,nature,noun,본질; 성질; 특성,OCTANOVE_1_0
EN-C1-00270,C1,14,substantially,adverb,상당히; 실질적으로,OCTANOVE_1_0
EN-C1-00271,C1,14,favorably/favourably,adverb,호의적으로,OCTANOVE_1_0
EN-C1-00272,C1,14,diversity,noun,다양성,OCTANOVE_1_0
EN-C1-00273,C1,14,elitist,noun,엘리트주의자,OCTANOVE_1_0
EN-C1-00274,C1,14,grumble,verb,투덜거리다,OCTANOVE_1_0
EN-C1-00275,C1,14,rumble,verb,우르릉거리다,OCTANOVE_1_0
EN-C1-00276,C1,14,rumble,noun,우르릉거리는 소리,OCTANOVE_1_0
EN-C1-00277,C1,14,neglectful,adjective,태만한; 소홀한,OCTANOVE_1_0
EN-C1-00278,C1,14,roundup,noun,요약; 검거,OCTANOVE_1_0
EN-C1-00279,C1,14,conscientious,adjective,양심적인; 성실한,OCTANOVE_1_0
EN-C1-00280,C1,14,conscientiously,adverb,양심적으로; 성실하게,OCTANOVE_1_0
EN-C1-00281,C1,15,indefinite,adjective,무기한의; 불분명한,OCTANOVE_1_0
EN-C1-00282,C1,15,indefinitely,adverb,무기한으로,OCTANOVE_1_0
EN-C1-00283,C1,15,atmospheric,adjective,분위기 있는,OCTANOVE_1_0
EN-C1-00284,C1,15,fuse,verb,융합하다; 녹이다,OCTANOVE_1_0
EN-C1-00285,C1,15,fusion,noun,융합; 결합,OCTANOVE_1_0
EN-C1-00286,C1,15,robust,adjective,튼튼한; 탄탄한,OCTANOVE_1_0
EN-C1-00287,C1,15,robustly,adverb,튼튼하게; 탄탄하게,OCTANOVE_1_0
EN-C1-00288,C1,15,dismal,adjective,음울한; 형편없는,OCTANOVE_1_0
EN-C1-00289,C1,15,dismally,adverb,음울하게; 형편없이,OCTANOVE_1_0
EN-C1-00290,C1,15,crave,verb,갈망하다,OCTANOVE_1_0
EN-C1-00291,C1,15,craving,noun,갈망; 열망,OCTANOVE_1_0
EN-C1-00292,C1,15,prospective,adjective,장래의; 유망한,OCTANOVE_1_0
EN-C1-00293,C1,15,swap,verb,교환하다,OCTANOVE_1_0
EN-C1-00294,C1,15,remotely,adverb,멀리서; 아주 조금,OCTANOVE_1_0
EN-C1-00295,C1,15,splatter,verb,튀기다; 얼룩지게 하다,OCTANOVE_1_0
EN-C1-00296,C1,15,automatic,verb,자동화하다,OCTANOVE_1_0
EN-C1-00297,C1,15,automatically,adverb,자동적으로,OCTANOVE_1_0
EN-C1-00298,C1,15,exhaust,verb,기진맥진하게 하다; 다 써버리다,OCTANOVE_1_0
EN-C1-00299,C1,15,violet,adjective,보라색의,OCTANOVE_1_0
EN-C1-00300,C1,15,bubbly,adjective,쾌활한; 거품이 이는,OCTANOVE_1_0
EN-C1-00301,C1,16,chaotically,adverb,무질서하게; 혼란스럽게,OCTANOVE_1_0
EN-C1-00302,C1,16,apprehensive,adjective,"불안한, 걱정되는",OCTANOVE_1_0
EN-C1-00303,C1,16,settee,noun,"긴 의자, 소파",OCTANOVE_1_0
EN-C1-00304,C1,16,trampoline,noun,트램펄린,OCTANOVE_1_0
EN-C1-00305,C1,16,stamina,noun,"체력, 지구력",OCTANOVE_1_0
EN-C1-00306,C1,16,ploy,noun,"책략, 유인책",OCTANOVE_1_0
EN-C1-00307,C1,16,dither,verb,"망설이다, 안절부절못하다",OCTANOVE_1_0
EN-C1-00308,C1,16,overalls,noun,"멜빵바지, 작업복",OCTANOVE_1_0
EN-C1-00309,C1,16,unison,noun,"조화, 일치",OCTANOVE_1_0
EN-C1-00310,C1,16,snail,noun,달팽이,OCTANOVE_1_0
EN-C1-00311,C1,16,bliss,noun,"더없는 행복, 기쁨",OCTANOVE_1_0
EN-C1-00312,C1,16,inexhaustible,adjective,"다 쓸 수 없는, 무진장한",OCTANOVE_1_0
EN-C1-00313,C1,16,acre,noun,에이커,OCTANOVE_1_0
EN-C1-00314,C1,16,calf,noun,송아지,OCTANOVE_1_0
EN-C1-00315,C1,16,heifer,noun,암송아지,OCTANOVE_1_0
EN-C1-00316,C1,16,ewe,noun,암양,OCTANOVE_1_0
EN-C1-00317,C1,16,adversary,noun,"적, 상대방",OCTANOVE_1_0
EN-C1-00318,C1,16,victorious,adjective,"승리한, 성공적인",OCTANOVE_1_0
EN-C1-00319,C1,16,victoriously,adverb,"승리하여, 성공적으로",OCTANOVE_1_0
EN-C1-00320,C1,16,profound,adjective,"심오한, 엄청난",OCTANOVE_1_0
EN-C1-00321,C1,17,profoundly,adverb,"심오하게, 완전히",OCTANOVE_1_0
EN-C1-00322,C1,17,baldly,adverb,"노골적으로, 퉁명스럽게",OCTANOVE_1_0
EN-C1-00323,C1,17,bald,verb,"머리를 벗기다, 대머리가 되게 하다",OCTANOVE_1_0
EN-C1-00324,C1,17,bearded,adjective,수염이 있는,OCTANOVE_1_0
EN-C1-00325,C1,17,professionalism,noun,전문성,OCTANOVE_1_0
EN-C1-00326,C1,17,artistically,adverb,예술적으로,OCTANOVE_1_0
EN-C1-00327,C1,17,popularization,noun,대중화,OCTANOVE_1_0
EN-C1-00328,C1,17,pendulum,noun,진자,OCTANOVE_1_0
EN-C1-00329,C1,17,predecessor,noun,"전임자, 이전 것",OCTANOVE_1_0
EN-C1-00330,C1,17,boast,noun,"자랑, 뽐냄",OCTANOVE_1_0
EN-C1-00331,C1,17,lapse,noun,"실수, 시간의 경과",OCTANOVE_1_0
EN-C1-00332,C1,17,ceaseless,adjective,끊임없는,OCTANOVE_1_0
EN-C1-00333,C1,17,ceaselessly,adverb,끊임없이,OCTANOVE_1_0
EN-C1-00334,C1,17,climax,noun,"절정, 클라이맥스",OCTANOVE_1_0
EN-C1-00335,C1,17,climactic,adjective,절정의,OCTANOVE_1_0
EN-C1-00336,C1,17,anticlimactic,adjective,"용두사미의, 기대에 못 미치는",OCTANOVE_1_0
EN-C1-00337,C1,17,scramble,noun,"뒤섞임, 쟁탈전",OCTANOVE_1_0
EN-C1-00338,C1,17,forfeit,verb,"몰수당하다, 포기하다",OCTANOVE_1_0
EN-C1-00339,C1,17,twitch,verb,"씰룩거리다, 경련하다",OCTANOVE_1_0
EN-C1-00340,C1,17,twitch,noun,"씰룩거림, 경련",OCTANOVE_1_0
EN-C1-00341,C1,18,intellect,noun,"지성, 지력",OCTANOVE_1_0
EN-C1-00342,C1,18,descent,noun,"하강, 내리막",OCTANOVE_1_0
EN-C1-00343,C1,18,shed,verb,"떨어뜨리다, 벗다",OCTANOVE_1_0
EN-C1-00344,C1,18,exodus,noun,"대이동, 탈출",OCTANOVE_1_0
EN-C1-00345,C1,18,immortalize,verb,"불멸하게 하다, 영원히 기억하게 하다",OCTANOVE_1_0
EN-C1-00346,C1,18,genome,noun,"게놈, 유전체",OCTANOVE_1_0
EN-C1-00347,C1,18,fraction,noun,"부분, 파편",OCTANOVE_1_0
EN-C1-00348,C1,18,faction,noun,"파벌, 당파",OCTANOVE_1_0
EN-C1-00349,C1,18,physique,noun,체격,OCTANOVE_1_0
EN-C1-00350,C1,18,utensil,noun,"도구, 기구",OCTANOVE_1_0
EN-C1-00351,C1,18,otter,noun,수달,OCTANOVE_1_0
EN-C1-00352,C1,18,clammy,adjective,축축하고 차가운,OCTANOVE_1_0
EN-C1-00353,C1,18,absolute,noun,절대적인 것,OCTANOVE_1_0
EN-C1-00354,C1,18,dispense,verb,"분배하다, 베풀다",OCTANOVE_1_0
EN-C1-00355,C1,18,dispensable,adjective,"없어도 되는, 불필요한",OCTANOVE_1_0
EN-C1-00356,C1,18,dispensary,noun,"진료소, 약국",OCTANOVE_1_0
EN-C1-00357,C1,18,indispensable,adjective,필수불가결한,OCTANOVE_1_0
EN-C1-00358,C1,18,diverge,verb,"갈라지다, 벗어나다",OCTANOVE_1_0
EN-C1-00359,C1,18,divergence,noun,"차이, 발산",OCTANOVE_1_0
EN-C1-00360,C1,18,divergent,adjective,"갈라지는, 다른",OCTANOVE_1_0
EN-C1-00361,C1,19,burst,noun,"파열, 분출",OCTANOVE_1_0
EN-C1-00362,C1,19,superficial,adjective,"피상적인, 얕은",OCTANOVE_1_0
EN-C1-00363,C1,19,superficially,adverb,피상적으로,OCTANOVE_1_0
EN-C1-00364,C1,19,aesthetic,adjective,"심미적인, 미학적인",OCTANOVE_1_0
EN-C1-00365,C1,19,aesthetically,adverb,심미적으로,OCTANOVE_1_0
EN-C1-00366,C1,19,scrutinize/scrutinise,verb,면밀히 조사하다,OCTANOVE_1_0
EN-C1-00367,C1,19,scrutiny,noun,"정밀 조사, 검토",OCTANOVE_1_0
EN-C1-00368,C1,19,quip,noun,"재치 있는 말, 경구",OCTANOVE_1_0
EN-C1-00369,C1,19,quip,verb,재치 있게 말하다,OCTANOVE_1_0
EN-C1-00370,C1,19,woo,verb,"구애하다, 지지를 호소하다",OCTANOVE_1_0
EN-C1-00371,C1,19,criteria,noun,"기준, 척도",OCTANOVE_1_0
EN-C1-00372,C1,19,plausible,adjective,그럴듯한,OCTANOVE_1_0
EN-C1-00373,C1,19,plausibility,noun,"그럴듯함, 타당성",OCTANOVE_1_0
EN-C1-00374,C1,19,plausibly,adverb,그럴듯하게,OCTANOVE_1_0
EN-C1-00375,C1,19,instinctive,adjective,본능적인,OCTANOVE_1_0
EN-C1-00376,C1,19,instinctively,adverb,본능적으로,OCTANOVE_1_0
EN-C1-00377,C1,19,stylistic,adjective,"문체상의, 스타일의",OCTANOVE_1_0
EN-C1-00378,C1,19,stylistically,adverb,문체상으로,OCTANOVE_1_0
EN-C1-00379,C1,19,inheritance,noun,"상속, 유전",OCTANOVE_1_0
EN-C1-00380,C1,19,inherent,adjective,"내재하는, 고유의",OCTANOVE_1_0
EN-C1-00381,C1,20,inherently,adverb,내재적으로,OCTANOVE_1_0
EN-C1-00382,C1,20,tune,verb,"조율하다, 맞추다",OCTANOVE_1_0
EN-C1-00383,C1,20,spontaneous,adjective,"자발적인, 즉흥적인",OCTANOVE_1_0
EN-C1-00384,C1,20,spontaneously,adverb,자발적으로,OCTANOVE_1_0
EN-C1-00385,C1,20,honk,verb,경적을 울리다,OCTANOVE_1_0
EN-C1-00386,C1,20,honk,noun,경적 소리,OCTANOVE_1_0
EN-C1-00387,C1,20,goose,noun,거위,OCTANOVE_1_0
EN-C1-00388,C1,20,innovate,verb,혁신하다,OCTANOVE_1_0
EN-C1-00389,C1,20,innovation,noun,혁신,OCTANOVE_1_0
EN-C1-00390,C1,20,innovative,adjective,혁신적인,OCTANOVE_1_0
EN-C1-00391,C1,20,connoisseur,noun,"전문가, 감정가",OCTANOVE_1_0
EN-C1-00392,C1,20,abstraction,noun,"추상, 관념",OCTANOVE_1_0
EN-C1-00393,C1,20,tantrum,noun,"짜증, 떼쓰기",OCTANOVE_1_0
EN-C1-00394,C1,20,institute,verb,"도입하다, 제정하다",OCTANOVE_1_0
EN-C1-00395,C1,20,discard,verb,"버리다, 폐기하다",OCTANOVE_1_0
EN-C1-00396,C1,20,fatality,noun,"죽음, 사망",OCTANOVE_1_0
EN-C1-00397,C1,20,angle,verb,"낚시하다, 비스듬히 움직이다",OCTANOVE_1_0
EN-C1-00398,C1,20,stiffen,verb,뻣뻣해지다,OCTANOVE_1_0
EN-C1-00399,C1,20,wooded,adjective,나무가 우거진,OCTANOVE_1_0
EN-C1-00400,C1,20,hostile,adjective,적대적인,OCTANOVE_1_0
EN-C1-00401,C1,21,hostility,noun,적대감,OCTANOVE_1_0
EN-C1-00402,C1,21,flatter,verb,아첨하다; 치켜세우다,OCTANOVE_1_0
EN-C1-00403,C1,21,flattery,noun,아첨,OCTANOVE_1_0
EN-C1-00404,C1,21,aimless,adjective,목적 없는; 정처 없는,OCTANOVE_1_0
EN-C1-00405,C1,21,aimlessly,adverb,목적 없이; 정처 없이,OCTANOVE_1_0
EN-C1-00406,C1,21,meaningless,adjective,무의미한,OCTANOVE_1_0
EN-C1-00407,C1,21,meaninglessly,adverb,무의미하게,OCTANOVE_1_0
EN-C1-00408,C1,21,candid,adjective,솔직한; 허심탄회한,OCTANOVE_1_0
EN-C1-00409,C1,21,candidly,adverb,솔직하게,OCTANOVE_1_0
EN-C1-00410,C1,21,vitality,noun,활력; 생명력,OCTANOVE_1_0
EN-C1-00411,C1,21,provoke,verb,유발하다; 도발하다,OCTANOVE_1_0
EN-C1-00412,C1,21,provocative,adjective,도발적인; 자극적인,OCTANOVE_1_0
EN-C1-00413,C1,21,provocatively,adverb,도발적으로; 자극적으로,OCTANOVE_1_0
EN-C1-00414,C1,21,clench,verb,꽉 쥐다; 악물다,OCTANOVE_1_0
EN-C1-00415,C1,21,haggle,verb,흥정하다; 실랑이하다,OCTANOVE_1_0
EN-C1-00416,C1,21,scorn,noun,경멸; 멸시,OCTANOVE_1_0
EN-C1-00417,C1,21,scornful,adjective,경멸하는; 멸시하는,OCTANOVE_1_0
EN-C1-00418,C1,21,scornfully,adverb,경멸하여; 멸시하며,OCTANOVE_1_0
EN-C1-00419,C1,21,animatedly,adverb,활기차게,OCTANOVE_1_0
EN-C1-00420,C1,21,obscure,verb,가리다; 모호하게 하다,OCTANOVE_1_0
EN-C1-00421,C1,22,obscure,adjective,모호한; 잘 알려지지 않은,OCTANOVE_1_0
EN-C1-00422,C1,22,obscurely,adverb,모호하게,OCTANOVE_1_0
EN-C1-00423,C1,22,elevate,verb,높이다; 승진시키다,OCTANOVE_1_0
EN-C1-00424,C1,22,elevation,noun,높이; 승진; 고도,OCTANOVE_1_0
EN-C1-00425,C1,22,pose,verb,자세를 취하다; 제기하다,OCTANOVE_1_0
EN-C1-00426,C1,22,tedious,adjective,지루한; 따분한,OCTANOVE_1_0
EN-C1-00427,C1,22,tediously,adverb,지루하게,OCTANOVE_1_0
EN-C1-00428,C1,22,succession,noun,연속; 계승,OCTANOVE_1_0
EN-C1-00429,C1,22,formality,noun,형식; 절차,OCTANOVE_1_0
EN-C1-00430,C1,22,jog,verb,기억을 되살리다; 상기시키다,OCTANOVE_1_0
EN-C1-00431,C1,22,mountaineer,noun,등산가,OCTANOVE_1_0
EN-C1-00432,C1,22,pioneer,verb,개척하다,OCTANOVE_1_0
EN-C1-00433,C1,22,pioneer,noun,개척자,OCTANOVE_1_0
EN-C1-00434,C1,22,quest,noun,탐구; 추구,OCTANOVE_1_0
EN-C1-00435,C1,22,transatlantic,adjective,대서양 횡단의,OCTANOVE_1_0
EN-C1-00436,C1,22,rudiments,noun,기본; 기초,OCTANOVE_1_0
EN-C1-00437,C1,22,rudimentary,adjective,기본적인; 미발달의,OCTANOVE_1_0
EN-C1-00438,C1,22,paddle,verb,노를 젓다; 발로 젓다,OCTANOVE_1_0
EN-C1-00439,C1,22,immense,adjective,엄청난; 거대한,OCTANOVE_1_0
EN-C1-00440,C1,22,immensely,adverb,엄청나게,OCTANOVE_1_0
EN-C1-00441,C1,23,advisory,adjective,자문의; 권고의,OCTANOVE_1_0
EN-C1-00442,C1,23,trying,adjective,힘든; 괴로운,OCTANOVE_1_0
EN-C1-00443,C1,23,adrenaline,noun,아드레날린,OCTANOVE_1_0
EN-C1-00444,C1,23,tinker,verb,만지작거리다; 어설프게 고치다,OCTANOVE_1_0
EN-C1-00445,C1,23,tinker,noun,땜질; 어설픈 수리,OCTANOVE_1_0
EN-C1-00446,C1,23,lavatory,noun,화장실,OCTANOVE_1_0
EN-C1-00447,C1,23,expedition,noun,원정; 탐험,OCTANOVE_1_0
EN-C1-00448,C1,23,pinnacle,noun,정점; 절정,OCTANOVE_1_0
EN-C1-00449,C1,23,insecure,adjective,불안정한; 자신 없는,OCTANOVE_1_0
EN-C1-00450,C1,23,insecurely,adverb,불안정하게,OCTANOVE_1_0
EN-C1-00451,C1,23,reassure,verb,안심시키다,OCTANOVE_1_0
EN-C1-00452,C1,23,reassurance,noun,안심; 위안,OCTANOVE_1_0
EN-C1-00453,C1,23,insensitive,adjective,무신경한; 몰이해한,OCTANOVE_1_0
EN-C1-00454,C1,23,insensitively,adverb,무신경하게,OCTANOVE_1_0
EN-C1-00455,C1,23,profess,verb,공언하다; 자칭하다,OCTANOVE_1_0
EN-C1-00456,C1,23,drawback,noun,결점; 약점,OCTANOVE_1_0
EN-C1-00457,C1,23,resort,verb,의지하다; 호소하다,OCTANOVE_1_0
EN-C1-00458,C1,23,resort,noun,의지할 수단; 방책,OCTANOVE_1_0
EN-C1-00459,C1,23,oversee,verb,감독하다,OCTANOVE_1_0
EN-C1-00460,C1,23,overseer,noun,감독관,OCTANOVE_1_0
EN-C1-00461,C1,24,estimation,noun,평가; 추정,OCTANOVE_1_0
EN-C1-00462,C1,24,commission,verb,의뢰하다; 임명하다,OCTANOVE_1_0
EN-C1-00463,C1,24,commission,noun,의뢰; 위원회; 수수료,OCTANOVE_1_0
EN-C1-00464,C1,24,liaison,noun,연락; 연락 담당자,OCTANOVE_1_0
EN-C1-00465,C1,24,stressfully,adverb,스트레스가 많게,OCTANOVE_1_0
EN-C1-00466,C1,24,loom,verb,어렴풋이 나타나다; 도사리다,OCTANOVE_1_0
EN-C1-00467,C1,24,notwithstanding,preposition,~에도 불구하고,OCTANOVE_1_0
EN-C1-00468,C1,24,structurally,adverb,구조적으로,OCTANOVE_1_0
EN-C1-00469,C1,24,structural,adjective,구조적인,OCTANOVE_1_0
EN-C1-00470,C1,24,chauffer,noun,운전기사,OCTANOVE_1_0
EN-C1-00471,C1,24,chauffer,verb,차로 태워다 주다,OCTANOVE_1_0
EN-C1-00472,C1,24,sedentary,adjective,앉아서 하는; 정주성의,OCTANOVE_1_0
EN-C1-00473,C1,24,rapport,noun,관계; 친밀한 관계,OCTANOVE_1_0
EN-C1-00474,C1,24,landscape,verb,조경하다,OCTANOVE_1_0
EN-C1-00475,C1,24,consultation,noun,상담; 협의,OCTANOVE_1_0
EN-C1-00476,C1,24,consultancy,noun,컨설팅; 자문업,OCTANOVE_1_0
EN-C1-00477,C1,24,bloom,verb,꽃이 피다; 번영하다,OCTANOVE_1_0
EN-C1-00478,C1,24,engineer,verb,설계하다; 공학적으로 처리하다,OCTANOVE_1_0
EN-C1-00479,C1,24,retention,noun,보유; 유지,OCTANOVE_1_0
EN-C1-00480,C1,24,quarry,noun,채석장; 사냥감,OCTANOVE_1_0
EN-C1-00481,C1,25,specification,noun,설명서; 사양,OCTANOVE_1_0
EN-C1-00482,C1,25,contract,verb,계약하여 고용하다; 용역을 맡기다,OCTANOVE_1_0
EN-C1-00483,C1,25,contract,verb,병에 걸리다; 감염되다,OCTANOVE_1_0
EN-C1-00484,C1,25,contractor,noun,계약자; 도급업자,OCTANOVE_1_0
EN-C1-00485,C1,25,query,verb,질문하다; 의문을 제기하다,OCTANOVE_1_0
EN-C1-00486,C1,25,possessor,noun,소유자,OCTANOVE_1_0
EN-C1-00487,C1,25,chill,verb,차갑게 하다; 식히다,OCTANOVE_1_0
EN-C1-00488,C1,25,chill,noun,한기; 냉기,OCTANOVE_1_0
EN-C1-00489,C1,25,chilly,adjective,쌀쌀한; 냉담한,OCTANOVE_1_0
EN-C1-00490,C1,25,frost,verb,성에가 끼다; 서리가 내리다,OCTANOVE_1_0
EN-C1-00491,C1,25,frosty,adjective,서리가 내린; 몹시 추운,OCTANOVE_1_0
EN-C1-00492,C1,25,frostily,adverb,쌀쌀맞게; 냉담하게,OCTANOVE_1_0
EN-C1-00493,C1,25,man,verb,인원을 배치하다; 조종하다,OCTANOVE_1_0
EN-C1-00494,C1,25,unmanned,adjective,무인의,OCTANOVE_1_0
EN-C1-00495,C1,25,impersonal,adjective,비인격적인; 사무적인,OCTANOVE_1_0
EN-C1-00496,C1,25,impersonally,adverb,비인격적으로,OCTANOVE_1_0
EN-C1-00497,C1,25,impersonate,verb,흉내 내다; 가장하다,OCTANOVE_1_0
EN-C1-00498,C1,25,impersonator,noun,흉내쟁이; 성대모사자,OCTANOVE_1_0
EN-C1-00499,C1,25,impersonation,noun,흉내; 가장,OCTANOVE_1_0
EN-C1-00500,C1,25,buzzer,noun,버저; 경보기,OCTANOVE_1_0
EN-C1-00501,C1,26,desert,verb,버리다; 저버리다,OCTANOVE_1_0
EN-C1-00502,C1,26,desertion,noun,저버림; 탈영,OCTANOVE_1_0
EN-C1-00503,C1,26,unoccupied,adjective,비어 있는; 점유되지 않은,OCTANOVE_1_0
EN-C1-00504,C1,26,stuffy,adjective,통풍이 안 되는; 답답한,OCTANOVE_1_0
EN-C1-00505,C1,26,stuffily,adverb,답답하게,OCTANOVE_1_0
EN-C1-00506,C1,26,stuffiness,noun,답답함; 통풍이 안 됨,OCTANOVE_1_0
EN-C1-00507,C1,26,gape,verb,입을 벌리고 바라보다; 놀라서 쳐다보다,OCTANOVE_1_0
EN-C1-00508,C1,26,gape,verb,크게 벌어지다; 입을 벌리다,OCTANOVE_1_0
EN-C1-00509,C1,26,repute,verb,평판이 나다; 간주되다,OCTANOVE_1_0
EN-C1-00510,C1,26,toughness,noun,강인함; 질김,OCTANOVE_1_0
EN-C1-00511,C1,26,recall,noun,기억; 회상; 소환,OCTANOVE_1_0
EN-C1-00512,C1,26,recollection,noun,기억; 회상,OCTANOVE_1_0
EN-C1-00513,C1,26,plumbing,noun,배관; 배관 공사,OCTANOVE_1_0
EN-C1-00514,C1,26,usher,noun,안내원; 문지기,OCTANOVE_1_0
EN-C1-00515,C1,26,glum,adjective,침울한; 뚱한,OCTANOVE_1_0
EN-C1-00516,C1,26,glumly,adverb,침울하게,OCTANOVE_1_0
EN-C1-00517,C1,26,gamely,adverb,용감하게; 굴하지 않고,OCTANOVE_1_0
EN-C1-00518,C1,26,dissect,verb,해부하다; 분석하다,OCTANOVE_1_0
EN-C1-00519,C1,26,dissection,noun,해부; 분석,OCTANOVE_1_0
EN-C1-00520,C1,26,commend,verb,칭찬하다; 추천하다,OCTANOVE_1_0
EN-C1-00521,C1,27,commendation,noun,칭찬; 표창,OCTANOVE_1_0
EN-C1-00522,C1,27,thereby,adverb,그것 때문에; 그렇게 함으로써,OCTANOVE_1_0
EN-C1-00523,C1,27,flick,verb,탁 치다; 휙 움직이다,OCTANOVE_1_0
EN-C1-00524,C1,27,flicker,noun,깜박거림; 흔들림,OCTANOVE_1_0
EN-C1-00525,C1,27,unenviable,adjective,부럽지 않은; 난처한,OCTANOVE_1_0
EN-C1-00526,C1,27,unenviably,adverb,부럽지 않게; 난처하게,OCTANOVE_1_0
EN-C1-00527,C1,27,voice,verb,말로 표현하다; 표명하다,OCTANOVE_1_0
EN-C1-00528,C1,27,tread,noun,발걸음; 타이어 접지면,OCTANOVE_1_0
EN-C1-00529,C1,27,allege,verb,주장하다; 혐의를 제기하다,OCTANOVE_1_0
EN-C1-00530,C1,27,allegation,noun,주장; 혐의,OCTANOVE_1_0
EN-C1-00531,C1,27,bribe,verb,뇌물을 주다,OCTANOVE_1_0
EN-C1-00532,C1,27,bribe,noun,뇌물,OCTANOVE_1_0
EN-C1-00533,C1,27,bribery,noun,뇌물 수수; 매수,OCTANOVE_1_0
EN-C1-00534,C1,27,inclusion,noun,포함; 포함된 것,OCTANOVE_1_0
EN-C1-00535,C1,27,inclusive,adjective,포괄적인; 모두 포함한,OCTANOVE_1_0
EN-C1-00536,C1,27,inclusively,adverb,포괄적으로,OCTANOVE_1_0
EN-C1-00537,C1,27,unconvincing,adjective,설득력 없는; 납득이 안 가는,OCTANOVE_1_0
EN-C1-00538,C1,27,unconvincingly,adverb,설득력 없게,OCTANOVE_1_0
EN-C1-00539,C1,27,recharge,verb,재충전하다,OCTANOVE_1_0
EN-C1-00540,C1,27,facilitation,noun,촉진; 용이하게 함,OCTANOVE_1_0
EN-C1-00541,C1,28,condition,verb,길들이다; 상태를 결정하다,OCTANOVE_1_0
EN-C1-00542,C1,28,conditional,adjective,조건부의; 잠정적인,OCTANOVE_1_0
EN-C1-00543,C1,28,conditionally,adverb,조건부로,OCTANOVE_1_0
EN-C1-00544,C1,28,tone,verb,탄력을 주다; 어조를 조절하다,OCTANOVE_1_0
EN-C1-00545,C1,28,align,verb,나란히 만들다; 조정하다,OCTANOVE_1_0
EN-C1-00546,C1,28,alignment,noun,정렬; 제휴,OCTANOVE_1_0
EN-C1-00547,C1,28,supple,adjective,유연한; 탄력 있는,OCTANOVE_1_0
EN-C1-00548,C1,28,manicure,noun,매니큐어,OCTANOVE_1_0
EN-C1-00549,C1,28,manicure,verb,매니큐어를 하다,OCTANOVE_1_0
EN-C1-00550,C1,28,pedicure,noun,페디큐어,OCTANOVE_1_0
EN-C1-00551,C1,28,facial,adjective,얼굴의; 안면의,OCTANOVE_1_0
EN-C1-00552,C1,28,facial,noun,얼굴 마사지,OCTANOVE_1_0
EN-C1-00553,C1,28,bouquet,noun,꽃다발; 향기,OCTANOVE_1_0
EN-C1-00554,C1,28,refurbish,verb,재단장하다; 새로 꾸미다,OCTANOVE_1_0
EN-C1-00555,C1,28,refurbishment,noun,재단장; 새로 꾸밈,OCTANOVE_1_0
EN-C1-00556,C1,28,grounds,noun,부지; 구내 정원,OCTANOVE_1_0
EN-C1-00557,C1,28,grounds,noun,커피 찌꺼기,OCTANOVE_1_0
EN-C1-00558,C1,28,grounds,noun,근거; 이유,OCTANOVE_1_0
EN-C1-00559,C1,28,ground,verb,근거를 두다; 기반을 두다,OCTANOVE_1_0
EN-C1-00560,C1,28,lethargy,noun,무기력; 혼수상태,OCTANOVE_1_0
EN-C1-00561,C1,29,lethargic,adjective,무기력한; 졸린,OCTANOVE_1_0
EN-C1-00562,C1,29,lethargically,adverb,무기력하게,OCTANOVE_1_0
EN-C1-00563,C1,29,stately,adjective,위엄 있는; 당당한,OCTANOVE_1_0
EN-C1-00564,C1,29,conserve,verb,보존하다; 아껴 쓰다,OCTANOVE_1_0
EN-C1-00565,C1,29,conservatory,noun,온실; 음악 학교,OCTANOVE_1_0
EN-C1-00566,C1,29,disquieting,adjective,불안하게 하는; 걱정스러운,OCTANOVE_1_0
EN-C1-00567,C1,29,fiercely,adverb,맹렬하게; 치열하게,OCTANOVE_1_0
EN-C1-00568,C1,29,grapefruit,noun,자몽,OCTANOVE_1_0
EN-C1-00569,C1,29,exotic,adjective,외국의; 이국적인,OCTANOVE_1_0
EN-C1-00570,C1,29,exotically,adverb,이국적으로,OCTANOVE_1_0
EN-C1-00571,C1,29,flask,noun,플라스크; 휴대용 술병,OCTANOVE_1_0
EN-C1-00572,C1,29,spacious,adjective,널찍한; 공간이 넓은,OCTANOVE_1_0
EN-C1-00573,C1,29,gourmet,adjective,미식가의,OCTANOVE_1_0
EN-C1-00574,C1,29,gourmet,noun,미식가,OCTANOVE_1_0
EN-C1-00575,C1,29,rich,adjective,맛이 진한; 기름진,OCTANOVE_1_0
EN-C1-00576,C1,29,conjure,verb,마술로 나타내다; 상기시키다,OCTANOVE_1_0
EN-C1-00577,C1,29,creamy,adjective,크림 같은; 부드러운,OCTANOVE_1_0
EN-C1-00578,C1,29,sauna,noun,사우나,OCTANOVE_1_0
EN-C1-00579,C1,29,remedial,adjective,교정의; 보충의,OCTANOVE_1_0
EN-C1-00580,C1,29,posture,noun,자세,OCTANOVE_1_0
EN-C1-00581,C1,30,sedate,verb,진정시키다,OCTANOVE_1_0
EN-C1-00582,C1,30,sedately,adverb,차분하게; 침착하게,OCTANOVE_1_0
EN-C1-00583,C1,30,sedate,adjective,차분한; 침착한,OCTANOVE_1_0
EN-C1-00584,C1,30,clutch,verb,꽉 잡다; 움켜쥐다,OCTANOVE_1_0
EN-C1-00585,C1,30,clutch,noun,움켜쥠; 클러치,OCTANOVE_1_0
EN-C1-00586,C1,30,stagger,verb,비틀거리다; 충격을 주다,OCTANOVE_1_0
EN-C1-00587,C1,30,staggering,adjective,충격적인; 믿기 어려운,OCTANOVE_1_0
EN-C1-00588,C1,30,dutiful,adjective,충실한; 의무를 다하는,OCTANOVE_1_0
EN-C1-00589,C1,30,dutifully,adverb,충실하게,OCTANOVE_1_0
EN-C1-00590,C1,30,calorie,noun,칼로리,OCTANOVE_1_0
EN-C1-00591,C1,30,firm,verb,단단하게 하다; 탄탄하게 하다,OCTANOVE_1_0
EN-C1-00592,C1,30,fabulously,adverb,멋지게; 엄청나게,OCTANOVE_1_0
EN-C1-00593,C1,30,premise,noun,전제,OCTANOVE_1_0
EN-C1-00594,C1,30,premises,noun,구내; 건물,OCTANOVE_1_0
EN-C1-00595,C1,30,eclectic,adjective,다방면의; 절충적인,OCTANOVE_1_0
EN-C1-00596,C1,30,eclectic,noun,절충주의자,OCTANOVE_1_0
EN-C1-00597,C1,30,eclectically,adverb,절충적으로,OCTANOVE_1_0
EN-C1-00598,C1,30,revere,verb,숭배하다; 존경하다,OCTANOVE_1_0
EN-C1-00599,C1,30,harbor/harbour,verb,품다; 숨겨 주다,OCTANOVE_1_0
EN-C1-00600,C1,30,recognizable/recognisable,adjective,알아볼 수 있는; 인식 가능한,OCTANOVE_1_0
EN-C1-00601,C1,31,recognizably/recognisably,adverb,알아볼 수 있게,OCTANOVE_1_0
EN-C1-00602,C1,31,batter,verb,세게 때리다; 연달아 두드리다,OCTANOVE_1_0
EN-C1-00603,C1,31,battery,noun,폭행; 구타,OCTANOVE_1_0
EN-C1-00604,C1,31,batter,noun,묽은 반죽; 튀김옷 반죽,OCTANOVE_1_0
EN-C1-00605,C1,31,batter,,타자,OCTANOVE_1_0
EN-C1-00606,C1,31,unreliably,adverb,믿을 수 없게,OCTANOVE_1_0
EN-C1-00607,C1,31,waterfront,noun,부두가; 해안가,OCTANOVE_1_0
EN-C1-00608,C1,31,amply,adverb,충분히; 풍부하게,OCTANOVE_1_0
EN-C1-00609,C1,31,amplification,noun,증폭; 부연 설명,OCTANOVE_1_0
EN-C1-00610,C1,31,battered,adjective,매맞은; 심하게 망가진,OCTANOVE_1_0
EN-C1-00611,C1,31,battered,adjective,튀김옷을 입힌,OCTANOVE_1_0
EN-C1-00612,C1,31,comply,verb,따르다; 준수하다,OCTANOVE_1_0
EN-C1-00613,C1,31,compliance,noun,준수; 순응,OCTANOVE_1_0
EN-C1-00614,C1,31,compliant,adjective,순응하는; 따르는,OCTANOVE_1_0
EN-C1-00615,C1,31,compliantly,adverb,순응하여,OCTANOVE_1_0
EN-C1-00616,C1,31,blankness,noun,멍함; 공백 상태,OCTANOVE_1_0
EN-C1-00617,C1,31,exuberant,adjective,활기 넘치는; 무성한,OCTANOVE_1_0
EN-C1-00618,C1,31,exuberance,noun,활기; 무성함,OCTANOVE_1_0
EN-C1-00619,C1,31,exuberantly,adverb,활기 넘치게,OCTANOVE_1_0
EN-C1-00620,C1,31,linear,adjective,선형의; 직선적인,OCTANOVE_1_0
EN-C1-00621,C1,32,linearly,adverb,선형으로; 직선적으로,OCTANOVE_1_0
EN-C1-00622,C1,32,flourish,noun,과시; 장식,OCTANOVE_1_0
EN-C1-00623,C1,32,flourish,verb,잘 자라다; 번창하다,OCTANOVE_1_0
EN-C1-00624,C1,32,anchor,verb,닻을 내리다; 고정하다,OCTANOVE_1_0
EN-C1-00625,C1,32,anchored,adjective,고정된,OCTANOVE_1_0
EN-C1-00626,C1,32,domination,noun,지배; 우세,OCTANOVE_1_0
EN-C1-00627,C1,32,dominant,adjective,지배적인; 우세한,OCTANOVE_1_0
EN-C1-00628,C1,32,dominantly,adverb,지배적으로,OCTANOVE_1_0
EN-C1-00629,C1,32,interject,verb,끼어들다; 말참견하다,OCTANOVE_1_0
EN-C1-00630,C1,32,interjection,noun,끼어듦; 감탄사,OCTANOVE_1_0
EN-C1-00631,C1,32,gush,verb,분출하다; 쏟아져 나오다,OCTANOVE_1_0
EN-C1-00632,C1,32,gushing,adjective,분출하는; 감정을 쏟아내는,OCTANOVE_1_0
EN-C1-00633,C1,32,gush,noun,분출; 쏟아져 나옴,OCTANOVE_1_0
EN-C1-00634,C1,32,gushingly,adverb,감정을 쏟아내며,OCTANOVE_1_0
EN-C1-00635,C1,32,voracious,adjective,게걸스러운; 열렬한,OCTANOVE_1_0
EN-C1-00636,C1,32,voraciously,adverb,게걸스럽게; 열렬히,OCTANOVE_1_0
EN-C1-00637,C1,32,sketchbook,noun,스케치북,OCTANOVE_1_0
EN-C1-00638,C1,32,sketch,noun,스케치; 약도,OCTANOVE_1_0
EN-C1-00639,C1,32,prop,verb,받치다; 지지하다,OCTANOVE_1_0
EN-C1-00640,C1,32,prop,noun,받침대; 소품,OCTANOVE_1_0
EN-C1-00641,C1,33,imp,noun,장난꾸러기; 작은 악마,OCTANOVE_1_0
EN-C1-00642,C1,33,impish,adjective,장난스러운,OCTANOVE_1_0
EN-C1-00643,C1,33,impishly,adverb,장난스럽게,OCTANOVE_1_0
EN-C1-00644,C1,33,wicked,adjective,사악한; 짓궂은,OCTANOVE_1_0
EN-C1-00645,C1,33,wickedly,adverb,사악하게; 짓궂게,OCTANOVE_1_0
EN-C1-00646,C1,33,macabre,adjective,소름 끼치는; 죽음을 연상시키는,OCTANOVE_1_0
EN-C1-00647,C1,33,gusto,noun,열정; 기백,OCTANOVE_1_0
EN-C1-00648,C1,33,tantamount,adjective,~와 다름없는,OCTANOVE_1_0
EN-C1-00649,C1,33,antics,noun,익살스러운 행동,OCTANOVE_1_0
EN-C1-00650,C1,33,lapse,noun,실수; 시간의 경과,OCTANOVE_1_0
EN-C1-00651,C1,33,lapse,verb,소멸하다; 실수하다,OCTANOVE_1_0
EN-C1-00652,C1,33,relapse,verb,재발하다; 다시 빠지다,OCTANOVE_1_0
EN-C1-00653,C1,33,relapse,noun,재발; 타락,OCTANOVE_1_0
EN-C1-00654,C1,33,impede,verb,지연시키다; 방해하다,OCTANOVE_1_0
EN-C1-00655,C1,33,impediment,noun,방해물; 장애,OCTANOVE_1_0
EN-C1-00656,C1,33,taut,adjective,팽팽한; 긴장된,OCTANOVE_1_0
EN-C1-00657,C1,33,tautly,adverb,팽팽하게,OCTANOVE_1_0
EN-C1-00658,C1,33,jersey,noun,저지; 운동복 상의,OCTANOVE_1_0
EN-C1-00659,C1,33,jersey,adjective,저지 직물의,OCTANOVE_1_0
EN-C1-00660,C1,33,startling,adjective,깜짝 놀라게 하는,OCTANOVE_1_0
EN-C1-00661,C1,34,startlingly,adverb,깜짝 놀랄 정도로,OCTANOVE_1_0
EN-C1-00662,C1,34,slack,verb,느슨해지다; 게으름 피우다,OCTANOVE_1_0
EN-C1-00663,C1,34,slack,noun,느슨함; 여유,OCTANOVE_1_0
EN-C1-00664,C1,34,slack,adjective,느슨한; 태만한,OCTANOVE_1_0
EN-C1-00665,C1,34,slackly,adverb,느슨하게; 태만하게,OCTANOVE_1_0
EN-C1-00666,C1,34,unwavering,adjective,흔들림 없는; 확고한,OCTANOVE_1_0
EN-C1-00667,C1,34,unwaveringly,adverb,흔들림 없이,OCTANOVE_1_0
EN-C1-00668,C1,34,removed,adjective,동떨어진; 거리를 둔,OCTANOVE_1_0
EN-C1-00669,C1,34,buffoon,noun,광대; 바보,OCTANOVE_1_0
EN-C1-00670,C1,34,beguiling,adjective,매혹적인,OCTANOVE_1_0
EN-C1-00671,C1,34,beguilingly,adverb,매혹적으로,OCTANOVE_1_0
EN-C1-00672,C1,34,blithely,adverb,태평하게; 무심코,OCTANOVE_1_0
EN-C1-00673,C1,34,stray,verb,벗어나다; 길을 잃다,OCTANOVE_1_0
EN-C1-00674,C1,34,stray,adjective,길을 잃은; 흩어진,OCTANOVE_1_0
EN-C1-00675,C1,34,stray,noun,길 잃은 동물,OCTANOVE_1_0
EN-C1-00676,C1,34,mythological,adjective,신화의,OCTANOVE_1_0
EN-C1-00677,C1,34,mythology,noun,신화,OCTANOVE_1_0
EN-C1-00678,C1,34,venerate,verb,숭배하다; 존경하다,OCTANOVE_1_0
EN-C1-00679,C1,34,veneration,noun,숭배; 존경,OCTANOVE_1_0
EN-C1-00680,C1,34,ethical,adjective,윤리적인,OCTANOVE_1_0
EN-C1-00681,C1,35,ethically,adverb,윤리적으로,OCTANOVE_1_0
EN-C1-00682,C1,35,heroine,noun,여주인공,OCTANOVE_1_0
EN-C1-00683,C1,35,refreshing,adjective,신선한; 상쾌한,OCTANOVE_1_0
EN-C1-00684,C1,35,refresh,verb,새롭게 하다; 상쾌하게 하다,OCTANOVE_1_0
EN-C1-00685,C1,35,refreshingly,adverb,신선하게; 상쾌하게,OCTANOVE_1_0
EN-C1-00686,C1,35,zany,adjective,엉뚱한; 우스꽝스러운,OCTANOVE_1_0
EN-C1-00687,C1,35,devotee,noun,열렬한 지지자,OCTANOVE_1_0
EN-C1-00688,C1,35,salve,noun,연고; 위안,OCTANOVE_1_0
EN-C1-00689,C1,35,salvation,noun,구원,OCTANOVE_1_0
EN-C1-00690,C1,35,salvage,verb,구조하다; 회수하다,OCTANOVE_1_0
EN-C1-00691,C1,35,staccato,adjective,끊어지는 듯한; 스타카토의,OCTANOVE_1_0
EN-C1-00692,C1,35,staccato,adverb,끊어지는 듯하게,OCTANOVE_1_0
EN-C1-00693,C1,35,verve,noun,열정; 활기,OCTANOVE_1_0
EN-C1-00694,C1,35,motley,adjective,잡동사니의; 뒤섞인,OCTANOVE_1_0
EN-C1-00695,C1,35,preach,verb,설교하다; 역설하다,OCTANOVE_1_0
EN-C1-00696,C1,35,preacher,noun,설교자,OCTANOVE_1_0
EN-C1-00697,C1,35,behind,preposition,~의 원인이 되어; ~의 배후에,OCTANOVE_1_0
EN-C1-00698,C1,35,continuity,noun,연속성,OCTANOVE_1_0
EN-C1-00699,C1,35,justly,adverb,정당하게; 당연히,OCTANOVE_1_0
EN-C1-00700,C1,35,wry,adjective,비꼬는; 뒤틀린,OCTANOVE_1_0
EN-C1-00701,C1,36,wryly,adverb,비꼬듯이,OCTANOVE_1_0
EN-C1-00702,C1,36,poetess,noun,여류 시인,OCTANOVE_1_0
EN-C1-00703,C1,36,confide,verb,털어놓다; 신뢰하다,OCTANOVE_1_0
EN-C1-00704,C1,36,sentient,adjective,지각 있는; 감각이 있는,OCTANOVE_1_0
EN-C1-00705,C1,36,sentiment,noun,정서; 감정; 의견,OCTANOVE_1_0
EN-C1-00706,C1,36,sentimental,adjective,감상적인,OCTANOVE_1_0
EN-C1-00707,C1,36,sentimentally,adverb,감상적으로,OCTANOVE_1_0
EN-C1-00708,C1,36,tangle,verb,엉키게 하다; 얽히게 하다,OCTANOVE_1_0
EN-C1-00709,C1,36,tangle,noun,엉킨 것; 혼란,OCTANOVE_1_0
EN-C1-00710,C1,36,tangled,adjective,엉킨,OCTANOVE_1_0
EN-C1-00711,C1,36,untangle,verb,엉킨 것을 풀다,OCTANOVE_1_0
EN-C1-00712,C1,36,untangled,adjective,엉킨 것이 풀린,OCTANOVE_1_0
EN-C1-00713,C1,36,perceptive,adjective,통찰력 있는; 지각력이 있는,OCTANOVE_1_0
EN-C1-00714,C1,36,perceptively,adverb,통찰력 있게,OCTANOVE_1_0
EN-C1-00715,C1,36,outset,noun,시초; 착수,OCTANOVE_1_0
EN-C1-00716,C1,36,tycoon,noun,거물; 큰손,OCTANOVE_1_0
EN-C1-00717,C1,36,launch,noun,출시; 시작; 발사,OCTANOVE_1_0
EN-C1-00718,C1,36,engross,verb,몰두하게 하다,OCTANOVE_1_0
EN-C1-00719,C1,36,engrossing,adjective,몰두하게 하는; 마음을 사로잡는,OCTANOVE_1_0
EN-C1-00720,C1,36,plague,verb,괴롭히다; 시달리게 하다,OCTANOVE_1_0
EN-C1-00721,C1,37,orphan,verb,고아로 만들다,OCTANOVE_1_0
EN-C1-00722,C1,37,detritus,noun,잔해; 쓰레기,OCTANOVE_1_0
EN-C1-00723,C1,37,detriment,noun,손해; 손상,OCTANOVE_1_0
EN-C1-00724,C1,37,detrimental,adjective,해로운,OCTANOVE_1_0
EN-C1-00725,C1,37,detrimentally,adverb,해롭게,OCTANOVE_1_0
EN-C1-00726,C1,37,domestically,adverb,가정 내에서; 국내적으로,OCTANOVE_1_0
EN-C1-00727,C1,37,domesticate,verb,길들이다; 가정에 익숙하게 하다,OCTANOVE_1_0
EN-C1-00728,C1,37,domestication,noun,길들이기; 가축화,OCTANOVE_1_0
EN-C1-00729,C1,37,eccentric,noun,괴짜,OCTANOVE_1_0
EN-C1-00730,C1,37,eccentric,adjective,별난; 괴상한,OCTANOVE_1_0
EN-C1-00731,C1,37,eccentrically,adverb,별나게,OCTANOVE_1_0
EN-C1-00732,C1,37,render,verb,만들다; 주다; 표현하다,OCTANOVE_1_0
EN-C1-00733,C1,37,rendering,noun,표현; 연주; 번역,OCTANOVE_1_0
EN-C1-00734,C1,37,pathos,noun,연민을 자아내는 힘; 비애감,OCTANOVE_1_0
EN-C1-00735,C1,37,tailor,noun,재단사,OCTANOVE_1_0
EN-C1-00736,C1,37,tailor,verb,맞추다; 조정하다,OCTANOVE_1_0
EN-C1-00737,C1,37,personalize/personalise,verb,개인화하다,OCTANOVE_1_0
EN-C1-00738,C1,37,personalization/personalisation,noun,개인화,OCTANOVE_1_0
EN-C1-00739,C1,37,personification,noun,의인화,OCTANOVE_1_0
EN-C1-00740,C1,37,limitless,adjective,무한한,OCTANOVE_1_0
EN-C1-00741,C1,38,apprentice,noun,견습생,OCTANOVE_1_0
EN-C1-00742,C1,38,apprentice,verb,견습생으로 삼다,OCTANOVE_1_0
EN-C1-00743,C1,38,apprenticeship,noun,견습 기간,OCTANOVE_1_0
EN-C1-00744,C1,38,precision,noun,정밀함; 정확성,OCTANOVE_1_0
EN-C1-00745,C1,38,swap,verb,교환하다,OCTANOVE_1_0
EN-C1-00746,C1,38,swap,noun,교환,OCTANOVE_1_0
EN-C1-00747,C1,38,perfect,verb,완벽하게 하다,OCTANOVE_1_0
EN-C1-00748,C1,38,silhouette,noun,실루엣; 윤곽,OCTANOVE_1_0
EN-C1-00749,C1,38,nondescript,adjective,평범한; 특징 없는,OCTANOVE_1_0
EN-C1-00750,C1,38,signal,verb,신호를 보내다,OCTANOVE_1_0
EN-C1-00751,C1,38,negligible,adjective,무시할 만한; 하찮은,OCTANOVE_1_0
EN-C1-00752,C1,38,negligent,adjective,태만한; 소홀한,OCTANOVE_1_0
EN-C1-00753,C1,38,negligently,adverb,태만하게,OCTANOVE_1_0
EN-C1-00754,C1,38,principally,adverb,주로; 대개,OCTANOVE_1_0
EN-C1-00755,C1,38,altruism,noun,이타주의,OCTANOVE_1_0
EN-C1-00756,C1,38,altruistic,adjective,이타적인,OCTANOVE_1_0
EN-C1-00757,C1,38,scenario,noun,시나리오; 경우,OCTANOVE_1_0
EN-C1-00758,C1,38,voluntary,adjective,자발적인,OCTANOVE_1_0
EN-C1-00759,C1,38,voluntarily,adverb,자발적으로,OCTANOVE_1_0
EN-C1-00760,C1,38,reap,verb,수확하다; 거두다,OCTANOVE_1_0
EN-C1-00761,C1,39,paternal,adjective,아버지의; 아버지다운,OCTANOVE_1_0
EN-C1-00762,C1,39,maternal,adjective,어머니의; 어머니다운,OCTANOVE_1_0
EN-C1-00763,C1,39,maternalistic,adjective,어머니처럼 간섭하는,OCTANOVE_1_0
EN-C1-00764,C1,39,paternalistic,adjective,아버지처럼 간섭하는,OCTANOVE_1_0
EN-C1-00765,C1,39,provisions,noun,식량; 식료품,OCTANOVE_1_0
EN-C1-00766,C1,39,injustice,noun,불공정; 부정,OCTANOVE_1_0
EN-C1-00767,C1,39,impoverished,adjective,빈곤한; 궁핍한,OCTANOVE_1_0
EN-C1-00768,C1,39,unsustainable,adjective,지속 불가능한,OCTANOVE_1_0
EN-C1-00769,C1,39,unsustainably,adverb,지속 불가능하게,OCTANOVE_1_0
EN-C1-00770,C1,39,sustainable,adjective,지속 가능한,OCTANOVE_1_0
EN-C1-00771,C1,39,sustainably,adverb,지속 가능하게,OCTANOVE_1_0
EN-C1-00772,C1,39,bypass,verb,우회하다,OCTANOVE_1_0
EN-C1-00773,C1,39,imperative,adjective,필수적인; 긴급한,OCTANOVE_1_0
EN-C1-00774,C1,39,imperative,noun,필수적인 것; 책무,OCTANOVE_1_0
EN-C1-00775,C1,39,cynic,noun,냉소적인 사람,OCTANOVE_1_0
EN-C1-00776,C1,39,cynical,adjective,냉소적인,OCTANOVE_1_0
EN-C1-00777,C1,39,cynically,adverb,냉소적으로,OCTANOVE_1_0
EN-C1-00778,C1,39,cynicism,noun,냉소주의,OCTANOVE_1_0
EN-C1-00779,C1,39,sarcasm,noun,비꼬기; 풍자,OCTANOVE_1_0
EN-C1-00780,C1,39,sarcastic,adjective,비꼬는; 풍자적인,OCTANOVE_1_0
EN-C1-00781,C1,40,sarcastically,adverb,비꼬듯이,OCTANOVE_1_0
EN-C1-00782,C1,40,misplace,verb,잘못 두다,OCTANOVE_1_0
EN-C1-00783,C1,40,symptomatic,adjective,증상이 있는; 징후가 되는,OCTANOVE_1_0
EN-C1-00784,C1,40,degrade,verb,비하하다; 타락시키다,OCTANOVE_1_0
EN-C1-00785,C1,40,degrading,adjective,비하하는; 모욕적인,OCTANOVE_1_0
EN-C1-00786,C1,40,degradation,noun,비하; 타락; 퇴화,OCTANOVE_1_0
EN-C1-00787,C1,40,discourse,noun,담론; 담화,OCTANOVE_1_0
EN-C1-00788,C1,40,amid,preposition,가운데에; ~에 둘러싸여,OCTANOVE_1_0
EN-C1-00789,C1,40,hedgehog,noun,고슴도치,OCTANOVE_1_0
EN-C1-00790,C1,40,nocturnal,adjective,야행성의,OCTANOVE_1_0
EN-C1-00791,C1,40,hibernate,verb,동면하다,OCTANOVE_1_0
EN-C1-00792,C1,40,hibernation,noun,동면,OCTANOVE_1_0
EN-C1-00793,C1,40,convict,verb,유죄를 선고하다,OCTANOVE_1_0
EN-C1-00794,C1,40,convict,noun,죄수,OCTANOVE_1_0
EN-C1-00795,C1,40,conviction,noun,유죄 판결; 확신,OCTANOVE_1_0
EN-C1-00796,C1,40,latent,adjective,잠재적인,OCTANOVE_1_0
EN-C1-00797,C1,40,snooze,verb,잠깐 자다; 졸다,OCTANOVE_1_0
EN-C1-00798,C1,40,classy,adjective,세련된; 고급스러운,OCTANOVE_1_0
EN-C1-00799,C1,40,wrench,verb,비틀다; 억지로 떼어내다,OCTANOVE_1_0
EN-C1-00800,C1,40,reminisce,verb,추억에 잠기다,OCTANOVE_1_0
EN-C1-00801,C1,41,reminiscent,adjective,추억을 불러일으키는,OCTANOVE_1_0
EN-C1-00802,C1,41,intuit,verb,직관적으로 알다; 직감하다,OCTANOVE_1_0
EN-C1-00803,C1,41,intuition,noun,직관; 직감,OCTANOVE_1_0
EN-C1-00804,C1,41,intuitive,adjective,직관적인,OCTANOVE_1_0
EN-C1-00805,C1,41,intuitively,adverb,직관적으로,OCTANOVE_1_0
EN-C1-00806,C1,41,marginal,adjective,미미한; 주변의; 한계의,OCTANOVE_1_0
EN-C1-00807,C1,41,marginally,adverb,미미하게; 약간,OCTANOVE_1_0
EN-C1-00808,C1,41,crude,adjective,조잡한; 천박한,OCTANOVE_1_0
EN-C1-00809,C1,41,crudely,adverb,조잡하게; 천박하게,OCTANOVE_1_0
EN-C1-00810,C1,41,strap,noun,끈; 띠,OCTANOVE_1_0
EN-C1-00811,C1,41,strap,verb,끈으로 묶다; 고정하다,OCTANOVE_1_0
EN-C1-00812,C1,41,strapping,adjective,건장한,OCTANOVE_1_0
EN-C1-00813,C1,41,scoff,verb,비웃다; 조롱하다,OCTANOVE_1_0
EN-C1-00814,C1,41,fiddly,adjective,만지작거려야 하는; 다루기 까다로운,OCTANOVE_1_0
EN-C1-00815,C1,41,fiddler,noun,바이올린 연주자,OCTANOVE_1_0
EN-C1-00816,C1,41,fiddle,verb,만지작거리다; 조작하다,OCTANOVE_1_0
EN-C1-00817,C1,41,fiddle,noun,바이올린; 조작,OCTANOVE_1_0
EN-C1-00818,C1,41,unmusical,adjective,음악적이지 않은,OCTANOVE_1_0
EN-C1-00819,C1,41,unmusically,adverb,음악적이지 않게,OCTANOVE_1_0
EN-C1-00820,C1,41,repertory,noun,상연 목록; 레퍼토리,OCTANOVE_1_0
EN-C1-00821,C1,42,concerto,noun,협주곡,OCTANOVE_1_0
EN-C1-00822,C1,42,premier,adjective,최고의; 제1의,OCTANOVE_1_0
EN-C1-00823,C1,42,premier,noun,수상; 총리,OCTANOVE_1_0
EN-C1-00824,C1,42,fanatic,noun,광신자; 열광자,OCTANOVE_1_0
EN-C1-00825,C1,42,fanatic,adjective,광신적인; 열광적인,OCTANOVE_1_0
EN-C1-00826,C1,42,fanatically,adverb,광신적으로; 열광적으로,OCTANOVE_1_0
EN-C1-00827,C1,42,acoustically,adverb,음향적으로,OCTANOVE_1_0
EN-C1-00828,C1,42,acoustic,adjective,음향의; 전자 증폭이 없는,OCTANOVE_1_0
EN-C1-00829,C1,42,acoustics,noun,음향 시설; 음향학,OCTANOVE_1_0
EN-C1-00830,C1,42,compromised,adjective,손상된; 위태로운,OCTANOVE_1_0
EN-C1-00831,C1,42,daunt,verb,기죽게 하다; 겁먹게 하다,OCTANOVE_1_0
EN-C1-00832,C1,42,daunting,adjective,벅찬; 주눅이 드는,OCTANOVE_1_0
EN-C1-00833,C1,42,realist,noun,현실주의자,OCTANOVE_1_0
EN-C1-00834,C1,42,realism,noun,현실주의; 사실주의,OCTANOVE_1_0
EN-C1-00835,C1,42,recess,noun,벽의 오목하게 들어간 부분; 벽감,OCTANOVE_1_0
EN-C1-00836,C1,42,recess,noun,쉬는 시간; 휴회; 휴정,OCTANOVE_1_0
EN-C1-00837,C1,42,recessive,adjective,열성의; 퇴행성의,OCTANOVE_1_0
EN-C1-00838,C1,42,prolific,adjective,다산의; 다작의,OCTANOVE_1_0
EN-C1-00839,C1,42,prolifically,adverb,다산으로; 다작으로,OCTANOVE_1_0
EN-C1-00840,C1,42,proliferate,verb,급증하다; 확산하다,OCTANOVE_1_0
EN-C1-00841,C1,43,fragmentation,noun,분열; 파편화,OCTANOVE_1_0
EN-C1-00842,C1,43,campaign,verb,운동을 벌이다; 캠페인을 하다,OCTANOVE_1_0
EN-C1-00843,C1,43,astray,adverb,길을 잃고; 타락하여,OCTANOVE_1_0
EN-C1-00844,C1,43,duration,noun,지속 기간,OCTANOVE_1_0
EN-C1-00845,C1,43,durable,adjective,내구성이 있는; 오래가는,OCTANOVE_1_0
EN-C1-00846,C1,43,durable,noun,내구재,OCTANOVE_1_0
EN-C1-00847,C1,43,likelihood,noun,가능성,OCTANOVE_1_0
EN-C1-00848,C1,43,naive,adjective,순진한; 천진난만한,OCTANOVE_1_0
EN-C1-00849,C1,43,naively,adverb,순진하게,OCTANOVE_1_0
EN-C1-00850,C1,43,naivety,noun,순진함,OCTANOVE_1_0
EN-C1-00851,C1,43,impervious,adjective,영향을 받지 않는; 무감각한,OCTANOVE_1_0
EN-C1-00852,C1,43,ludicrous,adjective,터무니없는; 우스꽝스러운,OCTANOVE_1_0
EN-C1-00853,C1,43,ludicrously,adverb,터무니없이; 우스꽝스럽게,OCTANOVE_1_0
EN-C1-00854,C1,43,cost-effective,adjective,비용 효율적인,OCTANOVE_1_0
EN-C1-00855,C1,43,gruesome,adjective,소름 끼치는; 섬뜩한,OCTANOVE_1_0
EN-C1-00856,C1,43,gruesomely,adverb,소름 끼치게; 섬뜩하게,OCTANOVE_1_0
EN-C1-00857,C1,43,envisage,verb,상상하다; 마음속에 그리다,OCTANOVE_1_0
EN-C1-00858,C1,43,screenwriter,noun,시나리오 작가,OCTANOVE_1_0
EN-C1-00859,C1,43,mingle,verb,어울리다; 섞이다,OCTANOVE_1_0
EN-C1-00860,C1,43,churn,verb,마구 휘젓다; 대량 생산하다,OCTANOVE_1_0
EN-C1-00861,C1,44,buffer,verb,완충하다; 보호하다,OCTANOVE_1_0
EN-C1-00862,C1,44,buffer,noun,완충제; 완충 장치,OCTANOVE_1_0
EN-C1-00863,C1,44,irate,adjective,몹시 화가 난,OCTANOVE_1_0
EN-C1-00864,C1,44,irately,adverb,몹시 화가 나서,OCTANOVE_1_0
EN-C1-00865,C1,44,docile,adjective,유순한; 다루기 쉬운,OCTANOVE_1_0
EN-C1-00866,C1,44,docilely,adverb,유순하게,OCTANOVE_1_0
EN-C1-00867,C1,44,fiend,noun,악마; 광적인 사람,OCTANOVE_1_0
EN-C1-00868,C1,44,fiendish,adjective,악마 같은; 기발한,OCTANOVE_1_0
EN-C1-00869,C1,44,fiendishly,adverb,악마같이; 기발하게,OCTANOVE_1_0
EN-C1-00870,C1,44,transfix,verb,얼어붙게 만들다; 꼼짝 못 하게 하다,OCTANOVE_1_0
EN-C1-00871,C1,44,gypsy,noun,집시,OCTANOVE_1_0
EN-C1-00872,C1,44,temperament,noun,기질; 성질,OCTANOVE_1_0
EN-C1-00873,C1,44,temperamental,adjective,기질적인; 변덕스러운,OCTANOVE_1_0
EN-C1-00874,C1,44,temperamentally,adverb,기질적으로; 변덕스럽게,OCTANOVE_1_0
EN-C1-00875,C1,44,screenplay,noun,영화 대본; 시나리오,OCTANOVE_1_0
EN-C1-00876,C1,44,disillusionment,noun,환멸,OCTANOVE_1_0
EN-C1-00877,C1,44,demise,noun,사망; 종말,OCTANOVE_1_0
EN-C1-00878,C1,44,raunchy,adjective,외설적인; 선정적인,OCTANOVE_1_0
EN-C1-00879,C1,44,raunchily,adverb,외설적으로; 선정적으로,OCTANOVE_1_0
EN-C1-00880,C1,44,overdraft,verb,당좌 대월하다,OCTANOVE_1_0
EN-C1-00881,C1,45,overdraft,noun,당좌 대월,OCTANOVE_1_0
EN-C1-00882,C1,45,synopsis,noun,개요; 줄거리,OCTANOVE_1_0
EN-C1-00883,C1,45,renown,noun,명성,OCTANOVE_1_0
EN-C1-00884,C1,45,contest,verb,이의를 제기하다; 경쟁하다,OCTANOVE_1_0
EN-C1-00885,C1,45,contested,adjective,논쟁의 여지가 있는,OCTANOVE_1_0
EN-C1-00886,C1,45,verandah,noun,베란다,OCTANOVE_1_0
EN-C1-00887,C1,45,occupational,adjective,직업의; 직업상의,OCTANOVE_1_0
EN-C1-00888,C1,45,verdict,noun,판결; 결정,OCTANOVE_1_0
EN-C1-00889,C1,45,ventilate,verb,환기하다; 표출하다,OCTANOVE_1_0
EN-C1-00890,C1,45,ventilation,noun,환기; 통풍,OCTANOVE_1_0
EN-C1-00891,C1,45,occupant,noun,점유자; 거주자,OCTANOVE_1_0
EN-C1-00892,C1,45,radiator,noun,라디에이터; 방열기,OCTANOVE_1_0
EN-C1-00893,C1,45,homely,adjective,아늑한; 수수한; 못생긴,OCTANOVE_1_0
EN-C1-00894,C1,45,bureaucratic,adjective,관료적인,OCTANOVE_1_0
EN-C1-00895,C1,45,bureaucratically,adverb,관료적으로,OCTANOVE_1_0
EN-C1-00896,C1,45,adjustable,adjective,조절 가능한,OCTANOVE_1_0
EN-C1-00897,C1,45,fatigue,noun,피로,OCTANOVE_1_0
EN-C1-00898,C1,45,muscular,adjective,근육의,OCTANOVE_1_0
EN-C1-00899,C1,45,versatile,adjective,다재다능한; 다용도의,OCTANOVE_1_0
EN-C1-00900,C1,45,versatility,noun,다재다능함; 융통성,OCTANOVE_1_0
EN-C1-00901,C1,46,stimuli,noun,자극들,OCTANOVE_1_0
EN-C1-00902,C1,46,uninspiring,adjective,"영감을 주지 못하는, 재미없는",OCTANOVE_1_0
EN-C1-00903,C1,46,mutually,adverb,"상호 간에, 서로",OCTANOVE_1_0
EN-C1-00904,C1,46,somber/sombre,adjective,"침울한, 우울한",OCTANOVE_1_0
EN-C1-00905,C1,46,somberly/sombrely,adverb,"침울하게, 우울하게",OCTANOVE_1_0
EN-C1-00906,C1,46,clutter,noun,"잡동사니, 어수선함",OCTANOVE_1_0
EN-C1-00907,C1,46,clutter,verb,"어지럽히다, 채우다",OCTANOVE_1_0
EN-C1-00908,C1,46,lodge,verb,숙박하다; (공식적으로) 제기하다,OCTANOVE_1_0
EN-C1-00909,C1,46,dislodge,verb,"제거하다, 몰아내다",OCTANOVE_1_0
EN-C1-00910,C1,46,carpenter,noun,목수,OCTANOVE_1_0
EN-C1-00911,C1,46,carpentry,noun,목공,OCTANOVE_1_0
EN-C1-00912,C1,46,transit,noun,"수송, 통과",OCTANOVE_1_0
EN-C1-00913,C1,46,plummet,verb,"곤두박질치다, 급락하다",OCTANOVE_1_0
EN-C1-00914,C1,46,circulate,verb,"순환하다, 유포하다",OCTANOVE_1_0
EN-C1-00915,C1,46,circulation,noun,"순환, 유통",OCTANOVE_1_0
EN-C1-00916,C1,46,demography,noun,인구 통계학,OCTANOVE_1_0
EN-C1-00917,C1,46,demographic,adjective,인구 통계학의,OCTANOVE_1_0
EN-C1-00918,C1,46,demographic,noun,인구 통계 자료,OCTANOVE_1_0
EN-C1-00919,C1,46,demographically,adverb,인구 통계학적으로,OCTANOVE_1_0
EN-C1-00920,C1,46,phenomenal,adjective,"경이적인, 놀라운",OCTANOVE_1_0
EN-C1-00921,C1,47,phenomenally,adverb,"경이적으로, 놀랍게",OCTANOVE_1_0
EN-C1-00922,C1,47,prophet,noun,예언자,OCTANOVE_1_0
EN-C1-00923,C1,47,prophetic,adjective,"예언의, 예언적인",OCTANOVE_1_0
EN-C1-00924,C1,47,paywall,noun,유료 결제 장벽,OCTANOVE_1_0
EN-C1-00925,C1,47,firewall,noun,방화벽,OCTANOVE_1_0
EN-C1-00926,C1,47,launch,noun,"출시, 시작",OCTANOVE_1_0
EN-C1-00927,C1,47,invoice,noun,"송장, 청구서",OCTANOVE_1_0
EN-C1-00928,C1,47,demolition,noun,"철거, 파괴",OCTANOVE_1_0
EN-C1-00929,C1,47,demo,noun,"데모, 시연",OCTANOVE_1_0
EN-C1-00930,C1,47,gig,noun,"공연, 일시적인 일",OCTANOVE_1_0
EN-C1-00931,C1,47,socialization,noun,사회화,OCTANOVE_1_0
EN-C1-00932,C1,47,antiquity,noun,고대,OCTANOVE_1_0
EN-C1-00933,C1,47,antiquated,adjective,"구식의, 낡은",OCTANOVE_1_0
EN-C1-00934,C1,47,restoration,noun,"복원, 회복",OCTANOVE_1_0
EN-C1-00935,C1,47,restorative,adjective,"복원하는, 원기를 회복시키는",OCTANOVE_1_0
EN-C1-00936,C1,47,rotate,verb,"회전하다, 교대로 하다",OCTANOVE_1_0
EN-C1-00937,C1,47,till,noun,금전 등록기,OCTANOVE_1_0
EN-C1-00938,C1,47,coupled,adjective,"결합된, 연결된",OCTANOVE_1_0
EN-C1-00939,C1,47,itinerary,noun,여행 일정표,OCTANOVE_1_0
EN-C1-00940,C1,47,charter,verb,"전세 내다, 빌리다",OCTANOVE_1_0
EN-C1-00941,C1,48,charter,noun,"헌장, 전세",OCTANOVE_1_0
EN-C1-00942,C1,48,terrain,noun,"지형, 지역",OCTANOVE_1_0
EN-C1-00943,C1,48,resilient,adjective,"탄력 있는, 회복력이 있는",OCTANOVE_1_0
EN-C1-00944,C1,48,resilience,noun,"탄력성, 회복력",OCTANOVE_1_0
EN-C1-00945,C1,48,enterprising,adjective,"진취적인, 기업가적인",OCTANOVE_1_0
EN-C1-00946,C1,48,integral,adjective,"필수의, 없어서는 안 될",OCTANOVE_1_0
EN-C1-00947,C1,48,canoe,noun,카누,OCTANOVE_1_0
EN-C1-00948,C1,48,magnetic,adjective,"자기의, 자석의",OCTANOVE_1_0
EN-C1-00949,C1,48,magnetism,noun,"자기 현상, 자성",OCTANOVE_1_0
EN-C1-00950,C1,48,magnetically,adverb,"자력으로, 자기적으로",OCTANOVE_1_0
EN-C1-00951,C1,48,credible,adjective,"믿을 수 있는, 신뢰할 수 있는",OCTANOVE_1_0
EN-C1-00952,C1,48,credibly,adverb,믿을 수 있게,OCTANOVE_1_0
EN-C1-00953,C1,48,credibility,noun,신뢰성,OCTANOVE_1_0
EN-C1-00954,C1,48,credential,noun,자격 증명,OCTANOVE_1_0
EN-C1-00955,C1,48,acutely,adverb,"날카롭게, 예리하게",OCTANOVE_1_0
EN-C1-00956,C1,48,prohibitive,adjective,"엄두도 못 낼 만큼 비싼, 금지하는",OCTANOVE_1_0
EN-C1-00957,C1,48,prohibitively,adverb,엄두도 못 낼 정도로,OCTANOVE_1_0
EN-C1-00958,C1,48,fissure,noun,"틈, 균열",OCTANOVE_1_0
EN-C1-00959,C1,48,pendulum,noun,"진자, 추",OCTANOVE_1_0
EN-C1-00960,C1,48,pendulous,adjective,"매달린, 흔들리는",OCTANOVE_1_0
EN-C1-00961,C1,49,suspension,noun,"정학, 유예, 매달림",OCTANOVE_1_0
EN-C1-00962,C1,49,aboard,preposition,배나 비행기에 탄,OCTANOVE_1_0
EN-C1-00963,C1,49,drill,verb,"구멍을 뚫다, 연습시키다",OCTANOVE_1_0
EN-C1-00964,C1,49,drill,noun,반복 훈련; 비상 대피 훈련,OCTANOVE_1_0
EN-C1-00965,C1,49,anthropology,noun,인류학,OCTANOVE_1_0
EN-C1-00966,C1,49,anthropologist,noun,인류학자,OCTANOVE_1_0
EN-C1-00967,C1,49,squander,verb,"낭비하다, 허비하다",OCTANOVE_1_0
EN-C1-00968,C1,49,munch,verb,우적우적 먹다,OCTANOVE_1_0
EN-C1-00969,C1,49,adjoin,verb,인접하다,OCTANOVE_1_0
EN-C1-00970,C1,49,adjoining,adjective,인접한,OCTANOVE_1_0
EN-C1-00971,C1,49,wizened,adjective,"주름진, 쭈글쭈글한",OCTANOVE_1_0
EN-C1-00972,C1,49,graft,verb,"접목하다, 이식하다",OCTANOVE_1_0
EN-C1-00973,C1,49,orchard,noun,과수원,OCTANOVE_1_0
EN-C1-00974,C1,49,seedling,noun,묘목,OCTANOVE_1_0
EN-C1-00975,C1,49,tract,noun,"지역, 넓은 땅",OCTANOVE_1_0
EN-C1-00976,C1,49,folktale,noun,"민담, 설화",OCTANOVE_1_0
EN-C1-00977,C1,49,sprout,verb,"싹트다, 발아하다",OCTANOVE_1_0
EN-C1-00978,C1,49,sprout,noun,"싹, 새순",OCTANOVE_1_0
EN-C1-00979,C1,49,hypocrisy,noun,위선,OCTANOVE_1_0
EN-C1-00980,C1,49,hypocrite,noun,위선자,OCTANOVE_1_0
EN-C1-00981,C1,50,hypocritical,adjective,위선적인,OCTANOVE_1_0
EN-C1-00982,C1,50,hypocritically,adverb,위선적으로,OCTANOVE_1_0
EN-C1-00983,C1,50,midwife,noun,조산사,OCTANOVE_1_0
EN-C1-00984,C1,50,harvest,verb,수확하다,OCTANOVE_1_0
EN-C1-00985,C1,50,commercially,adverb,상업적으로,OCTANOVE_1_0
EN-C1-00986,C1,50,uniformity,noun,"획일성, 균일성",OCTANOVE_1_0
EN-C1-00987,C1,50,numb,adjective,"감각이 없는, 마비된",OCTANOVE_1_0
EN-C1-00988,C1,50,numb,verb,"마비시키다, 무감각하게 하다",OCTANOVE_1_0
EN-C1-00989,C1,50,tastebud,noun,미뢰,OCTANOVE_1_0
EN-C1-00990,C1,50,amateur,noun,아마추어,OCTANOVE_1_0
EN-C1-00991,C1,50,amateur,adjective,아마추어의,OCTANOVE_1_0
EN-C1-00992,C1,50,retrace,verb,"되짚어가다, 거슬러 올라가다",OCTANOVE_1_0
EN-C1-00993,C1,50,chart,verb,"도표를 만들다, 계획하다",OCTANOVE_1_0
EN-C1-00994,C1,50,insubordinate,adjective,"반항적인, 불복종하는",OCTANOVE_1_0
EN-C1-00995,C1,50,insubordination,noun,"반항, 불복종",OCTANOVE_1_0
EN-C1-00996,C1,50,insubordinately,adverb,반항적으로,OCTANOVE_1_0
EN-C1-00997,C1,50,subordinate,noun,"부하, 하급자",OCTANOVE_1_0
EN-C1-00998,C1,50,primitively,adverb,원시적으로,OCTANOVE_1_0
EN-C1-00999,C1,50,embark,verb,"착수하다, 승선하다",OCTANOVE_1_0
EN-C1-01000,C1,50,expedite,verb,"신속히 처리하다, 촉진하다",OCTANOVE_1_0
EN-C1-01001,C1,51,contextual,adjective,"문맥상의, 맥락과 관련된",OCTANOVE_1_0
EN-C1-01002,C1,51,contextually,adverb,문맥상으로,OCTANOVE_1_0
EN-C1-01003,C1,51,whilst,conjunction,~하는 동안에; 반면에,OCTANOVE_1_0
EN-C1-01004,C1,51,maneuver/manoeuvre,verb,교묘히 다루다; 책략을 쓰다,OCTANOVE_1_0
EN-C1-01005,C1,51,maneuver/manoeuvre,noun,교묘한 조치; 책략; 기동 훈련,OCTANOVE_1_0
EN-C1-01006,C1,51,riveting,adjective,매혹적인,OCTANOVE_1_0
EN-C1-01007,C1,51,plunge,verb,거꾸러지다; 급락하다,OCTANOVE_1_0
EN-C1-01008,C1,51,plunge,noun,급락; 뛰어듦,OCTANOVE_1_0
EN-C1-01009,C1,51,debut,noun,데뷔; 첫 등장,OCTANOVE_1_0
EN-C1-01010,C1,51,debut,verb,데뷔하다; 첫선을 보이다,OCTANOVE_1_0
EN-C1-01011,C1,51,turmoil,noun,혼란; 소란,OCTANOVE_1_0
EN-C1-01012,C1,51,scathing,adjective,통렬한; 가차 없는,OCTANOVE_1_0
EN-C1-01013,C1,51,unscathing,adjective,상처 입지 않은; 무사한,OCTANOVE_1_0
EN-C1-01014,C1,51,convoluted,adjective,복잡한; 난해한,OCTANOVE_1_0
EN-C1-01015,C1,51,undaunted,adjective,굴하지 않는; 대담한,OCTANOVE_1_0
EN-C1-01016,C1,51,gutsy,adjective,배짱 있는; 대담한,OCTANOVE_1_0
EN-C1-01017,C1,51,deprivation,noun,박탈; 결핍,OCTANOVE_1_0
EN-C1-01018,C1,51,farce,noun,웃음거리; 익살극,OCTANOVE_1_0
EN-C1-01019,C1,51,portray,verb,묘사하다; 연기하다,OCTANOVE_1_0
EN-C1-01020,C1,51,portrayal,noun,묘사; 연기,OCTANOVE_1_0
EN-C1-01021,C1,52,elusive,adjective,찾기 힘든; 규정하기 어려운,OCTANOVE_1_0
EN-C1-01022,C1,52,elude,verb,피하다; 이해되지 않다,OCTANOVE_1_0
EN-C1-01023,C1,52,incisor,noun,앞니,OCTANOVE_1_0
EN-C1-01024,C1,52,incision,noun,절개; 베기,OCTANOVE_1_0
EN-C1-01025,C1,52,chisel,verb,조각하다; 새기다,OCTANOVE_1_0
EN-C1-01026,C1,52,chiselled,adjective,조각 같은; 뚜렷한,OCTANOVE_1_0
EN-C1-01027,C1,52,gnaw,verb,갉아먹다; 괴롭히다,OCTANOVE_1_0
EN-C1-01028,C1,52,elongate,verb,길게 늘이다,OCTANOVE_1_0
EN-C1-01029,C1,52,telltale,adjective,숨길 수 없는; 징후가 되는,OCTANOVE_1_0
EN-C1-01030,C1,52,cavity,noun,구멍; 충치,OCTANOVE_1_0
EN-C1-01031,C1,52,rustle,verb,바스락거리다,OCTANOVE_1_0
EN-C1-01032,C1,52,rustle,noun,바스락거리는 소리,OCTANOVE_1_0
EN-C1-01033,C1,52,glean,verb,조금씩 모으다; 얻다,OCTANOVE_1_0
EN-C1-01034,C1,52,niche,noun,틈새; 적합한 분야,OCTANOVE_1_0
EN-C1-01035,C1,52,somersault,noun,공중제비,OCTANOVE_1_0
EN-C1-01036,C1,52,somersault,verb,공중제비를 하다,OCTANOVE_1_0
EN-C1-01037,C1,52,exhilarate,verb,기운을 북돋우다; 즐겁게 하다,OCTANOVE_1_0
EN-C1-01038,C1,52,exhilarating,adjective,짜릿한; 신나는,OCTANOVE_1_0
EN-C1-01039,C1,52,exhilaration,noun,환희; 희열,OCTANOVE_1_0
EN-C1-01040,C1,52,physicality,noun,신체성; 육체적 특징,OCTANOVE_1_0
EN-C1-01041,C1,53,hack,verb,난도질하다; 컴퓨터를 해킹하다,OCTANOVE_1_0
EN-C1-01042,C1,53,hack,noun,난도질; 해킹; 택시 운전사,OCTANOVE_1_0
EN-C1-01043,C1,53,lust,noun,욕망; 성욕,OCTANOVE_1_0
EN-C1-01044,C1,53,unsettling,adjective,불안하게 하는; 당혹스러운,OCTANOVE_1_0
EN-C1-01045,C1,53,unsettle,verb,불안하게 하다; 동요시키다,OCTANOVE_1_0
EN-C1-01046,C1,53,suburban,adjective,교외의,OCTANOVE_1_0
EN-C1-01047,C1,53,suburbia,noun,교외 지역; 교외 생활,OCTANOVE_1_0
EN-C1-01048,C1,53,dramatist,noun,극작가,OCTANOVE_1_0
EN-C1-01049,C1,53,characterization/characterisation,noun,인물 묘사; 성격 규정,OCTANOVE_1_0
EN-C1-01050,C1,53,quirky,adjective,기이한; 별난,OCTANOVE_1_0
EN-C1-01051,C1,53,quirky,noun,기이한 점; 별난 버릇,OCTANOVE_1_0
EN-C1-01052,C1,53,sprawl,noun,무질서하게 뻗어 나감; 도시의 팽창,OCTANOVE_1_0
EN-C1-01053,C1,53,sprawl,verb,팔다리를 뻗다; 제멋대로 뻗어 나가다,OCTANOVE_1_0
EN-C1-01054,C1,53,ingenuity,noun,독창성; 기발함,OCTANOVE_1_0
EN-C1-01055,C1,53,panorama,noun,파노라마; 전경,OCTANOVE_1_0
EN-C1-01056,C1,53,panoramic,adjective,파노라마식의; 전경의,OCTANOVE_1_0
EN-C1-01057,C1,53,benign,adjective,상냥한; 해롭지 않은,OCTANOVE_1_0
EN-C1-01058,C1,53,benignly,adverb,상냥하게; 온화하게,OCTANOVE_1_0
EN-C1-01059,C1,53,explosively,adverb,폭발적으로,OCTANOVE_1_0
EN-C1-01060,C1,53,bequeath,verb,물려주다; 유증하다,OCTANOVE_1_0
EN-C1-01061,C1,54,legacy,noun,유산; 유물,OCTANOVE_1_0
EN-C1-01062,C1,54,synthetic,adjective,합성의; 인조의,OCTANOVE_1_0
EN-C1-01063,C1,54,synthetically,adverb,합성으로; 인위적으로,OCTANOVE_1_0
EN-C1-01064,C1,54,lackluster/lacklustre,adjective,광택이 없는; 활기 없는,OCTANOVE_1_0
EN-C1-01065,C1,54,elastic,noun,고무줄,OCTANOVE_1_0
EN-C1-01066,C1,54,elastic,adjective,탄력 있는; 유연한,OCTANOVE_1_0
EN-C1-01067,C1,54,appall/appal,verb,오싹하게 하다; 질겁하게 하다,OCTANOVE_1_0
EN-C1-01068,C1,54,appalling,adjective,끔찍한; 섬뜩한,OCTANOVE_1_0
EN-C1-01069,C1,54,appallingly,adverb,끔찍하게; 지독하게,OCTANOVE_1_0
EN-C1-01070,C1,54,pounce,verb,덮치다; 달려들다,OCTANOVE_1_0
EN-C1-01071,C1,54,abound,verb,풍부하다; 많이 있다,OCTANOVE_1_0
EN-C1-01072,C1,54,sap,noun,수액; 활력,OCTANOVE_1_0
EN-C1-01073,C1,54,monotonous,adjective,단조로운; 지루한,OCTANOVE_1_0
EN-C1-01074,C1,54,monotonously,adverb,단조롭게,OCTANOVE_1_0
EN-C1-01075,C1,54,monotony,noun,단조로움; 지루함,OCTANOVE_1_0
EN-C1-01076,C1,54,turn to ,verb,의지하다; ~로 변하다,OCTANOVE_1_0
EN-C1-01077,C1,54,ingenious,adjective,기발한; 독창적인,OCTANOVE_1_0
EN-C1-01078,C1,54,plaque,noun,명판; 치태,OCTANOVE_1_0
EN-C1-01079,C1,54,neutralize/neutralise,verb,중화하다; 무력화하다,OCTANOVE_1_0
EN-C1-01080,C1,54,neutralization/neutralisation,noun,중화; 무력화,OCTANOVE_1_0
EN-C1-01081,C1,55,salivate,verb,침을 흘리다,OCTANOVE_1_0
EN-C1-01082,C1,55,cessation,noun,중단; 정지,OCTANOVE_1_0
EN-C1-01083,C1,55,remorse,noun,후회; 양심의 가책,OCTANOVE_1_0
EN-C1-01084,C1,55,remorseless,adjective,가차 없는; 냉혹한,OCTANOVE_1_0
EN-C1-01085,C1,55,remorsefully,adverb,후회하며,OCTANOVE_1_0
EN-C1-01086,C1,55,remorselessly,adverb,가차 없이; 냉혹하게,OCTANOVE_1_0
EN-C1-01087,C1,55,inexcusable,adjective,변명의 여지가 없는,OCTANOVE_1_0
EN-C1-01088,C1,55,inexcusably,adverb,변명의 여지 없이,OCTANOVE_1_0
EN-C1-01089,C1,55,inexhaustible,adjective,고갈되지 않는; 무궁무진한,OCTANOVE_1_0
EN-C1-01090,C1,55,unassisted,adjective,도움받지 않은; 혼자 힘으로 하는,OCTANOVE_1_0
EN-C1-01091,C1,55,heighten,verb,높이다; 강화하다,OCTANOVE_1_0
EN-C1-01092,C1,55,fixture,noun,고정된 것; 붙박이,OCTANOVE_1_0
EN-C1-01093,C1,55,bulk,noun,부피; 대부분,OCTANOVE_1_0
EN-C1-01094,C1,55,bulky,adjective,부피가 큰; 거대한,OCTANOVE_1_0
EN-C1-01095,C1,55,bulk up,verb,근육을 키우다; 몸집을 불리다,OCTANOVE_1_0
EN-C1-01096,C1,55,digitalize/digitalise,verb,디지털화하다,OCTANOVE_1_0
EN-C1-01097,C1,55,digitalization/digitalisation,noun,디지털화,OCTANOVE_1_0
EN-C1-01098,C1,55,mark-up,noun,가격 인상; 마크업,OCTANOVE_1_0
EN-C1-01099,C1,55,complementary,adjective,상호 보완적인,OCTANOVE_1_0
EN-C1-01100,C1,55,complimentary,adjective,무료의; 칭찬하는,OCTANOVE_1_0
EN-C1-01101,C1,56,staple,noun,주요 산물; 기본 식료품,OCTANOVE_1_0
EN-C1-01102,C1,56,wares,noun,상품; 제품,OCTANOVE_1_0
EN-C1-01103,C1,56,testament,noun,증거; 유언장,OCTANOVE_1_0
EN-C1-01104,C1,56,succulent,noun,다육 식물,OCTANOVE_1_0
EN-C1-01105,C1,56,succulent,adjective,즙이 많은; 흥미진진한,OCTANOVE_1_0
EN-C1-01106,C1,56,succulently,adverb,즙이 많게; 흥미진진하게,OCTANOVE_1_0
EN-C1-01107,C1,56,tranquil,adjective,고요한; 평온한,OCTANOVE_1_0
EN-C1-01108,C1,56,tranquility,noun,고요함; 평온,OCTANOVE_1_0
EN-C1-01109,C1,56,spartan,adjective,검소한; 엄격한,OCTANOVE_1_0
EN-C1-01110,C1,56,peninsula,noun,반도,OCTANOVE_1_0
EN-C1-01111,C1,56,billiards,noun,당구,OCTANOVE_1_0
EN-C2-00001,C2,1,exude,verb,발산하다; 풍기다,OCTANOVE_1_0
EN-C2-00002,C2,1,envisage,verb,예상하다; 마음속에 그리다,OCTANOVE_1_0
EN-C2-00003,C2,1,headmistress,noun,여자 교장,OCTANOVE_1_0
EN-C2-00004,C2,1,mien,noun,태도; 표정,OCTANOVE_1_0
EN-C2-00005,C2,1,timidity,noun,소심함; 수줍음,OCTANOVE_1_0
EN-C2-00006,C2,1,unravel,verb,풀다; 해결하다,OCTANOVE_1_0
EN-C2-00007,C2,1,concurrence,noun,동의; 일치,OCTANOVE_1_0
EN-C2-00008,C2,1,unpromising,adjective,전망이 밝지 않은; 가망 없는,OCTANOVE_1_0
EN-C2-00009,C2,1,teem,verb,충만하다; 우글거리다,OCTANOVE_1_0
EN-C2-00010,C2,1,marvel,noun,경이로운 것; 놀라운 일,OCTANOVE_1_0
EN-C2-00011,C2,1,outpatient,noun,외래 환자,OCTANOVE_1_0
EN-C2-00012,C2,1,corpse,noun,시체,OCTANOVE_1_0
EN-C2-00013,C2,1,apprentice,verb,견습생으로 삼다,OCTANOVE_1_0
EN-C2-00014,C2,1,constrained,adjective,억제된; 부자연스러운,OCTANOVE_1_0
EN-C2-00015,C2,1,quirk,verb,씰룩거리다; 홱 움직이다,OCTANOVE_1_0
EN-C2-00016,C2,1,indignant,adjective,분개한; 화가 난,OCTANOVE_1_0
EN-C2-00017,C2,1,indignantly,adverb,분개하여,OCTANOVE_1_0
EN-C2-00018,C2,1,eccentricity,noun,별남; 기이함,OCTANOVE_1_0
EN-C2-00019,C2,1,locomotive,noun,기관차,OCTANOVE_1_0
EN-C2-00020,C2,1,locomotion,noun,이동; 운동,OCTANOVE_1_0
EN-C2-00021,C2,2,individualism,noun,개인주의,OCTANOVE_1_0
EN-C2-00022,C2,2,enthuse,verb,열광하다,OCTANOVE_1_0
EN-C2-00023,C2,2,belligerent,adjective,교전 중인; 호전적인,OCTANOVE_1_0
EN-C2-00024,C2,2,belligerence,noun,호전성; 교전,OCTANOVE_1_0
EN-C2-00025,C2,2,stoicism,noun,스토아 철학; 고통을 묵묵히 견디는 태도,OCTANOVE_1_0
EN-C2-00026,C2,2,deliberate,verb,숙고하다; 신중히 생각하다,OCTANOVE_1_0
EN-C2-00027,C2,2,recluse,noun,은둔자,OCTANOVE_1_0
EN-C2-00028,C2,2,reclusive,adjective,은둔하는; 세상을 멀리하는,OCTANOVE_1_0
EN-C2-00029,C2,2,metalled,adjective,포장된,OCTANOVE_1_0
EN-C2-00030,C2,2,brief,noun,소송 준비 서면; 사건 개요서,OCTANOVE_1_0
EN-C2-00031,C2,2,oblique,adjective,비스듬한; 완곡한,OCTANOVE_1_0
EN-C2-00032,C2,2,facsimile,noun,복사; 팩스,OCTANOVE_1_0
EN-C2-00033,C2,2,shamble,verb,비틀거리며 걷다,OCTANOVE_1_0
EN-C2-00034,C2,2,whir,verb,윙윙거리다,OCTANOVE_1_0
EN-C2-00035,C2,2,blight,noun,병충해; 골칫거리,OCTANOVE_1_0
EN-C2-00036,C2,2,blight,verb,망치다; 파멸시키다,OCTANOVE_1_0
EN-C2-00037,C2,2,puritanical,adjective,청교도적인; 엄격한,OCTANOVE_1_0
EN-C2-00038,C2,2,brood,verb,곰곰이 생각하다; 속을 끓이다,OCTANOVE_1_0
EN-C2-00039,C2,2,brood,noun,한 배의 새끼; 한 번에 부화한 새끼들,OCTANOVE_1_0
EN-C2-00040,C2,2,disdainful,adjective,경멸하는; 업신여기는,OCTANOVE_1_0
EN-C2-00041,C2,3,zoologist,noun,동물학자,OCTANOVE_1_0
EN-C2-00042,C2,3,zoology,noun,동물학,OCTANOVE_1_0
EN-C2-00043,C2,3,encumbrance,noun,짐; 부담,OCTANOVE_1_0
EN-C2-00044,C2,3,encumber,verb,짐을 지우다; 방해하다,OCTANOVE_1_0
EN-C2-00045,C2,3,hypothesis,noun,가설,OCTANOVE_1_0
EN-C2-00046,C2,3,hypothesize,verb,가설을 세우다,OCTANOVE_1_0
EN-C2-00047,C2,3,hypothetical,adjective,가설의; 가정의,OCTANOVE_1_0
EN-C2-00048,C2,3,parasitic,adjective,기생하는,OCTANOVE_1_0
EN-C2-00049,C2,3,plumage,noun,깃털,OCTANOVE_1_0
EN-C2-00050,C2,3,utilitarian,adjective,실용적인; 공리주의의,OCTANOVE_1_0
EN-C2-00051,C2,3,utilize,verb,활용하다; 이용하다,OCTANOVE_1_0
EN-C2-00052,C2,3,utility,noun,유용성; 공익 사업,OCTANOVE_1_0
EN-C2-00053,C2,3,predilection,noun,애호; 편애,OCTANOVE_1_0
EN-C2-00054,C2,3,commensurate,adjective,상응하는; 어울리는,OCTANOVE_1_0
EN-C2-00055,C2,3,commensurately,adverb,상응하여,OCTANOVE_1_0
EN-C2-00056,C2,3,vindicate,verb,입증하다; 무죄를 밝히다,OCTANOVE_1_0
EN-C2-00057,C2,3,vindication,noun,입증; 옹호,OCTANOVE_1_0
EN-C2-00058,C2,3,parable,noun,우화; 비유,OCTANOVE_1_0
EN-C2-00059,C2,3,poise,verb,태세를 취하다; 균형을 잡다,OCTANOVE_1_0
EN-C2-00060,C2,3,minster,verb,대성당; 수도원 부속 성당,OCTANOVE_1_0
EN-C2-00061,C2,4,wrack,verb,파괴하다; 괴롭히다,OCTANOVE_1_0
EN-C2-00062,C2,4,ironic,adjective,반어적인; 비꼬는,OCTANOVE_1_0
EN-C2-00063,C2,4,predecessor,noun,전임자,OCTANOVE_1_0
EN-C2-00064,C2,4,ally,verb,동맹시키다; 결합하다,OCTANOVE_1_0
EN-C2-00065,C2,4,callous,adjective,냉담한; 무정한,OCTANOVE_1_0
EN-C2-00066,C2,4,callously,adverb,냉담하게,OCTANOVE_1_0
EN-C2-00067,C2,4,derelict,adjective,버려진; 태만한,OCTANOVE_1_0
EN-C2-00068,C2,4,derelict,noun,부랑자; 버려진 것,OCTANOVE_1_0
EN-C2-00069,C2,4,materialism,noun,물질주의,OCTANOVE_1_0
EN-C2-00070,C2,4,materialistic,adjective,물질주의적인,OCTANOVE_1_0
EN-C2-00071,C2,4,ferocity,noun,흉포함; 격렬함,OCTANOVE_1_0
EN-C2-00072,C2,4,utter,adjective,완전한; 철저한,OCTANOVE_1_0
EN-C2-00073,C2,4,utter,verb,말하다; 발언하다,OCTANOVE_1_0
EN-C2-00074,C2,4,evokingly,adverb,환기시키듯이; 떠올리게,OCTANOVE_1_0
EN-C2-00075,C2,4,recitation,noun,낭독; 암송,OCTANOVE_1_0
EN-C2-00076,C2,4,equable,adjective,침착한; 한결같은,OCTANOVE_1_0
EN-C2-00077,C2,4,extant,adjective,현존하는,OCTANOVE_1_0
EN-C2-00078,C2,4,denounce,verb,공공연히 비난하다,OCTANOVE_1_0
EN-C2-00079,C2,4,denunciation,noun,비난; 고발,OCTANOVE_1_0
EN-C2-00080,C2,4,echo,noun,메아리; 반향,OCTANOVE_1_0
EN-C2-00081,C2,5,echo,verb,메아리치다; 울려 퍼지다,OCTANOVE_1_0
EN-C2-00082,C2,5,echo,verb,되풀이하다; 의견에 동조하다,OCTANOVE_1_0
EN-C2-00083,C2,5,requisition,noun,징발; 청구,OCTANOVE_1_0
EN-C2-00084,C2,5,substantiate,verb,입증하다; 실증하다,OCTANOVE_1_0
EN-C2-00085,C2,5,inscrutable,adjective,헤아릴 수 없는; 불가해한,OCTANOVE_1_0
EN-C2-00086,C2,5,stratosphere,noun,성층권,OCTANOVE_1_0
EN-C2-00087,C2,5,indulge,verb,탐닉하다; 마음껏 하다,OCTANOVE_1_0
EN-C2-00088,C2,5,indulgence,noun,탐닉; 방종,OCTANOVE_1_0
EN-C2-00089,C2,5,indulgently,adverb,너그럽게; 응석을 받아주며,OCTANOVE_1_0
EN-C2-00090,C2,5,laudatory,adjective,칭찬의; 찬미하는,OCTANOVE_1_0
EN-C2-00091,C2,5,laud ,verb,"칭송하다, 찬양하다",OCTANOVE_1_0
EN-C2-00092,C2,5,glitz,noun,"화려함, 번지르르함",OCTANOVE_1_0
EN-C2-00093,C2,5,glitzy,adjective,"화려한, 번지르르한",OCTANOVE_1_0
EN-C2-00094,C2,5,automate,verb,자동화하다,OCTANOVE_1_0
EN-C2-00095,C2,5,apprehend,verb,체포하다; 이해하다,OCTANOVE_1_0
EN-C2-00096,C2,5,athleticism,noun,"운동 능력, 운동 신경",OCTANOVE_1_0
EN-C2-00097,C2,5,daunt,verb,"기죽게 하다, 주눅 들게 하다",OCTANOVE_1_0
EN-C2-00098,C2,5,daunting,adjective,"기죽게 하는, 벅찬",OCTANOVE_1_0
EN-C2-00099,C2,5,acreage,noun,"면적, 토지",OCTANOVE_1_0
EN-C2-00100,C2,5,affectation,noun,"가식, 꾸밈",OCTANOVE_1_0
EN-C2-00101,C2,6,imposition,noun,"부과, 강요",OCTANOVE_1_0
EN-C2-00102,C2,6,circuit,noun,순회 경기; 순회 대회,OCTANOVE_1_0
EN-C2-00103,C2,6,stipulate,verb,"규정하다, 명기하다",OCTANOVE_1_0
EN-C2-00104,C2,6,stipulation,noun,"규정, 조건",OCTANOVE_1_0
EN-C2-00105,C2,6,allot,verb,"할당하다, 배분하다",OCTANOVE_1_0
EN-C2-00106,C2,6,allotment,noun,"할당, 배분",OCTANOVE_1_0
EN-C2-00107,C2,6,anticlimactically,adverb,"용두사미로, 김빠지게",OCTANOVE_1_0
EN-C2-00108,C2,6,forfeiture,noun,"몰수, 박탈",OCTANOVE_1_0
EN-C2-00109,C2,6,blitz,verb,"기습 공격하다, 대대적으로 공세를 펴다",OCTANOVE_1_0
EN-C2-00110,C2,6,blitz,noun,"기습 공격, 대공세",OCTANOVE_1_0
EN-C2-00111,C2,6,primeval,adjective,"원시 시대의, 태고의",OCTANOVE_1_0
EN-C2-00112,C2,6,tenacity,noun,"고집, 끈기",OCTANOVE_1_0
EN-C2-00113,C2,6,tenacious,adjective,"고집 센, 끈기 있는",OCTANOVE_1_0
EN-C2-00114,C2,6,tenaciously,adverb,"고집스럽게, 끈기 있게",OCTANOVE_1_0
EN-C2-00115,C2,6,exact,verb,"요구하여 얻어내다, 강요하다",OCTANOVE_1_0
EN-C2-00116,C2,6,genomic,adjective,"유전체의, 게놈의",OCTANOVE_1_0
EN-C2-00117,C2,6,genomically,adverb,유전체적으로,OCTANOVE_1_0
EN-C2-00118,C2,6,capacious,adjective,"널찍한, 포용력 있는",OCTANOVE_1_0
EN-C2-00119,C2,6,utilitarian,adjective,"실용적인, 공리주의의",OCTANOVE_1_0
EN-C2-00120,C2,6,utilization/utilisation,noun,"활용, 이용",OCTANOVE_1_0
EN-C2-00121,C2,7,unequivocal,adjective,"명백한, 모호함이 없는",OCTANOVE_1_0
EN-C2-00122,C2,7,unequivocally,adverb,"명백하게, 분명하게",OCTANOVE_1_0
EN-C2-00123,C2,7,spontaneity,noun,"자발성, 즉흥성",OCTANOVE_1_0
EN-C2-00124,C2,7,provocation,noun,"도발, 자극",OCTANOVE_1_0
EN-C2-00125,C2,7,portraiture,noun,"초상화 제작, 초상화법",OCTANOVE_1_0
EN-C2-00126,C2,7,tedium,noun,"지루함, 권태",OCTANOVE_1_0
EN-C2-00127,C2,7,succeed,verb,뒤를 잇다; 계승하다,OCTANOVE_1_0
EN-C2-00128,C2,7,circumnavigate,verb,일주하다; 주위를 항해하다,OCTANOVE_1_0
EN-C2-00129,C2,7,circumnavigation,noun,세계 일주; 일주 항해,OCTANOVE_1_0
EN-C2-00130,C2,7,liaise,verb,"연락을 취하다, 협력하다",OCTANOVE_1_0
EN-C2-00131,C2,7,contractual,adjective,계약상의,OCTANOVE_1_0
EN-C2-00132,C2,7,contractually,adverb,계약상으로,OCTANOVE_1_0
EN-C2-00133,C2,7,repute,noun,"평판, 명성",OCTANOVE_1_0
EN-C2-00134,C2,7,abject,adjective,"비참한, 절망적인",OCTANOVE_1_0
EN-C2-00135,C2,7,sheaf,noun,"다발, 묶음",OCTANOVE_1_0
EN-C2-00136,C2,7,articulation,noun,"표현, 명료한 발음",OCTANOVE_1_0
EN-C2-00137,C2,7,articulate,adjective,"또렷하게 말하는, 조리 있는",OCTANOVE_1_0
EN-C2-00138,C2,7,spurious,adjective,"거짓의, 겉만 번드르르한",OCTANOVE_1_0
EN-C2-00139,C2,7,spuriously,adverb,"거짓으로, 겉으로만",OCTANOVE_1_0
EN-C2-00140,C2,7,posture,verb,"가식적으로 행동하다, 폼을 잡다",OCTANOVE_1_0
EN-C2-00141,C2,8,calorific,adjective,"열량을 내는, 칼로리의",OCTANOVE_1_0
EN-C2-00142,C2,8,fabulate,verb,허구를 지어내다,OCTANOVE_1_0
EN-C2-00143,C2,8,fabulation,noun,"허구 창작, 꾸며낸 이야기",OCTANOVE_1_0
EN-C2-00144,C2,8,octogenarian,noun,80대 노인,OCTANOVE_1_0
EN-C2-00145,C2,8,voracity,noun,"탐욕, 게걸스러움",OCTANOVE_1_0
EN-C2-00146,C2,8,brandish,verb,"휘두르다, 과시하다",OCTANOVE_1_0
EN-C2-00147,C2,8,repose,verb,"휴식을 취하다, 쉬다",OCTANOVE_1_0
EN-C2-00148,C2,8,repose,noun,"휴식, 평온",OCTANOVE_1_0
EN-C2-00149,C2,8,encumber,verb,"짐을 지우다, 방해하다",OCTANOVE_1_0
EN-C2-00150,C2,8,encumbrance,noun,"짐, 부담",OCTANOVE_1_0
EN-C2-00151,C2,8,unencumbered,adjective,"짐이 없는, 자유로운",OCTANOVE_1_0
EN-C2-00152,C2,8,buffoonery,noun,"익살, 광대짓",OCTANOVE_1_0
EN-C2-00153,C2,8,gauche,adjective,"서투른, 눈치 없는",OCTANOVE_1_0
EN-C2-00154,C2,8,domesticity,noun,"가정 생활, 가정적인 분위기",OCTANOVE_1_0
EN-C2-00155,C2,8,accrue,verb,"생기다, 누적되다",OCTANOVE_1_0
EN-C2-00156,C2,8,proliferation,noun,"급증, 확산",OCTANOVE_1_0
EN-C2-00157,C2,8,blandishment,noun,"감언이설, 아첨",OCTANOVE_1_0
EN-C2-00158,C2,8,pluck,noun,"용기, 결단력",OCTANOVE_1_0
EN-C2-00159,C2,8,anthropological,adjective,인류학의,OCTANOVE_1_0
EN-C2-00160,C2,8,anthropologically,adverb,인류학적으로,OCTANOVE_1_0
EN-C2-00161,C2,9,carbonize/carbonise,verb,탄화시키다,OCTANOVE_1_0
EN-C2-00162,C2,9,monastic,adjective,"수도원의, 수도승 같은",OCTANOVE_1_0
EN-C2-00163,C2,9,graft,noun,부정이득; 뇌물 수수,OCTANOVE_1_0
EN-C2-00164,C2,9,midwifery,noun,"조산술, 산파술",OCTANOVE_1_0
EN-C2-00165,C2,9,adornment,noun,"장식, 꾸밈",OCTANOVE_1_0
EN-C2-00166,C2,9,adorn,verb,"장식하다, 꾸미다",OCTANOVE_1_0
EN-C2-00167,C2,9,idle,verb,"빈둥거리다, 놀리다",OCTANOVE_1_0
EN-C2-00168,C2,9,conjecture,verb,"추측하다, 짐작하다",OCTANOVE_1_0
EN-C2-00169,C2,9,conjecture,noun,"추측, 짐작",OCTANOVE_1_0
EN-C2-00170,C2,9,malleable,adjective,"가단성 있는, 잘 변하는",OCTANOVE_1_0
EN-C2-00171,C2,9,malleability,noun,"가단성, 순응성",OCTANOVE_1_0
EN-C2-00172,C2,9,ore,noun,광석,OCTANOVE_1_0
EN-C2-00173,C2,9,gale,noun,"강풍, 돌풍",OCTANOVE_1_0
EN-C2-00174,C2,9,promenade,noun,"산책, 산책로",OCTANOVE_1_0
EN-C2-00175,C2,9,testimonial,noun,"증언, 추천서",OCTANOVE_1_0
EN-C2-00176,C2,9,distill,verb,"증류하다, 추출하다",OCTANOVE_1_0
EN-C2-00177,C2,9,distillation,noun,"증류, 정수",OCTANOVE_1_0
EN-C2-00178,C2,9,informant,noun,"정보 제공자, 제보자",OCTANOVE_1_0
EN-C2-00179,C2,9,vis-a-vis,preposition,"~와 관련하여, ~와 비교하여",OCTANOVE_1_0
EN-C2-00180,C2,9,overlay,verb,위에 덮어씌우다,OCTANOVE_1_0
EN-C2-00181,C2,10,nostalgia,noun,"향수, 그리움",OCTANOVE_1_0
EN-C2-00182,C2,10,nostalgic,adjective,"향수를 불러일으키는, 그리워하는",OCTANOVE_1_0
EN-C2-00183,C2,10,nostalgically,adverb,향수에 젖어,OCTANOVE_1_0
EN-C2-00184,C2,10,grievance,noun,"불만, 고충",OCTANOVE_1_0
EN-C2-00185,C2,10,deprivation,noun,"박탈, 결핍",OCTANOVE_1_0
EN-C2-00186,C2,10,residue,noun,"잔여물, 찌꺼기",OCTANOVE_1_0
EN-C2-00187,C2,10,residual,adjective,"남은, 잔여의",OCTANOVE_1_0
EN-C2-00188,C2,10,physiological,adjective,생리학의,OCTANOVE_1_0
EN-C2-00189,C2,10,physiologically,adverb,생리학적으로,OCTANOVE_1_0
EN-C2-00190,C2,10,familiarize/familiarise,verb,"익숙하게 하다, 정통하게 하다",OCTANOVE_1_0
EN-C2-00191,C2,10,methodology,noun,방법론,OCTANOVE_1_0
EN-C2-00192,C2,10,methodological,adjective,방법론적인,OCTANOVE_1_0
EN-C2-00193,C2,10,methodologically,adverb,방법론적으로,OCTANOVE_1_0
EN-C2-00194,C2,10,proportional,adjective,비례하는; 균형 잡힌,OCTANOVE_1_0
EN-C2-00195,C2,10,proportionally,adverb,비례하여,OCTANOVE_1_0
EN-C2-00196,C2,10,habitation,noun,거주; 서식,OCTANOVE_1_0
EN-C2-00197,C2,10,inartistic,adjective,예술적이지 못한,OCTANOVE_1_0
EN-C2-00198,C2,10,ornate,adjective,화려한; 장식이 많은,OCTANOVE_1_0
EN-C2-00199,C2,10,modernism,noun,모더니즘,OCTANOVE_1_0
EN-C2-00200,C2,10,presuppose,verb,전제로 하다,OCTANOVE_1_0
EN-C2-00201,C2,11,presupposition,noun,전제,OCTANOVE_1_0
EN-C2-00202,C2,11,centralized/centralised,adjective,중앙 집권화된,OCTANOVE_1_0
EN-C2-00203,C2,11,envisage,verb,예상하다; 마음속에 그리다,OCTANOVE_1_0
EN-C2-00204,C2,11,contextual,adjective,문맥상의; 상황과 관련된,OCTANOVE_1_0
EN-C2-00205,C2,11,contextually,adverb,문맥상으로,OCTANOVE_1_0
EN-C2-00206,C2,11,transmitter,noun,송신기; 전달자,OCTANOVE_1_0
EN-C2-00207,C2,11,regulatory,adjective,규제하는,OCTANOVE_1_0
EN-C2-00208,C2,11,archival,adjective,기록 보관의,OCTANOVE_1_0
EN-C2-00209,C2,11,diffuse,adjective,산만한; 널리 퍼진,OCTANOVE_1_0
EN-C2-00210,C2,11,diffuse,verb,발산하다; 퍼뜨리다,OCTANOVE_1_0
EN-C2-00211,C2,11,egalitarian,adjective,평등주의의,OCTANOVE_1_0
EN-C2-00212,C2,11,egalitarian,noun,평등주의자,OCTANOVE_1_0
EN-C2-00213,C2,11,hindsight,noun,뒤늦은 깨달음,OCTANOVE_1_0
EN-C2-00214,C2,11,materialize/materialise,verb,구체화하다; 실현되다,OCTANOVE_1_0
EN-C2-00215,C2,11,materialization/materialisation,noun,구체화; 실현,OCTANOVE_1_0
EN-C2-00216,C2,11,disperse,verb,흩어지게 하다; 해산시키다,OCTANOVE_1_0
EN-C2-00217,C2,11,dispersal,noun,분산; 해산,OCTANOVE_1_0
EN-C2-00218,C2,11,adverse,adjective,불리한; 해로운,OCTANOVE_1_0
EN-C2-00219,C2,11,adversely,adverb,불리하게; 해롭게,OCTANOVE_1_0
EN-C2-00220,C2,11,stabilize/stabilise,verb,안정시키다,OCTANOVE_1_0
EN-C2-00221,C2,12,pervasive,adjective,만연하는; 스며드는,OCTANOVE_1_0
EN-C2-00222,C2,12,pervasiveness,noun,만연; 보급,OCTANOVE_1_0
EN-C2-00223,C2,12,secure,verb,확보하다; 고정하다,OCTANOVE_1_0
EN-C2-00224,C2,12,autonomous,adjective,자율적인,OCTANOVE_1_0
EN-C2-00225,C2,12,autonomously,adverb,자율적으로,OCTANOVE_1_0
EN-C2-00226,C2,12,outmoded,adjective,구식의,OCTANOVE_1_0
EN-C2-00227,C2,12,phase,noun,단계; 국면,OCTANOVE_1_0
EN-C2-00228,C2,12,plum,adjective,아주 좋은; 탐나는,OCTANOVE_1_0
EN-C2-00229,C2,12,notorious,adjective,악명 높은,OCTANOVE_1_0
EN-C2-00230,C2,12,notoriously,adverb,악명 높게,OCTANOVE_1_0
EN-C2-00231,C2,12,notoriety,noun,악명,OCTANOVE_1_0
EN-C2-00232,C2,12,menial,adjective,하찮은; 천한,OCTANOVE_1_0
EN-C2-00233,C2,12,insular,adjective,섬의; 편협한,OCTANOVE_1_0
EN-C2-00234,C2,12,antidote,noun,해독제; 해결책,OCTANOVE_1_0
EN-C2-00235,C2,12,posture,verb,가식적으로 행동하다,OCTANOVE_1_0
EN-C2-00236,C2,12,postural,adjective,자세의,OCTANOVE_1_0
EN-C2-00237,C2,12,posturing,noun,가식적인 태도,OCTANOVE_1_0
EN-C2-00238,C2,12,revelatory,adjective,폭로하는; 계시적인,OCTANOVE_1_0
EN-C2-00239,C2,12,prostrate,verb,굴복시키다; 엎드리게 하다,OCTANOVE_1_0
EN-C2-00240,C2,12,prostrate,adjective,엎드린; 무력한,OCTANOVE_1_0
EN-C2-00241,C2,13,haphazard,adjective,무계획적인; 우연의,OCTANOVE_1_0
EN-C2-00242,C2,13,haphazardly,adverb,무계획적으로,OCTANOVE_1_0
EN-C2-00243,C2,13,deficient,adjective,결핍된; 불완전한,OCTANOVE_1_0
EN-C2-00244,C2,13,deficiently,adverb,불완전하게,OCTANOVE_1_0
EN-C2-00245,C2,13,deficit,noun,결핍; 적자,OCTANOVE_1_0
EN-C2-00246,C2,13,delicatessen,noun,델리카트슨; 조리 식품점,OCTANOVE_1_0
EN-C2-00247,C2,13,muscle-bound,adjective,근육질의; 융통성 없는,OCTANOVE_1_0
EN-C2-00248,C2,13,dive,noun,허름한 술집; 허름한 식당,OCTANOVE_1_0
EN-C2-00249,C2,13,maneuver/manoeuvre,noun,책략; 기동,OCTANOVE_1_0
EN-C2-00250,C2,13,maneuver/manoeuvre,verb,책략을 쓰다; 교묘히 다루다,OCTANOVE_1_0
EN-C2-00251,C2,13,posit,verb,상정하다; 사실로 간주하다,OCTANOVE_1_0
EN-C2-00252,C2,13,cocoon,verb,보호하다; 감싸다,OCTANOVE_1_0
EN-C2-00253,C2,13,chrysalis,noun,번데기,OCTANOVE_1_0
EN-C2-00254,C2,13,ignominious,adjective,수치스러운; 경멸할 만한,OCTANOVE_1_0
EN-C2-00255,C2,13,ignominiously,adverb,수치스럽게,OCTANOVE_1_0
EN-C2-00256,C2,13,euphoria,noun,행복감; 희열,OCTANOVE_1_0
EN-C2-00257,C2,13,euphoric,adjective,큰 행복감을 느끼는,OCTANOVE_1_0
EN-C2-00258,C2,13,euphorically,adverb,행복감에 젖어,OCTANOVE_1_0
EN-C2-00259,C2,13,relegate,verb,좌천시키다; 밀쳐 버리다,OCTANOVE_1_0
EN-C2-00260,C2,13,succumb,verb,굴복하다; 죽다,OCTANOVE_1_0
EN-C2-00261,C2,14,treacherous,adjective,위험한; 배신하는,OCTANOVE_1_0
EN-C2-00262,C2,14,treacherously,adverb,위험하게; 배신하듯,OCTANOVE_1_0
EN-C2-00263,C2,14,treachery,noun,배신; 반역,OCTANOVE_1_0
EN-C2-00264,C2,14,maggot,noun,구더기,OCTANOVE_1_0
EN-C2-00265,C2,14,palate,noun,입천장; 미각,OCTANOVE_1_0
EN-C2-00266,C2,14,palatable,adjective,맛있는; 입에 맞는,OCTANOVE_1_0
EN-C2-00267,C2,14,hermit,noun,은둔자,OCTANOVE_1_0
EN-C2-00268,C2,14,hermetic,adjective,밀폐된; 난해한,OCTANOVE_1_0
EN-C2-00269,C2,14,irrelevancy,noun,무관함; 부적절함,OCTANOVE_1_0
EN-C2-00270,C2,14,mariner,noun,선원,OCTANOVE_1_0
EN-C2-00271,C2,14,rift,noun,균열; 불화,OCTANOVE_1_0
EN-C2-00272,C2,14,mere,adjective,단지 ~에 불과한,OCTANOVE_1_0
EN-C2-00273,C2,14,helm,noun,키; 지도적 지위,OCTANOVE_1_0
EN-C2-00274,C2,14,autopilot,noun,자동 조종 장치,OCTANOVE_1_0
EN-C2-00275,C2,14,eminence,noun,탁월함; 명성,OCTANOVE_1_0
EN-C2-00276,C2,14,eminent,adjective,저명한; 탁월한,OCTANOVE_1_0
EN-C2-00277,C2,14,preeminent,adjective,현저한; 탁월한,OCTANOVE_1_0
EN-C2-00278,C2,14,mold/mould,verb,형성하다; 틀을 잡다,OCTANOVE_1_0
EN-C2-00279,C2,14,unsuspected,adjective,미처 예상하지 못한; 의심받지 않은,OCTANOVE_1_0
EN-C2-00280,C2,14,abolish,verb,폐지하다,OCTANOVE_1_0
EN-C2-00281,C2,15,paralyze/paralyse,verb,마비시키다,OCTANOVE_1_0
EN-C2-00282,C2,15,paralysis,noun,마비,OCTANOVE_1_0
EN-C2-00283,C2,15,paralyzingly/paralysingly,adverb,마비시킬 정도로,OCTANOVE_1_0
EN-C2-00284,C2,15,glory in,verb,~을 기뻐하다; ~을 자랑하다,OCTANOVE_1_0
EN-C2-00285,C2,15,decentralize/decentralise,verb,분산시키다; 지방 분권화하다,OCTANOVE_1_0
EN-C2-00286,C2,15,preoccupation,noun,몰두; 선입견,OCTANOVE_1_0
EN-C2-00287,C2,15,preoccupy,verb,몰두하게 하다,OCTANOVE_1_0
EN-C2-00288,C2,15,prolong,verb,연장하다,OCTANOVE_1_0
EN-C2-00289,C2,15,audit,verb,회계 감사하다,OCTANOVE_1_0
EN-C2-00290,C2,15,audit,noun,회계 감사,OCTANOVE_1_0
EN-C2-00291,C2,15,drudgery,noun,"고된 일, 단조로운 작업",OCTANOVE_1_0
EN-C2-00292,C2,15,pressurize,verb,"가압하다, 압력을 가하다",OCTANOVE_1_0
EN-C2-00293,C2,15,pressurization,noun,"가압, 압력 조절",OCTANOVE_1_0
EN-C2-00294,C2,15,intermediary,noun,"중개자, 매개체",OCTANOVE_1_0
EN-C2-00295,C2,15,hotelier,noun,호텔 경영자,OCTANOVE_1_0
EN-C2-00296,C2,15,denote,verb,"나타내다, 의미하다",OCTANOVE_1_0
EN-C2-00297,C2,15,denotation,noun,"지시, 명시, 외연",OCTANOVE_1_0
EN-C2-00298,C2,15,profitability,noun,수익성,OCTANOVE_1_0
EN-C2-00299,C2,15,jargon,noun,"전문 용어, 은어",OCTANOVE_1_0
EN-C2-00300,C2,15,declination,noun,기울기; 적위; 편각,OCTANOVE_1_0
EN-C2-00301,C2,16,vocational,adjective,"직업의, 직업 교육의",OCTANOVE_1_0
EN-C2-00302,C2,16,spatial,adjective,"공간의, 공간적인",OCTANOVE_1_0
EN-C2-00303,C2,16,spatially,adverb,공간적으로,OCTANOVE_1_0
EN-C2-00304,C2,16,punctual,adjective,시간을 엄수하는,OCTANOVE_1_0
EN-C2-00305,C2,16,punctuality,noun,시간 엄수,OCTANOVE_1_0
EN-C2-00306,C2,16,integration,noun,"통합, 융합",OCTANOVE_1_0
EN-C2-00307,C2,16,curriculum,noun,"교육 과정, 커리큘럼",OCTANOVE_1_0
EN-C2-00308,C2,16,extracurricular,adjective,"정규 교육 과정 외의, 과외의",OCTANOVE_1_0
EN-C2-00309,C2,16,extracurricular,noun,과외 활동,OCTANOVE_1_0
EN-C2-00310,C2,16,encompass,verb,"포함하다, 아우르다",OCTANOVE_1_0
EN-C2-00311,C2,16,all-encompassing,adjective,"모든 것을 포함하는, 포괄적인",OCTANOVE_1_0
EN-C2-00312,C2,16,accountability,noun,"책임, 설명할 의무",OCTANOVE_1_0
EN-C2-00313,C2,16,frolic,verb,즐겁게 뛰놀다,OCTANOVE_1_0
EN-C2-00314,C2,16,minefield,noun,"지뢰밭, 위험한 상황",OCTANOVE_1_0
EN-C2-00315,C2,16,side-step,verb,"피하다, 회피하다",OCTANOVE_1_0
EN-C2-00316,C2,16,abundant,adjective,"풍부한, 많은",OCTANOVE_1_0
EN-C2-00317,C2,16,abundantly,adverb,풍부하게,OCTANOVE_1_0
EN-C2-00318,C2,16,abundance,noun,"풍부함, 다량",OCTANOVE_1_0
EN-C2-00319,C2,16,anarchic,adjective,"무정부 상태의, 무질서한",OCTANOVE_1_0
EN-C2-00320,C2,16,crystallize/crystallise,verb,"구체화하다, 결정화하다",OCTANOVE_1_0
EN-C2-00321,C2,17,crystallization/crystallisation,noun,"구체화, 결정화",OCTANOVE_1_0
EN-C2-00322,C2,17,prescriptive,adjective,"규범적인, 지시적인",OCTANOVE_1_0
EN-C2-00323,C2,17,slab,noun,"판, 조각",OCTANOVE_1_0
EN-C2-00324,C2,17,retrospect,noun,"회상, 추억",OCTANOVE_1_0
EN-C2-00325,C2,17,retrospective,adjective,"회고의, 소급하는",OCTANOVE_1_0
EN-C2-00326,C2,17,retrospection,noun,"회상, 추억",OCTANOVE_1_0
EN-C2-00327,C2,17,wordage,noun,"단어 수, 분량",OCTANOVE_1_0
EN-C2-00328,C2,17,brevity,noun,간결함,OCTANOVE_1_0
EN-C2-00329,C2,17,uncanny,adjective,"이상한, 묘한",OCTANOVE_1_0
EN-C2-00330,C2,17,tactic,noun,"전술, 전략",OCTANOVE_1_0
EN-C2-00331,C2,17,tactical,adjective,전술적인,OCTANOVE_1_0
EN-C2-00332,C2,17,tactically,adverb,전술적으로,OCTANOVE_1_0
EN-C2-00333,C2,17,tactile,adjective,"촉각의, 촉각을 이용한",OCTANOVE_1_0
EN-C2-00334,C2,17,gambit,noun,"책략, 수",OCTANOVE_1_0
EN-C2-00335,C2,17,babble,verb,"옹알거리다, 지껄이다",OCTANOVE_1_0
EN-C2-00336,C2,17,bauble,noun,싸구려 장신구,OCTANOVE_1_0
EN-C2-00337,C2,17,correlate,noun,"상관물, 대응물",OCTANOVE_1_0
EN-C2-00338,C2,17,correlation,noun,상관관계,OCTANOVE_1_0
EN-C2-00339,C2,17,correlate,verb,"상관관계가 있다, 연관시키다",OCTANOVE_1_0
EN-C2-00340,C2,17,combustion,noun,연소,OCTANOVE_1_0
EN-C2-00341,C2,18,painstaking,adjective,"공들인, 애쓰는",OCTANOVE_1_0
EN-C2-00342,C2,18,painstakingly,adverb,"공들여, 힘들여",OCTANOVE_1_0
EN-C2-00343,C2,18,contraption,noun,기묘한 장치,OCTANOVE_1_0
EN-C2-00344,C2,18,mesh,verb,"맞물리다, 어울리다",OCTANOVE_1_0
EN-C2-00345,C2,18,enabler,noun,"가능하게 하는 것, 조력자",OCTANOVE_1_0
EN-C2-00346,C2,18,fluctuate,verb,"변동하다, 오르내리다",OCTANOVE_1_0
EN-C2-00347,C2,18,fluctuation,noun,"변동, 파동",OCTANOVE_1_0
EN-C2-00348,C2,18,lyricist,noun,작사가,OCTANOVE_1_0
EN-C2-00349,C2,18,lyrical,adjective,서정적인,OCTANOVE_1_0
EN-C2-00350,C2,18,lyrically,adverb,서정적으로,OCTANOVE_1_0
EN-C2-00351,C2,18,bona fide,adjective,"진실한, 진짜의",OCTANOVE_1_0
EN-C2-00352,C2,18,moribund,adjective,"다 죽어가는, 침체된",OCTANOVE_1_0
EN-C2-00353,C2,18,perch,verb,"앉아 있다, 자리 잡다",OCTANOVE_1_0
EN-C2-00354,C2,18,perch,noun,횃대; 높은 자리,OCTANOVE_1_0
EN-C2-00355,C2,18,perch,noun,농어류 민물고기; 퍼치,OCTANOVE_1_0
EN-C2-00356,C2,18,solicit,verb,"간청하다, 얻으려 하다",OCTANOVE_1_0
EN-C2-00357,C2,18,vocalist,noun,"보컬리스트, 가수",OCTANOVE_1_0
EN-C2-00358,C2,18,philanthropy,noun,"박애, 자선",OCTANOVE_1_0
EN-C2-00359,C2,18,philanthropist,noun,"박애주의자, 자선가",OCTANOVE_1_0
EN-C2-00360,C2,18,philanthropic,adjective,"박애의, 자선의",OCTANOVE_1_0
EN-C2-00361,C2,19,philanthropically,adverb,박애주의적으로,OCTANOVE_1_0
EN-C2-00362,C2,19,precocious,adjective,조숙한,OCTANOVE_1_0
EN-C2-00363,C2,19,precociously,adverb,조숙하게,OCTANOVE_1_0
EN-C2-00364,C2,19,wordsmith,noun,"글쟁이, 문장가",OCTANOVE_1_0
EN-C2-00365,C2,19,connote,verb,"함축하다, 내포하다",OCTANOVE_1_0
EN-C2-00366,C2,19,connotation,noun,"함축, 내포",OCTANOVE_1_0
EN-C2-00367,C2,19,herald,verb,"예고하다, 알리다",OCTANOVE_1_0
EN-C2-00368,C2,19,herald,noun,"전조, 예고",OCTANOVE_1_0
EN-C2-00369,C2,19,philistine,noun,교양 없는 사람,OCTANOVE_1_0
EN-C2-00370,C2,19,innuendo,noun,"빗대어 하는 말, 풍자",OCTANOVE_1_0
EN-C2-00371,C2,19,induce,verb,"유도하다, 설득하다",OCTANOVE_1_0
EN-C2-00372,C2,19,inducement,noun,"유인책, 장려책",OCTANOVE_1_0
EN-C2-00373,C2,19,anthology,noun,"선집, 문집",OCTANOVE_1_0
EN-C2-00374,C2,19,lament,verb,"한탄하다, 애통해하다",OCTANOVE_1_0
EN-C2-00375,C2,19,lamentation,noun,"한탄, 애통",OCTANOVE_1_0
EN-C2-00376,C2,19,conduit,noun,"도관, 전달자",OCTANOVE_1_0
EN-C2-00377,C2,19,chronology,noun,"연대기, 연대순",OCTANOVE_1_0
EN-C2-00378,C2,19,chronological,adjective,연대순의,OCTANOVE_1_0
EN-C2-00379,C2,19,chronologically,adverb,연대순으로,OCTANOVE_1_0
EN-C2-00380,C2,19,equilibrium,noun,"평형, 균형",OCTANOVE_1_0
EN-C2-00381,C2,20,rebound,verb,"다시 튀어 오르다, 회복하다",OCTANOVE_1_0
EN-C2-00382,C2,20,rebound,noun,"반동, 회복",OCTANOVE_1_0
EN-C2-00383,C2,20,proposition,noun,"제안, 명제",OCTANOVE_1_0
EN-C2-00384,C2,20,flagging,adjective,"약해지는, 지친",OCTANOVE_1_0
EN-C2-00385,C2,20,electrode,noun,전극,OCTANOVE_1_0
EN-C2-00386,C2,20,caffeinate,verb,카페인을 넣다,OCTANOVE_1_0
EN-C2-00387,C2,20,cosmic,adjective,"우주의, 거대한",OCTANOVE_1_0
EN-C2-00388,C2,20,interlude,noun,"사이 시간, 막간",OCTANOVE_1_0
EN-C2-00389,C2,20,haven,noun,"안식처, 피난처",OCTANOVE_1_0
EN-C2-00390,C2,20,beneficiary,noun,수혜자,OCTANOVE_1_0
EN-C2-00391,C2,20,recuperate,verb,회복하다,OCTANOVE_1_0
EN-C2-00392,C2,20,recuperation,noun,회복,OCTANOVE_1_0
EN-C2-00393,C2,20,recuperative,adjective,회복의; 회복력이 있는,OCTANOVE_1_0
EN-C2-00394,C2,20,cultish,adjective,광신적인; 사이비 종교 같은,OCTANOVE_1_0
EN-C2-00395,C2,20,seismic,adjective,지진의; 엄청난,OCTANOVE_1_0
EN-C2-00396,C2,20,irrevocably,adverb,돌이킬 수 없게,OCTANOVE_1_0
EN-C2-00397,C2,20,irrevocable,adjective,돌이킬 수 없는,OCTANOVE_1_0
EN-C2-00398,C2,20,slither,verb,미끄러지듯 움직이다,OCTANOVE_1_0
EN-C2-00399,C2,20,unnerve,verb,불안하게 만들다,OCTANOVE_1_0
EN-C2-00400,C2,20,unnerving,adjective,불안하게 하는,OCTANOVE_1_0
EN-C2-00401,C2,21,unnervingly,adverb,불안할 정도로,OCTANOVE_1_0
EN-C2-00402,C2,21,protrude,verb,튀어나오다,OCTANOVE_1_0
EN-C2-00403,C2,21,protrusion,noun,돌출부,OCTANOVE_1_0
EN-C2-00404,C2,21,qualitative,adjective,질적인,OCTANOVE_1_0
EN-C2-00405,C2,21,procedural,adjective,절차상의,OCTANOVE_1_0
EN-C2-00406,C2,21,procedural,noun,수사 절차를 사실적으로 다룬 소설이나 드라마,OCTANOVE_1_0
EN-C2-00407,C2,21,demystify,verb,이해하기 쉽게 설명하다,OCTANOVE_1_0
EN-C2-00408,C2,21,demystification,noun,명료화,OCTANOVE_1_0
EN-C2-00409,C2,21,proprietary,adjective,소유주의; 독점적인,OCTANOVE_1_0
EN-C2-00410,C2,21,proprietorial,adjective,소유주 의식이 강한,OCTANOVE_1_0
EN-C2-00411,C2,21,tantamount,adjective,상당하는; 같은,OCTANOVE_1_0
EN-C2-00412,C2,21,floodgates,noun,수문; 봇물,OCTANOVE_1_0
EN-C2-00413,C2,21,imperceptible,adjective,감지할 수 없는,OCTANOVE_1_0
EN-C2-00414,C2,21,imperceptibly,adverb,감지할 수 없게,OCTANOVE_1_0
EN-C2-00415,C2,21,hapless,adjective,불운한,OCTANOVE_1_0
EN-C2-00416,C2,21,catastrophic,adjective,파멸적인,OCTANOVE_1_0
EN-C2-00417,C2,21,catastrophically,adverb,파멸적으로,OCTANOVE_1_0
EN-C2-00418,C2,21,commission,noun,위원회; 수수료; 임무,OCTANOVE_1_0
EN-C2-00419,C2,21,commission,verb,의뢰하다; 임명하다,OCTANOVE_1_0
EN-C2-00420,C2,21,wayward,adjective,제멋대로인,OCTANOVE_1_0
EN-C2-00421,C2,22,blurb,noun,홍보 문구,OCTANOVE_1_0
EN-C2-00422,C2,22,provincial,adjective,지방의; 편협한,OCTANOVE_1_0
EN-C2-00423,C2,22,indolent,adjective,게으른,OCTANOVE_1_0
EN-C2-00424,C2,22,indolently,adverb,게으르게,OCTANOVE_1_0
EN-C2-00425,C2,22,indolence,noun,나태,OCTANOVE_1_0
EN-C2-00426,C2,22,taste-maker,noun,유행 선도자,OCTANOVE_1_0
EN-C2-00427,C2,22,deviant,noun,일탈자,OCTANOVE_1_0
EN-C2-00428,C2,22,deviant,adjective,일탈적인,OCTANOVE_1_0
EN-C2-00429,C2,22,deviantly,adverb,일탈적으로,OCTANOVE_1_0
EN-C2-00430,C2,22,engender,verb,야기하다,OCTANOVE_1_0
EN-C2-00431,C2,22,emolument,noun,보수,OCTANOVE_1_0
EN-C2-00432,C2,22,munificence,noun,후함,OCTANOVE_1_0
EN-C2-00433,C2,22,posterity,noun,후세,OCTANOVE_1_0
EN-C2-00434,C2,22,venomous,adjective,독이 있는; 악의 있는,OCTANOVE_1_0
EN-C2-00435,C2,22,venomously,adverb,독하게; 악의적으로,OCTANOVE_1_0
EN-C2-00436,C2,22,choreography,noun,안무,OCTANOVE_1_0
EN-C2-00437,C2,22,choreographical,adjective,안무의,OCTANOVE_1_0
EN-C2-00438,C2,22,archetype,noun,원형,OCTANOVE_1_0
EN-C2-00439,C2,22,archetypal,adjective,전형적인,OCTANOVE_1_0
EN-C2-00440,C2,22,dissension,noun,불화,OCTANOVE_1_0
EN-C2-00441,C2,23,exalted,adjective,고귀한; 지위가 높은,OCTANOVE_1_0
EN-C2-00442,C2,23,exaltedly,adverb,고귀하게,OCTANOVE_1_0
EN-C2-00443,C2,23,adept,adjective,숙련된,OCTANOVE_1_0
EN-C2-00444,C2,23,adept,noun,숙련자,OCTANOVE_1_0
EN-C2-00445,C2,23,inert,adjective,비활성의; 둔한,OCTANOVE_1_0
EN-C2-00446,C2,23,hitherto,adverb,지금까지,OCTANOVE_1_0
EN-C2-00447,C2,23,angst,noun,불안감,OCTANOVE_1_0
EN-C2-00448,C2,23,angsty,adjective,불안해하는,OCTANOVE_1_0
EN-C2-00449,C2,23,drabness,noun,단조로움,OCTANOVE_1_0
EN-C2-00450,C2,23,melodious,adjective,감미로운,OCTANOVE_1_0
EN-C2-00451,C2,23,melodiously,adverb,감미롭게,OCTANOVE_1_0
EN-C2-00452,C2,23,magpie,noun,까치,OCTANOVE_1_0
EN-C2-00453,C2,23,lark,noun,종달새,OCTANOVE_1_0
EN-C2-00454,C2,23,lark,noun,장난; 재미로 하는 일,OCTANOVE_1_0
EN-C2-00455,C2,23,melancholy,noun,우울,OCTANOVE_1_0
EN-C2-00456,C2,23,melancholy,adjective,우울한,OCTANOVE_1_0
EN-C2-00457,C2,23,meteorology,noun,기상학,OCTANOVE_1_0
EN-C2-00458,C2,23,meteorological,adjective,기상학의,OCTANOVE_1_0
EN-C2-00459,C2,23,brink,noun,벼랑; 직전,OCTANOVE_1_0
EN-C2-00460,C2,23,unsurpassed,adjective,탁월한,OCTANOVE_1_0
EN-C2-00461,C2,24,loiter,verb,어슬렁거리다,OCTANOVE_1_0
EN-C2-00462,C2,24,topple,verb,넘어지다; 쓰러뜨리다,OCTANOVE_1_0
EN-C2-00463,C2,24,intrinsic,adjective,본질적인,OCTANOVE_1_0
EN-C2-00464,C2,24,intrinsically,adverb,본질적으로,OCTANOVE_1_0
EN-C2-00465,C2,24,merit,noun,가치; 장점,OCTANOVE_1_0
EN-C2-00466,C2,24,merit,verb,받을 만하다,OCTANOVE_1_0
EN-C2-00467,C2,24,promotable,adjective,승진할 만한,OCTANOVE_1_0
EN-C2-00468,C2,24,clinch,verb,성사시키다; 꽉 잡다,OCTANOVE_1_0
EN-C2-00469,C2,24,anonymity,noun,익명성,OCTANOVE_1_0
EN-C2-00470,C2,24,splinter,verb,쪼개지다,OCTANOVE_1_0
EN-C2-00471,C2,24,reproach,verb,비난하다,OCTANOVE_1_0
EN-C2-00472,C2,24,disseminate,verb,퍼뜨리다,OCTANOVE_1_0
EN-C2-00473,C2,24,dissemination,noun,보급; 전파,OCTANOVE_1_0
EN-C2-00474,C2,24,dissemble,verb,숨기다; 속이다,OCTANOVE_1_0
EN-C2-00475,C2,24,mangle,verb,심하게 훼손하다,OCTANOVE_1_0
EN-C2-00476,C2,24,bereft,adjective,상실한; 잃은,OCTANOVE_1_0
EN-C2-00477,C2,24,bereftly,adverb,상실감에 젖어,OCTANOVE_1_0
EN-C2-00478,C2,24,soliloquy,noun,독백,OCTANOVE_1_0
EN-C2-00479,C2,24,solipsism,noun,유아론,OCTANOVE_1_0
EN-C2-00480,C2,24,soliloquize,verb,독백하다,OCTANOVE_1_0
EN-C2-00481,C2,25,mutinous,adjective,반항적인,OCTANOVE_1_0
EN-C2-00482,C2,25,mutinously,adverb,반항적으로,OCTANOVE_1_0
EN-C2-00483,C2,25,prissy,adjective,까다로운; 지나치게 꼼꼼한,OCTANOVE_1_0
EN-C2-00484,C2,25,reptilian,adjective,파충류의,OCTANOVE_1_0
EN-C2-00485,C2,25,diminish,verb,줄이다,OCTANOVE_1_0
EN-C2-00486,C2,25,undiminishing,adjective,줄어들지 않는,OCTANOVE_1_0
EN-C2-00487,C2,25,contagion,noun,전염; 만연,OCTANOVE_1_0
EN-C2-00488,C2,25,homestead,noun,가옥; 농가,OCTANOVE_1_0
EN-C2-00489,C2,25,computerize/computerise,verb,컴퓨터화하다,OCTANOVE_1_0
EN-C2-00490,C2,25,incumbent,noun,현직자,OCTANOVE_1_0
EN-C2-00491,C2,25,incumbent,adjective,현직의; 의무적인,OCTANOVE_1_0
EN-C2-00492,C2,25,recumbent,adjective,누워 있는; 태만한,OCTANOVE_1_0
EN-C2-00493,C2,25,nonchalant,adjective,태연한; 무관심한,OCTANOVE_1_0
EN-C2-00494,C2,25,nonchalantly,adverb,태연하게; 무관심하게,OCTANOVE_1_0
EN-C2-00495,C2,25,mesmeric,adjective,최면을 거는 듯한; 마음을 사로잡는,OCTANOVE_1_0
EN-C2-00496,C2,25,stultify,verb,무력하게 하다; 바보처럼 보이게 하다,OCTANOVE_1_0
EN-C2-00497,C2,25,stultifyingly,adverb,무력하게 만들 정도로; 지루하게,OCTANOVE_1_0
EN-C2-00498,C2,25,wallow,verb,뒹굴다; 빠져 지내다,OCTANOVE_1_0
EN-C2-00499,C2,25,ponderous,adjective,다루기 힘든; 지루한,OCTANOVE_1_0
EN-C2-00500,C2,25,ponderously,adverb,다루기 힘들게; 지루하게,OCTANOVE_1_0
EN-C2-00501,C2,26,lassitude,noun,나른함; 무기력,OCTANOVE_1_0
EN-C2-00502,C2,26,vicinity,noun,근처; 부근,OCTANOVE_1_0
EN-C2-00503,C2,26,ebb,verb,썰물이 되다; 쇠퇴하다,OCTANOVE_1_0
EN-C2-00504,C2,26,wax,verb,커지다; 증가하다; 달이 차오르다,OCTANOVE_1_0
EN-C2-00505,C2,26,wane,verb,줄어들다; 약해지다,OCTANOVE_1_0
EN-C2-00506,C2,26,antediluvian,adjective,아주 오래된; 구식의,OCTANOVE_1_0
EN-C2-00507,C2,26,ostensible,adjective,표면상의; 겉보기의,OCTANOVE_1_0
EN-C2-00508,C2,26,ostensibly,adverb,표면상으로; 겉보기에는,OCTANOVE_1_0
EN-C2-00509,C2,26,interlocking,adjective,서로 맞물리는,OCTANOVE_1_0
EN-C2-00510,C2,26,plane,noun,평면; 평평한 면,OCTANOVE_1_0
EN-C2-00511,C2,26,undemonstrative,adjective,감정을 드러내지 않는,OCTANOVE_1_0
EN-C2-00512,C2,26,undemonstratively,adverb,감정을 드러내지 않고,OCTANOVE_1_0
EN-C2-00513,C2,26,menace,noun,위협; 골칫거리,OCTANOVE_1_0
EN-C2-00514,C2,26,menacing,adjective,위협적인,OCTANOVE_1_0
EN-C2-00515,C2,26,menacingly,adverb,위협적으로,OCTANOVE_1_0
EN-C2-00516,C2,26,calamity,noun,재앙; 재난,OCTANOVE_1_0
EN-C2-00517,C2,26,calamitous,adjective,재앙의; 파멸적인,OCTANOVE_1_0
EN-C2-00518,C2,26,calamitously,adverb,재앙을 초래할 정도로,OCTANOVE_1_0
EN-C2-00519,C2,26,nigh,adverb,가까이; 거의,OCTANOVE_1_0
EN-C2-00520,C2,26,austere,adjective,엄격한; 금욕적인; 소박한,OCTANOVE_1_0
EN-C2-00521,C2,27,austerely,adverb,엄격하게; 소박하게,OCTANOVE_1_0
EN-C2-00522,C2,27,austerity,noun,엄격함; 금욕; 긴축,OCTANOVE_1_0
EN-C2-00523,C2,27,idiosyncrasy,noun,특이한 성격; 특이 체질,OCTANOVE_1_0
EN-C2-00524,C2,27,idiosyncratic,adjective,특이한; 독특한,OCTANOVE_1_0
EN-C2-00525,C2,27,idiomatic,adjective,관용구의; 언어 관습에 맞는,OCTANOVE_1_0
EN-C2-00526,C2,27,idiomatically,adverb,관용적으로,OCTANOVE_1_0
EN-C2-00527,C2,27,kinetic,adjective,운동의; 활동적인,OCTANOVE_1_0
EN-C2-00528,C2,27,kinetically,adverb,운동적으로,OCTANOVE_1_0
EN-C2-00529,C2,27,unmediated,adjective,매개되지 않은; 직접적인,OCTANOVE_1_0
EN-C2-00530,C2,27,mediate,verb,조정하다; 중재하다,OCTANOVE_1_0
EN-C2-00531,C2,27,mediation,noun,조정; 중재,OCTANOVE_1_0
EN-C2-00532,C2,27,unharried,adjective,괴롭힘을 당하지 않는,OCTANOVE_1_0
EN-C2-00533,C2,27,figurative,adjective,비유적인,OCTANOVE_1_0
EN-C2-00534,C2,27,figuratively,adverb,비유적으로,OCTANOVE_1_0
EN-C2-00535,C2,27,exorcism,noun,축귀; 악령을 쫓아냄,OCTANOVE_1_0
EN-C2-00536,C2,27,exorcist,noun,퇴마사,OCTANOVE_1_0
EN-C2-00537,C2,27,mundanity,noun,평범함; 일상성,OCTANOVE_1_0
EN-C2-00538,C2,27,mediocrity,noun,평범함; 보통 정도,OCTANOVE_1_0
EN-C2-00539,C2,27,dubiously,adverb,의심스럽게,OCTANOVE_1_0
EN-C2-00540,C2,27,curate,verb,전시를 기획하다; 자료를 선별하고 관리하다,OCTANOVE_1_0
EN-C2-00541,C2,28,curator,noun,큐레이터; 관리자,OCTANOVE_1_0
EN-C2-00542,C2,28,antithesis,noun,정반대,OCTANOVE_1_0
EN-C2-00543,C2,28,antithetical,adjective,정반대의; 대조적인,OCTANOVE_1_0
EN-C2-00544,C2,28,parameter,noun,매개변수; 한계,OCTANOVE_1_0
EN-C2-00545,C2,28,detract,verb,손상시키다; 깎아내리다,OCTANOVE_1_0
EN-C2-00546,C2,28,interrogate,verb,심문하다; 질문하다,OCTANOVE_1_0
EN-C2-00547,C2,28,interrogation,noun,심문; 질문,OCTANOVE_1_0
EN-C2-00548,C2,28,interrogative,adjective,의문의; 의문문의,OCTANOVE_1_0
EN-C2-00549,C2,28,interrogatively,adverb,의문스럽게,OCTANOVE_1_0
EN-C2-00550,C2,28,perverse,adjective,심술궂은; 비뚤어진,OCTANOVE_1_0
EN-C2-00551,C2,28,perversity,noun,심술; 비뚤어짐,OCTANOVE_1_0
EN-C2-00552,C2,28,attainment,noun,성취; 달성,OCTANOVE_1_0
EN-C2-00553,C2,28,opaque,adjective,불투명한; 이해하기 힘든,OCTANOVE_1_0
EN-C2-00554,C2,28,opacity,noun,불투명함; 모호함,OCTANOVE_1_0
EN-C2-00555,C2,28,remit,verb,송금하다; 면제하다,OCTANOVE_1_0
EN-C2-00556,C2,28,remittance,noun,송금; 송금액,OCTANOVE_1_0
EN-C2-00557,C2,28,recourse,noun,의지; 의지할 곳,OCTANOVE_1_0
EN-C2-00558,C2,28,pedestal,noun,받침대; 기초,OCTANOVE_1_0
EN-C2-00559,C2,28,pedestrian,adjective,보행자의; 평범한,OCTANOVE_1_0
EN-C2-00560,C2,28,lurid,adjective,충격적인; 소름 끼치는,OCTANOVE_1_0
EN-C2-00561,C2,29,luridly,adverb,충격적으로,OCTANOVE_1_0
EN-C2-00562,C2,29,fallacy,noun,오류; 잘못된 생각,OCTANOVE_1_0
EN-C2-00563,C2,29,rife,adjective,만연한; 가득 찬,OCTANOVE_1_0
EN-C2-00564,C2,29,grumble,verb,투덜거리다; 불평하다,OCTANOVE_1_0
EN-C2-00565,C2,29,mercenary,noun,용병,OCTANOVE_1_0
EN-C2-00566,C2,29,polysyllabic,adjective,다음절의,OCTANOVE_1_0
EN-C2-00567,C2,29,syllabic,adjective,음절의,OCTANOVE_1_0
EN-C2-00568,C2,29,superfluous,adjective,불필요한; 과도한,OCTANOVE_1_0
EN-C2-00569,C2,29,superfluously,adverb,불필요하게,OCTANOVE_1_0
EN-C2-00570,C2,29,snippet,noun,조각; 단편,OCTANOVE_1_0
EN-C2-00571,C2,29,practitioner,noun,개업의; 실천가,OCTANOVE_1_0
EN-C2-00572,C2,29,ephemeral,adjective,단명하는; 덧없는,OCTANOVE_1_0
EN-C2-00573,C2,29,ephemera,noun,일시적인 것들; 하루살이,OCTANOVE_1_0
EN-C2-00574,C2,29,ephemerality,noun,덧없음; 일시성,OCTANOVE_1_0
EN-C2-00575,C2,29,summarily,adverb,즉결로; 약식으로,OCTANOVE_1_0
EN-C2-00576,C2,29,skim,verb,스치듯 지나가다; 훑어보다,OCTANOVE_1_0
EN-C2-00577,C2,29,infallibly,adverb,절대 틀림없이,OCTANOVE_1_0
EN-C2-00578,C2,29,infallible,adjective,절대 틀리지 않는,OCTANOVE_1_0
EN-C2-00579,C2,29,infallibility,noun,무오류성,OCTANOVE_1_0
EN-C2-00580,C2,29,depravity,noun,타락; 부패,OCTANOVE_1_0
EN-C2-00581,C2,30,depraved,adjective,타락한; 부패한,OCTANOVE_1_0
EN-C2-00582,C2,30,deprecate,verb,반대하다; 비난하다,OCTANOVE_1_0
EN-C2-00583,C2,30,deprecatingly,adverb,비난하는 듯이,OCTANOVE_1_0
EN-C2-00584,C2,30,revile,verb,욕하다; 매도하다,OCTANOVE_1_0
EN-C2-00585,C2,30,revulsion,noun,혐오감; 반감,OCTANOVE_1_0
EN-C2-00586,C2,30,meager/meagre,adjective,빈약한; 부족한,OCTANOVE_1_0
EN-C2-00587,C2,30,arcane,adjective,불가사의한; 난해한,OCTANOVE_1_0
EN-C2-00588,C2,30,arcanely,adverb,불가사의하게,OCTANOVE_1_0
EN-C2-00589,C2,30,porten,noun,징조; 전조,OCTANOVE_1_0
EN-C2-00590,C2,30,divination,noun,점술; 예언,OCTANOVE_1_0
EN-C2-00591,C2,30,flit,verb,휙 지나가다; 파닥거리다,OCTANOVE_1_0
EN-C2-00592,C2,30,hitch,verb,홱 잡아당기다; (차를) 얻어 타다,OCTANOVE_1_0
EN-C2-00593,C2,30,prone,adjective,경향이 있는; 엎드린,OCTANOVE_1_0
EN-C2-00594,C2,30,scavenger,noun,청소 동물; 쓰레기를 뒤지는 사람,OCTANOVE_1_0
EN-C2-00595,C2,30,vermin,noun,해로운 짐승; 해충,OCTANOVE_1_0
EN-C2-00596,C2,30,totemic,adjective,토템의; 토템 상징의,OCTANOVE_1_0
EN-C2-00597,C2,30,emulate,verb,모방하다; 경쟁하다,OCTANOVE_1_0
EN-C2-00598,C2,30,emulation,noun,모방; 경쟁,OCTANOVE_1_0
EN-C2-00599,C2,30,avian,adjective,조류의; 새의,OCTANOVE_1_0
EN-C2-00600,C2,30,vestigial,adjective,흔적 기관의; 퇴화한,OCTANOVE_1_0
EN-C2-00601,C2,31,vestigially,adverb,흔적 기관으로서; 퇴화하여,OCTANOVE_1_0
EN-C2-00602,C2,31,barometer,noun,기압계; 척도,OCTANOVE_1_0
EN-C2-00603,C2,31,lament,verb,한탄하다; 애통해하다,OCTANOVE_1_0
EN-C2-00604,C2,31,lamentation,noun,한탄; 통곡,OCTANOVE_1_0
EN-C2-00605,C2,31,brouhaha,noun,소동; 야단법석,OCTANOVE_1_0
EN-C2-00606,C2,31,magnate,noun,거물; 큰손,OCTANOVE_1_0
EN-C2-00607,C2,31,magnanimous,adjective,관대한; 도량이 넓은,OCTANOVE_1_0
EN-C2-00608,C2,31,magnanimously,adverb,관대하게,OCTANOVE_1_0
EN-C2-00609,C2,31,magnanimity,noun,관대함; 도량,OCTANOVE_1_0
EN-C2-00610,C2,31,whirlwind,noun,회오리바람; 돌풍,OCTANOVE_1_0
EN-C2-00611,C2,31,strait,noun,해협; 곤경,OCTANOVE_1_0
EN-C2-00612,C2,31,secular,adjective,세속적인; 현세의,OCTANOVE_1_0
EN-C2-00613,C2,31,secularly,adverb,세속적으로,OCTANOVE_1_0
EN-C2-00614,C2,31,euphemism,noun,완곡어법,OCTANOVE_1_0
EN-C2-00615,C2,31,euphemistic,adjective,완곡한,OCTANOVE_1_0
EN-C2-00616,C2,31,euphemistically,adverb,완곡하게,OCTANOVE_1_0
EN-C2-00617,C2,31,condensation,noun,응축; 압축,OCTANOVE_1_0
EN-C2-00618,C2,31,redundant,adjective,불필요한; 중복된; 정리 해고된,OCTANOVE_1_0
EN-C2-00619,C2,31,redundancy,noun,과잉; 중복,OCTANOVE_1_0
EN-C2-00620,C2,31,redundantly,adverb,불필요하게; 장황하게,OCTANOVE_1_0
EN-C2-00621,C2,32,colloquial,adjective,구어체의; 일상적인,OCTANOVE_1_0
EN-C2-00622,C2,32,colloquium,noun,학술 토론회; 콜로키움,OCTANOVE_1_0
EN-C2-00623,C2,32,colloquially,adverb,구어체로,OCTANOVE_1_0
EN-C2-00624,C2,32,allusion,noun,암시; 언급,OCTANOVE_1_0
EN-C2-00625,C2,32,allude,verb,암시하다; 언급하다,OCTANOVE_1_0
EN-C2-00626,C2,32,disparage,verb,폄하하다; 깎아내리다,OCTANOVE_1_0
EN-C2-00627,C2,32,disparaging,adjective,폄하하는; 비난하는,OCTANOVE_1_0
EN-C2-00628,C2,32,disparagingly,adverb,폄하하며,OCTANOVE_1_0
EN-C2-00629,C2,32,disparagement,noun,폄하; 비난,OCTANOVE_1_0
EN-C2-00630,C2,32,huddle,verb,옹기종기 모이다; 몸을 웅크리다,OCTANOVE_1_0
EN-C2-00631,C2,32,huddle,noun,옹기종기 모임; 밀담,OCTANOVE_1_0
EN-C2-00632,C2,32,topography,noun,지형학; 지형,OCTANOVE_1_0
EN-C2-00633,C2,32,topographical,adjective,지형의; 지형학적인,OCTANOVE_1_0
EN-C2-00634,C2,32,topographically,adverb,지형적으로,OCTANOVE_1_0
EN-C2-00635,C2,32,confabulate,verb,담소를 나누다; 기억의 빈틈을 꾸며낸 이야기로 메우다,OCTANOVE_1_0
EN-C2-00636,C2,32,confabulation,noun,담소; 작화(기억 왜곡),OCTANOVE_1_0
EN-C2-00637,C2,32,surrealist,noun,초현실주의자,OCTANOVE_1_0
EN-C2-00638,C2,32,surrealism,noun,초현실주의,OCTANOVE_1_0
EN-C2-00639,C2,32,contrive,verb,고안하다; 억지로 꾸며내다,OCTANOVE_1_0
EN-C2-00640,C2,32,malice,noun,악의; 원한,OCTANOVE_1_0
EN-C2-00641,C2,33,malicious,adjective,악의 있는; 심술궂은,OCTANOVE_1_0
EN-C2-00642,C2,33,maliciously,adverb,악의적으로,OCTANOVE_1_0
EN-C2-00643,C2,33,cinematography,noun,영화 촬영술; 영화 제작,OCTANOVE_1_0
EN-C2-00644,C2,33,cinematographer,noun,촬영 기사,OCTANOVE_1_0
EN-C2-00645,C2,33,maverick,noun,독불장군; 비순응주의자,OCTANOVE_1_0
EN-C2-00646,C2,33,diligent,adjective,성실한; 근면한,OCTANOVE_1_0
EN-C2-00647,C2,33,diligence,noun,성실; 근면,OCTANOVE_1_0
EN-C2-00648,C2,33,diligently,adverb,성실하게,OCTANOVE_1_0
EN-C2-00649,C2,33,turret,noun,포탑; 작은 탑,OCTANOVE_1_0
EN-C2-00650,C2,33,impressionistic,adjective,인상주의적인,OCTANOVE_1_0
EN-C2-00651,C2,33,impressionistically,adverb,인상주의적으로,OCTANOVE_1_0
EN-C2-00652,C2,33,snobbery,noun,속물근성,OCTANOVE_1_0
EN-C2-00653,C2,33,parochial,adjective,편협한; 지방의,OCTANOVE_1_0
EN-C2-00654,C2,33,gravitate,verb,끌리다; 이동하다,OCTANOVE_1_0
EN-C2-00655,C2,33,gravitational,adjective,중력의,OCTANOVE_1_0
EN-C2-00656,C2,33,gravitationally,adverb,중력적으로,OCTANOVE_1_0
EN-C2-00657,C2,33,consternation,noun,경악; 당혹감,OCTANOVE_1_0
EN-C2-00658,C2,33,haughty,adjective,거만한; 오만한,OCTANOVE_1_0
EN-C2-00659,C2,33,haughtily,adverb,거만하게,OCTANOVE_1_0
EN-C2-00660,C2,33,axiom,noun,공리; 자명한 이치,OCTANOVE_1_0
EN-C2-00661,C2,34,axiomatic,adjective,자명한; 공리의,OCTANOVE_1_0
EN-C2-00662,C2,34,attrition,noun,소모; 마멸,OCTANOVE_1_0
EN-C2-00663,C2,34,enduringly,adverb,지속적으로; 영구히,OCTANOVE_1_0
EN-C2-00664,C2,34,reissue,verb,재발행하다,OCTANOVE_1_0
EN-C2-00665,C2,34,sulphur,noun,황,OCTANOVE_1_0
EN-C2-00666,C2,34,sulphuric,adjective,황의; 황산의,OCTANOVE_1_0
EN-C2-00667,C2,34,phantom,noun,유령; 환영,OCTANOVE_1_0
EN-C2-00668,C2,34,moor,noun,황야; 습지,OCTANOVE_1_0
EN-C2-00669,C2,34,solitary,adjective,혼자의; 고독한,OCTANOVE_1_0
EN-C2-00670,C2,34,solitary,noun,독거인; 은둔자,OCTANOVE_1_0
EN-C2-00671,C2,34,solitariness,noun,고독; 쓸쓸함,OCTANOVE_1_0
EN-C2-00672,C2,34,solitude,noun,고독; 정적,OCTANOVE_1_0
EN-C2-00673,C2,34,adhere,verb,고수하다; 달라붙다,OCTANOVE_1_0
EN-C2-00674,C2,34,adhesion,noun,부착; 접착,OCTANOVE_1_0
EN-C2-00675,C2,34,proscribe,verb,금지하다; 배척하다,OCTANOVE_1_0
EN-C2-00676,C2,34,proscription,noun,금지; 추방,OCTANOVE_1_0
EN-C2-00677,C2,34,crony,noun,친구; 패거리,OCTANOVE_1_0
EN-C2-00678,C2,34,dribble,verb,조금씩 흘리다; 졸졸 흐르다,OCTANOVE_1_0
EN-C2-00679,C2,34,dribble,verb,공을 드리블하다; 공을 튀기며 나아가다,OCTANOVE_1_0
EN-C2-00680,C2,34,dribble,noun,드리블; 침 흘림,OCTANOVE_1_0
EN-C2-00681,C2,35,ingrate,noun,배은망덕한 사람,OCTANOVE_1_0
EN-C2-00682,C2,35,prise,verb,지렛대로 비틀어 열다,OCTANOVE_1_0
EN-C2-00683,C2,35,rickety,adjective,흔들거리는; 낡은,OCTANOVE_1_0
EN-C2-00684,C2,35,consign,verb,맡기다; 위탁하다,OCTANOVE_1_0
EN-C2-00685,C2,35,consignment,noun,위탁; 탁송품,OCTANOVE_1_0
EN-C2-00686,C2,35,fete,noun,축제; 야외 바자회,OCTANOVE_1_0
EN-C2-00687,C2,35,dole out,verb,조금씩 나누어 주다,OCTANOVE_1_0
EN-C2-00688,C2,35,opulent,adjective,호화로운; 풍부한,OCTANOVE_1_0
EN-C2-00689,C2,35,opulence,noun,호화; 풍부함,OCTANOVE_1_0
EN-C2-00690,C2,35,opulently,adverb,호화롭게,OCTANOVE_1_0
EN-C2-00691,C2,35,plutocrat,noun,금권 정치가,OCTANOVE_1_0
EN-C2-00692,C2,35,averse,adjective,"싫어하는, 꺼리는",OCTANOVE_1_0
EN-C2-00693,C2,35,edify,verb,"교화하다, 계몽하다",OCTANOVE_1_0
EN-C2-00694,C2,35,edification,noun,"교화, 계몽",OCTANOVE_1_0
EN-C2-00695,C2,35,converse,adjective,"정반대의, 역의",OCTANOVE_1_0
EN-C2-00696,C2,35,converse,noun,정반대; 역,OCTANOVE_1_0
EN-C2-00697,C2,35,sterility,noun,"불임, 불모, 살균 상태",OCTANOVE_1_0
EN-C2-00698,C2,35,rhetoric,noun,"수사학, 미사여구",OCTANOVE_1_0
EN-C2-00699,C2,35,rhetorical,adjective,"수사학의, 미사여구의",OCTANOVE_1_0
EN-C2-00700,C2,35,rhetorically,adverb,"수사학적으로, 미사여구로",OCTANOVE_1_0
EN-C2-00701,C2,36,flighty,adjective,"변덕스러운, 경박한",OCTANOVE_1_0
EN-C2-00702,C2,36,flightiness,noun,"변덕스러움, 경박함",OCTANOVE_1_0
EN-C2-00703,C2,36,brimstone,noun,유황,OCTANOVE_1_0
EN-C2-00704,C2,36,impeccable,adjective,"결점 없는, 완벽한",OCTANOVE_1_0
EN-C2-00705,C2,36,impeccably,adverb,"결점 없이, 완벽하게",OCTANOVE_1_0
EN-C2-00706,C2,36,romp,verb,"뛰놀다, 쉽게 이기다",OCTANOVE_1_0
EN-C2-00707,C2,36,romper,noun,아기용 상하의 일체형 옷; 뛰노는 사람,OCTANOVE_1_0
EN-C2-00708,C2,36,meticulous,adjective,"꼼꼼한, 세심한",OCTANOVE_1_0
EN-C2-00709,C2,36,meticulously,adverb,"꼼꼼하게, 세심하게",OCTANOVE_1_0
EN-C2-00710,C2,36,ingratiate,verb,"비위를 맞추다, 환심을 사다",OCTANOVE_1_0
EN-C2-00711,C2,36,ingratiating,adjective,"비위를 맞추는, 알랑거리는",OCTANOVE_1_0
EN-C2-00712,C2,36,ingratiatingly,adverb,"비위를 맞추며, 알랑거리며",OCTANOVE_1_0
EN-C2-00713,C2,36,shimmer,verb,"희미하게 빛나다, 아른거리다",OCTANOVE_1_0
EN-C2-00714,C2,36,hull,noun,"선체, 껍데기",OCTANOVE_1_0
EN-C2-00715,C2,36,cull,verb,"도태시키다, 추려내다",OCTANOVE_1_0
EN-C2-00716,C2,36,swivel,verb,"회전하다, 돌리다",OCTANOVE_1_0
EN-C2-00717,C2,36,relinquish,verb,"포기하다, 내주다",OCTANOVE_1_0
EN-C2-00718,C2,36,quiver,verb,"떨다, 흔들리다",OCTANOVE_1_0
EN-C2-00719,C2,36,quiver,noun,"떨림, 진동",OCTANOVE_1_0
EN-C2-00720,C2,36,sandwiched,adjective,사이에 끼인; 양쪽에서 둘러싸인,OCTANOVE_1_0
EN-C2-00721,C2,37,mottled,adjective,얼룩덜룩한,OCTANOVE_1_0
EN-C2-00722,C2,37,epoxy,noun,에폭시,OCTANOVE_1_0
EN-C2-00723,C2,37,resin,noun,"수지, 레진",OCTANOVE_1_0
EN-C2-00724,C2,37,sedately,adverb,"차분하게, 침착하게",OCTANOVE_1_0
EN-C2-00725,C2,37,angular,adjective,"각진, 모난",OCTANOVE_1_0
EN-C2-00726,C2,37,angularity,noun,"각짐, 모남",OCTANOVE_1_0
EN-C2-00727,C2,37,dampen,verb,소리를 줄이다; 소리를 약하게 하다,OCTANOVE_1_0
EN-C2-00728,C2,37,buccaneer,verb,해적질하다,OCTANOVE_1_0
EN-C2-00729,C2,37,buccaneer,noun,해적,OCTANOVE_1_0
EN-C2-00730,C2,37,conglomerate,noun,"대기업, 복합 기업",OCTANOVE_1_0
EN-C2-00731,C2,37,cay,noun,산호초 섬,OCTANOVE_1_0
EN-C2-00732,C2,37,singe,verb,그슬리다,OCTANOVE_1_0
EN-C2-00733,C2,37,cordon,verb,"차단하다, 포위하다",OCTANOVE_1_0
EN-C2-00734,C2,37,fabled,adjective,"전설적인, 유명한",OCTANOVE_1_0
EN-C2-00735,C2,37,glint,verb,희미하게 빛나다,OCTANOVE_1_0
EN-C2-00736,C2,37,glint,noun,"희미한 빛, 반짝임",OCTANOVE_1_0
EN-C2-00737,C2,37,infernal,adjective,"지옥 같은, 극악무도한",OCTANOVE_1_0
EN-C2-00738,C2,37,infernally,adverb,"지독하게, 끔찍하게",OCTANOVE_1_0
EN-C2-00739,C2,37,presentational,adjective,"발표의, 제시의",OCTANOVE_1_0
EN-C2-00740,C2,37,embed,verb,"끼워 넣다, 박아 넣다",OCTANOVE_1_0
EN-C2-00741,C2,38,plume,noun,"깃털, 기둥 모양의 것",OCTANOVE_1_0
EN-C2-00742,C2,38,happenstance,noun,우연,OCTANOVE_1_0
EN-C2-00743,C2,38,venture,noun,"사업, 모험",OCTANOVE_1_0
EN-C2-00744,C2,38,reconcile,verb,"화해시키다, 조화시키다",OCTANOVE_1_0
EN-C2-00745,C2,38,reconciliation,noun,"화해, 조화",OCTANOVE_1_0
EN-C2-00746,C2,38,conciliatory,adjective,"달래는, 회유적인",OCTANOVE_1_0
EN-C2-00747,C2,38,conciliation,noun,"달램, 회유",OCTANOVE_1_0
EN-C2-00748,C2,38,preconception,noun,선입견,OCTANOVE_1_0
EN-C2-00749,C2,38,baroque,adjective,"바로크 양식의, 화려한",OCTANOVE_1_0
EN-C2-00750,C2,38,virginal,adjective,"처녀의, 순결한",OCTANOVE_1_0
EN-C2-00751,C2,38,spire,noun,첨탑,OCTANOVE_1_0
EN-C2-00752,C2,38,elephantine,adjective,"코끼리 같은, 거대한",OCTANOVE_1_0
EN-C2-00753,C2,38,agency,noun,행위 능력; 주체적으로 행동할 능력,OCTANOVE_1_0
EN-C2-00754,C2,38,condone,verb,"묵인하다, 용납하다",OCTANOVE_1_0
EN-C2-00755,C2,38,commodity,noun,"상품, 원자재",OCTANOVE_1_0
EN-C2-00756,C2,38,commode,noun,이동식 변기,OCTANOVE_1_0
EN-C2-00757,C2,38,unobtrusive,adjective,"눈에 띄지 않는, 삼가는",OCTANOVE_1_0
EN-C2-00758,C2,38,unobtrusively,adverb,"눈에 띄지 않게, 삼가며",OCTANOVE_1_0
EN-C2-00759,C2,38,unobtrusiveness,noun,"눈에 띄지 않음, 삼감",OCTANOVE_1_0
EN-C2-00760,C2,38,compellingly,adverb,"설득력 있게, 강렬하게",OCTANOVE_1_0
EN-C2-00761,C2,39,hauntingly,adverb,"잊히지 않게, 애절하게",OCTANOVE_1_0
EN-C2-00762,C2,39,brim,verb,"가득 차다, 넘치다",OCTANOVE_1_0
EN-C2-00763,C2,39,hazard,verb,위험을 무릅쓰고 말하다,OCTANOVE_1_0
EN-C2-00764,C2,39,authenticity,noun,"진정성, 확실성",OCTANOVE_1_0
EN-C2-00765,C2,39,scholarly,adjective,"학구적인, 학문적인",OCTANOVE_1_0
EN-C2-00766,C2,39,accessibility,noun,"접근성, 이용 가능성",OCTANOVE_1_0
EN-C2-00767,C2,39,cognitive,adjective,"인지의, 인식의",OCTANOVE_1_0
EN-C2-00768,C2,39,artifact,noun,"인공물, 유물",OCTANOVE_1_0
EN-C2-00769,C2,39,preservationist,noun,보존주의자,OCTANOVE_1_0
EN-C2-00770,C2,39,qualm,noun,"양심의 가책, 불안",OCTANOVE_1_0
EN-C2-00771,C2,39,besiege,verb,"포위하다, 에워싸다",OCTANOVE_1_0
EN-C2-00772,C2,39,cloister,noun,"회랑, 수도원",OCTANOVE_1_0
EN-C2-00773,C2,39,cloistered,adjective,"은둔한, 고립된",OCTANOVE_1_0
EN-C2-00774,C2,39,annex,noun,"별관, 부속 건물",OCTANOVE_1_0
EN-C2-00775,C2,39,annex,verb,"합병하다, 부속시키다",OCTANOVE_1_0
EN-C2-00776,C2,39,resuscitate,verb,"소생시키다, 되살리다",OCTANOVE_1_0
EN-C2-00777,C2,39,resuscitation,noun,"소생, 부활",OCTANOVE_1_0
EN-C2-00778,C2,39,ravish,verb,"황홀하게 하다, 강탈하다",OCTANOVE_1_0
EN-C2-00779,C2,39,fabricate,verb,"조작하다, 위조하다",OCTANOVE_1_0
EN-C2-00780,C2,39,fabrication,noun,"조작, 위조",OCTANOVE_1_0
EN-C2-00781,C2,40,patchy,adjective,"듬성듬성한, 고르지 않은",OCTANOVE_1_0
EN-C2-00782,C2,40,patchily,adverb,"듬성듬성하게, 고르지 않게",OCTANOVE_1_0
EN-C2-00783,C2,40,resounding,adjective,울려 퍼지는; 압도적인,OCTANOVE_1_0
EN-C2-00784,C2,40,resoundingly,adverb,울려 퍼지게; 압도적으로,OCTANOVE_1_0
EN-C2-00785,C2,40,resound,verb,"울려 퍼지다, 반향을 일으키다",OCTANOVE_1_0
EN-C2-00786,C2,40,ordain,verb,"명하다, 서품하다",OCTANOVE_1_0
EN-C2-00787,C2,40,inchoate,adjective,"초기의, 불완전한",OCTANOVE_1_0
EN-C2-00788,C2,40,inchoately,adverb,"초기 단계로, 불완전하게",OCTANOVE_1_0
EN-C2-00789,C2,40,elated,adjective,"의기양양한, 신이 난",OCTANOVE_1_0
EN-C2-00790,C2,40,elation,noun,"의기양양, 신남",OCTANOVE_1_0
EN-C2-00791,C2,40,hysteria,noun,히스테리; 과도한 흥분,OCTANOVE_1_0
EN-C2-00792,C2,40,hysterical,adjective,히스테리의; 광란의,OCTANOVE_1_0
EN-C2-00793,C2,40,hysterically,adverb,히스테리적으로; 광란하여,OCTANOVE_1_0
EN-C2-00794,C2,40,jarring,adjective,귀에 거슬리는; 조화되지 않는,OCTANOVE_1_0
EN-C2-00795,C2,40,suffuse,verb,뒤덮다; 스며들다,OCTANOVE_1_0
EN-C2-00796,C2,40,totter,verb,비틀거리다; 흔들거리다,OCTANOVE_1_0
EN-C2-00797,C2,40,pyre,noun,장작더미; 화장용 장작,OCTANOVE_1_0
EN-C2-00798,C2,40,contemptuous,adjective,경멸하는; 업신여기는,OCTANOVE_1_0
EN-C2-00799,C2,40,contemptuously,adverb,경멸하여,OCTANOVE_1_0
EN-C2-00800,C2,40,forlorn,adjective,버림받은; 절망적인,OCTANOVE_1_0
EN-C2-00801,C2,41,forlornly,adverb,절망적으로; 쓸쓸하게,OCTANOVE_1_0
EN-C2-00802,C2,41,rebuke,verb,질책하다; 꾸짖다,OCTANOVE_1_0
EN-C2-00803,C2,41,rebuke,noun,질책; 비난,OCTANOVE_1_0
EN-C2-00804,C2,41,abhorrent,adjective,혐오스러운; 끔찍한,OCTANOVE_1_0
EN-C2-00805,C2,41,abhor,verb,혐오하다; 질색하다,OCTANOVE_1_0
EN-C2-00806,C2,41,abhorrently,adverb,혐오스럽게,OCTANOVE_1_0
EN-C2-00807,C2,41,aberration,noun,일탈; 탈선,OCTANOVE_1_0
EN-C2-00808,C2,41,emulsify,verb,유화하다,OCTANOVE_1_0
EN-C2-00809,C2,41,emulsification,noun,유화 작용,OCTANOVE_1_0
EN-C2-00810,C2,41,emulsifier,noun,유화제,OCTANOVE_1_0
EN-C2-00811,C2,41,additive,noun,첨가제,OCTANOVE_1_0
EN-C2-00812,C2,41,additive,adjective,부가적인; 가산의,OCTANOVE_1_0
EN-C2-00813,C2,41,confection,noun,과자; 설탕 절임,OCTANOVE_1_0
EN-C2-00814,C2,41,proximal,adjective,근접한; 가까운,OCTANOVE_1_0
EN-C2-00815,C2,41,vandalize,verb,공공 기물을 파손하다,OCTANOVE_1_0
EN-C2-00816,C2,41,vandal,noun,공공 기물 파손자,OCTANOVE_1_0
EN-C2-00817,C2,41,feign,verb,가장하다; ~인 척하다,OCTANOVE_1_0
EN-C2-00818,C2,41,paradoxical,adjective,역설적인,OCTANOVE_1_0
EN-C2-00819,C2,41,paradoxically,adverb,역설적으로,OCTANOVE_1_0
EN-C2-00820,C2,41,laryngitis,noun,후두염,OCTANOVE_1_0
EN-C2-00821,C2,42,stringent,adjective,엄격한; 절박한,OCTANOVE_1_0
EN-C2-00822,C2,42,astringent,noun,수렴제; 지혈제,OCTANOVE_1_0
EN-C2-00823,C2,42,stringently,adverb,엄격하게,OCTANOVE_1_0
EN-C2-00824,C2,42,standing,noun,지위; 평판,OCTANOVE_1_0
EN-C2-00825,C2,42,economize/economise,verb,절약하다,OCTANOVE_1_0
EN-C2-00826,C2,42,breadwinner,noun,생계 부양자,OCTANOVE_1_0
EN-C2-00827,C2,42,cosset,verb,애지중지하다,OCTANOVE_1_0
EN-C2-00828,C2,42,counsel,noun,상담; 변호인,OCTANOVE_1_0
EN-C2-00829,C2,42,misdemeanor/misdemanour,noun,경범죄; 비행,OCTANOVE_1_0
EN-C2-00830,C2,42,aptitude,noun,적성; 소질,OCTANOVE_1_0
EN-C2-00831,C2,42,torrential,adjective,억수같이 쏟아지는,OCTANOVE_1_0
EN-C2-00832,C2,42,banish,verb,추방하다,OCTANOVE_1_0
EN-C2-00833,C2,42,banishment,noun,추방,OCTANOVE_1_0
EN-C2-00834,C2,42,knack,noun,요령; 재주,OCTANOVE_1_0
EN-C2-00835,C2,42,fruition,noun,실현; 성취,OCTANOVE_1_0
EN-C2-00836,C2,42,tantalize/tantalise,verb,감질나게 하다,OCTANOVE_1_0
EN-C2-00837,C2,42,tantalizingly/tantalisingly,adverb,감질나게,OCTANOVE_1_0
EN-C2-00838,C2,42,maelstrom,noun,대혼란; 소용돌이,OCTANOVE_1_0
EN-C2-00839,C2,42,vortex,noun,소용돌이; 회오리,OCTANOVE_1_0
EN-C2-00840,C2,42,depressive,adjective,우울하게 하는,OCTANOVE_1_0
EN-C2-00841,C2,43,shoal,noun,모래톱; 얕은 곳,OCTANOVE_1_0
EN-C2-00842,C2,43,scroll,noun,두루마리; 스크롤,OCTANOVE_1_0
EN-C2-00843,C2,43,collide,verb,충돌하다,OCTANOVE_1_0
EN-C2-00844,C2,43,collider,noun,충돌기,OCTANOVE_1_0
EN-C2-00845,C2,43,edifice,noun,대건축물; 체계,OCTANOVE_1_0
EN-C2-00846,C2,43,thicket,noun,덤불; 빽빽한 숲,OCTANOVE_1_0
EN-C2-00847,C2,43,leaven,verb,발효시키다; 부풀리다,OCTANOVE_1_0
EN-C2-00848,C2,43,leavening,noun,발효; 팽창,OCTANOVE_1_0
EN-C2-00849,C2,43,ethos,noun,사회적 기풍; 정신,OCTANOVE_1_0
EN-C2-00850,C2,43,exhibitionist,noun,과시자; 노출증 환자,OCTANOVE_1_0
EN-C2-00851,C2,43,interweave,verb,섞어 짜다; 엮다,OCTANOVE_1_0
EN-C2-00852,C2,43,burgeoning,adjective,급성장하는,OCTANOVE_1_0
EN-C2-00853,C2,43,indiscrete,adjective,분리되지 않은; 구별되지 않는,OCTANOVE_1_0
EN-C2-00854,C2,43,indiscretion,noun,무분별; 경솔한 행동,OCTANOVE_1_0
EN-C2-00855,C2,43,telescopic,adjective,망원경의; 신축성 있는,OCTANOVE_1_0
EN-C2-00856,C2,43,telescopically,adverb,망원경으로; 신축성 있게,OCTANOVE_1_0
EN-C2-00857,C2,43,amorphous,adjective,형체가 없는; 막연한,OCTANOVE_1_0
EN-C2-00858,C2,43,amorphously,adverb,형체 없이; 막연하게,OCTANOVE_1_0
EN-C2-00859,C2,43,hamper,verb,방해하다,OCTANOVE_1_0
EN-C2-00860,C2,43,proliferate,verb,급증하다; 확산하다,OCTANOVE_1_0
EN-C2-00861,C2,44,proliferation,noun,급증; 확산,OCTANOVE_1_0
EN-C2-00862,C2,44,deterrent,noun,억제책; 방해물,OCTANOVE_1_0
EN-C2-00863,C2,44,selectivity,noun,선택성; 선별력,OCTANOVE_1_0
EN-C2-00864,C2,44,fractious,adjective,까다로운; 성질이 급한,OCTANOVE_1_0
EN-C2-00865,C2,44,mystique,noun,신비감,OCTANOVE_1_0
EN-C2-00866,C2,44,assimilate,verb,동화하다; 흡수하다,OCTANOVE_1_0
EN-C2-00867,C2,44,assimilation,noun,동화; 흡수,OCTANOVE_1_0
EN-C2-00868,C2,44,intersperse,verb,사이에 배치하다; 흩뿌리다,OCTANOVE_1_0
EN-C2-00869,C2,44,verbatim,adjective,말 그대로의,OCTANOVE_1_0
EN-C2-00870,C2,44,verbatim,adverb,말 그대로,OCTANOVE_1_0
EN-C2-00871,C2,44,verily,adverb,정말로; 참으로,OCTANOVE_1_0
EN-C2-00872,C2,44,veritable,adjective,진정한; 실제의,OCTANOVE_1_0
EN-C2-00873,C2,44,verisimilitude,noun,진실성; 사실 같음,OCTANOVE_1_0
EN-C2-00874,C2,44,artifice,noun,교활한 책략; 솜씨,OCTANOVE_1_0
EN-C2-00875,C2,44,advantageous,adjective,유리한; 이로운,OCTANOVE_1_0
EN-C2-00876,C2,44,unfeasible,adjective,실행 불가능한,OCTANOVE_1_0
EN-C2-00877,C2,44,unfeasibly,adverb,실행 불가능하게,OCTANOVE_1_0
EN-C2-00878,C2,44,behest,noun,명령; 요청,OCTANOVE_1_0
EN-C2-00879,C2,44,virtuoso,noun,거장; 명연주자,OCTANOVE_1_0
EN-C2-00880,C2,44,virtuosity,noun,거장다운 기교,OCTANOVE_1_0
EN-C2-00881,C2,45,cascade,verb,폭포처럼 흐르다,OCTANOVE_1_0
EN-C2-00882,C2,45,cascade,noun,작은 폭포; 연속적인 흐름,OCTANOVE_1_0
EN-C2-00883,C2,45,crippling,adjective,심각한; 무력하게 만드는,OCTANOVE_1_0
EN-C2-00884,C2,45,nascent,adjective,발생기의; 초기 단계의,OCTANOVE_1_0
EN-C2-00885,C2,45,smattering,noun,소량; 어설픈 지식,OCTANOVE_1_0
EN-C2-00886,C2,45,corpus,noun,말뭉치; 전집,OCTANOVE_1_0
EN-C2-00887,C2,45,wheeze,verb,쌕쌕거리다,OCTANOVE_1_0
EN-C2-00888,C2,45,neophyte,noun,초심자; 신개종자,OCTANOVE_1_0
EN-C2-00889,C2,45,coax,verb,구슬리다; 달래다,OCTANOVE_1_0
EN-C2-00890,C2,45,formidably,adverb,무시무시하게; 엄청나게,OCTANOVE_1_0
EN-C2-00891,C2,45,formidable,adjective,가공할 만한; 어마어마한,OCTANOVE_1_0
EN-C2-00892,C2,45,squint,verb,눈을 가늘게 뜨고 보다,OCTANOVE_1_0
EN-C2-00893,C2,45,hoist,verb,들어 올리다; 끌어 올리다,OCTANOVE_1_0
EN-C2-00894,C2,45,flatout,adverb,완전히; 전력을 다해,OCTANOVE_1_0
EN-C2-00895,C2,45,buzzard,noun,말똥가리,OCTANOVE_1_0
EN-C2-00896,C2,45,bogus,adjective,가짜의; 위조의,OCTANOVE_1_0
EN-C2-00897,C2,45,derision,noun,조롱; 비웃음,OCTANOVE_1_0
EN-C2-00898,C2,45,derisive,adjective,조롱하는; 비웃는,OCTANOVE_1_0
EN-C2-00899,C2,45,derisively,adverb,조롱하며; 비웃듯이,OCTANOVE_1_0
EN-C2-00900,C2,45,truism,noun,진부한 문구; 뻔한 말,OCTANOVE_1_0
EN-C2-00901,C2,46,prurient,adjective,색욕을 자극하는; 음란한,OCTANOVE_1_0
EN-C2-00902,C2,46,wither,verb,시들다; 약해지다,OCTANOVE_1_0
EN-C2-00903,C2,46,prurience,noun,색욕; 음란함,OCTANOVE_1_0
EN-C2-00904,C2,46,tetchy,adjective,까다로운; 화를 잘 내는,OCTANOVE_1_0
EN-C2-00905,C2,46,agile,adjective,민첩한; 재빠른,OCTANOVE_1_0
EN-C2-00906,C2,46,agility,noun,민첩성; 명민함,OCTANOVE_1_0
EN-C2-00907,C2,46,aghast,adjective,경악한; 혼비백산한,OCTANOVE_1_0
EN-C2-00908,C2,46,dwarf,verb,작아 보이게 만들다; 위축시키다,OCTANOVE_1_0
EN-C2-00909,C2,46,dwarfism,noun,왜소증,OCTANOVE_1_0
EN-C2-00910,C2,46,etch,verb,새기다; 아로새기다,OCTANOVE_1_0
EN-C2-00911,C2,46,etching,noun,에칭; 동판화,OCTANOVE_1_0
EN-C2-00912,C2,46,rapture,noun,황홀; 기쁨,OCTANOVE_1_0
EN-C2-00913,C2,46,rapturous,adjective,황홀해하는; 기뻐 날뛰는,OCTANOVE_1_0
EN-C2-00914,C2,46,rapturously,adverb,황홀하게; 기뻐서,OCTANOVE_1_0
EN-C2-00915,C2,46,ad lib,adjective,즉흥적인,OCTANOVE_1_0
EN-C2-00916,C2,46,ad-lib,verb,즉흥적으로 하다,OCTANOVE_1_0
EN-C2-00917,C2,46,improvisational,adjective,즉흥적인,OCTANOVE_1_0
EN-C2-00918,C2,46,acrobatics,noun,곡예,OCTANOVE_1_0
EN-C2-00919,C2,46,acrobatically,adverb,곡예하듯이,OCTANOVE_1_0
EN-C2-00920,C2,46,acrobatic,adjective,곡예의,OCTANOVE_1_0
EN-C2-00921,C2,47,arduous,adjective,힘든; 고된,OCTANOVE_1_0
EN-C2-00922,C2,47,ardor/ardour,noun,열정; 열의,OCTANOVE_1_0
EN-C2-00923,C2,47,arduously,adverb,힘들게; 고되게,OCTANOVE_1_0
EN-C2-00924,C2,47,counterproductive,adjective,역효과를 낳는,OCTANOVE_1_0
EN-C2-00925,C2,47,counterproductively,adverb,역효과가 나게,OCTANOVE_1_0
EN-C2-00926,C2,47,proverbial,adjective,속담에 나오는; 뻔한,OCTANOVE_1_0
EN-C2-00927,C2,47,instantaneous,adjective,즉각적인,OCTANOVE_1_0
EN-C2-00928,C2,47,instantaneously,adverb,즉각적으로,OCTANOVE_1_0
EN-C2-00929,C2,47,mull over,verb,곰곰이 생각하다,OCTANOVE_1_0
EN-C2-00930,C2,47,ruminate,verb,심사숙고하다,OCTANOVE_1_0
EN-C2-00931,C2,47,rumination,noun,심사숙고; 반추,OCTANOVE_1_0
EN-C2-00932,C2,47,ruminant,adjective,반추하는,OCTANOVE_1_0
EN-C2-00933,C2,47,ruminative,adjective,심사숙고하는,OCTANOVE_1_0
EN-C2-00934,C2,47,hover,verb,맴돌다; 서성이다,OCTANOVE_1_0
EN-C2-00935,C2,47,armory/armoury,noun,무기고,OCTANOVE_1_0
EN-C2-00936,C2,47,apostle,noun,사도; 주창자,OCTANOVE_1_0
EN-C2-00937,C2,47,blubber,noun,고래 등 해양 포유류의 두꺼운 피하지방,OCTANOVE_1_0
EN-C2-00938,C2,47,blubbery,adjective,뚱뚱한; 기름진,OCTANOVE_1_0
EN-C2-00939,C2,47,merger,noun,합병,OCTANOVE_1_0
EN-C2-00940,C2,47,trifle,noun,하찮은 것,OCTANOVE_1_0
EN-C2-00941,C2,48,trifle,verb,희롱하다; 가지고 놀다,OCTANOVE_1_0
EN-C2-00942,C2,48,eke out,verb,근근이 살아가다,OCTANOVE_1_0
EN-C2-00943,C2,48,paramount,adjective,최고의; 주요한,OCTANOVE_1_0
EN-C2-00944,C2,48,squirm,verb,꿈틀거리다,OCTANOVE_1_0
EN-C2-00945,C2,48,squirmy,adjective,꿈틀거리는,OCTANOVE_1_0
EN-C2-00946,C2,48,floe,noun,유빙,OCTANOVE_1_0
EN-C2-00947,C2,48,embody,verb,구현하다; 포함하다,OCTANOVE_1_0
EN-C2-00948,C2,48,embodiment,noun,구현; 전형,OCTANOVE_1_0
EN-C2-00949,C2,48,wistful,adjective,그리움에 잠긴; 아쉬워하는,OCTANOVE_1_0
EN-C2-00950,C2,48,wistfully,adverb,그리워하며; 아쉬운 듯이,OCTANOVE_1_0
EN-C2-00951,C2,48,mercantile,adjective,상업의; 무역의,OCTANOVE_1_0
EN-C2-00952,C2,48,skew,verb,왜곡하다; 비스듬히 움직이다,OCTANOVE_1_0
EN-C2-00953,C2,48,subsist,verb,근근이 살아가다; 존재하다,OCTANOVE_1_0
EN-C2-00954,C2,48,subsistence,noun,생존; 최저 생활,OCTANOVE_1_0
EN-C2-00955,C2,48,subsidy,noun,보조금,OCTANOVE_1_0
EN-C2-00956,C2,48,subsidize,verb,보조금을 주다,OCTANOVE_1_0
EN-C2-00957,C2,48,legion,noun,군단; 다수,OCTANOVE_1_0
EN-C2-00958,C2,48,confrontational,adjective,대립적인,OCTANOVE_1_0
EN-C2-00959,C2,48,confrontationally,adverb,대립적으로,OCTANOVE_1_0
EN-C2-00960,C2,48,bout,noun,한바탕; 발작,OCTANOVE_1_0
EN-C2-00961,C2,49,gout,noun,통풍,OCTANOVE_1_0
EN-C2-00962,C2,49,hinder,verb,방해하다,OCTANOVE_1_0
EN-C2-00963,C2,49,hindrance,noun,방해; 장애,OCTANOVE_1_0
EN-C2-00964,C2,49,myriad,adjective,무수한,OCTANOVE_1_0
EN-C2-00965,C2,49,histrionic,adjective,연극조의; 과장된,OCTANOVE_1_0
EN-C2-00966,C2,49,histrionically,adverb,연극조로; 과장되게,OCTANOVE_1_0
EN-C2-00967,C2,49,marketability,noun,시장성,OCTANOVE_1_0
EN-C2-00968,C2,49,promotable,adjective,승진할 수 있는; 판매 가능한,OCTANOVE_1_0
EN-C2-00969,C2,49,tacit,adjective,암묵적인; 무언의,OCTANOVE_1_0
EN-C2-00970,C2,49,tacitly,adverb,암묵적으로,OCTANOVE_1_0
EN-C2-00971,C2,49,taciturn,adjective,말수가 적은,OCTANOVE_1_0
EN-C2-00972,C2,49,taciturnity,noun,말수가 적음,OCTANOVE_1_0
EN-C2-00973,C2,49,surreptitious,adjective,은밀한; 몰래 하는,OCTANOVE_1_0
EN-C2-00974,C2,49,surreptitiously,adverb,은밀하게,OCTANOVE_1_0
EN-C2-00975,C2,49,allegory,noun,우화; 알레고리,OCTANOVE_1_0
EN-C2-00976,C2,49,allegorical,adjective,우화적인,OCTANOVE_1_0
EN-C2-00977,C2,49,seedy,adjective,허름한; 수상쩍은; 평판이 나쁜,OCTANOVE_1_0
EN-C2-00978,C2,49,punitive,adjective,처벌의; 징벌적인,OCTANOVE_1_0
EN-C2-00979,C2,49,punitively,adverb,처벌로서,OCTANOVE_1_0
EN-C2-00980,C2,49,temper,verb,누그러뜨리다; 단련하다,OCTANOVE_1_0
EN-C2-00981,C2,50,milieu,noun,환경; 배경,OCTANOVE_1_0
EN-C2-00982,C2,50,self-aggrandizement/self-aggrandisement,noun,자기 권력·지위의 확대; 자기 과시,OCTANOVE_1_0
EN-C2-00983,C2,50,unadulterated,adjective,순수한; 섞이지 않은,OCTANOVE_1_0
EN-C2-00984,C2,50,adulterate,verb,불순물을 섞다,OCTANOVE_1_0
EN-C2-00985,C2,50,patronize/patronise,verb,후원하다; 잘난 체하며 대하다,OCTANOVE_1_0
EN-C2-00986,C2,50,patronizing/patronising,adjective,잘난 체하는; 은근히 무시하는,OCTANOVE_1_0
EN-C2-00987,C2,50,patronizingly/patronisingly,adverb,잘난 체하며,OCTANOVE_1_0
EN-C2-00988,C2,50,cogent,adjective,설득력 있는,OCTANOVE_1_0
EN-C2-00989,C2,50,cogently,adverb,설득력 있게,OCTANOVE_1_0
EN-C2-00990,C2,50,relegate,verb,좌천시키다; 밀쳐 버리다,OCTANOVE_1_0
EN-C2-00991,C2,50,incongruous,adjective,"어울리지 않는, 부조화의",OCTANOVE_1_0
EN-C2-00992,C2,50,incongruously,adverb,"어울리지 않게, 부조화스럽게",OCTANOVE_1_0
EN-C2-00993,C2,50,incongruity,noun,"부조화, 모순",OCTANOVE_1_0
EN-C2-00994,C2,50,deaden,verb,"무디게 하다, 약화시키다",OCTANOVE_1_0
EN-C2-00995,C2,50,attuned,adjective,"익숙해진, 조율된",OCTANOVE_1_0
EN-C2-00996,C2,50,attributive,adjective,"한정적인, 속성의",OCTANOVE_1_0
EN-C2-00997,C2,50,ecotourism,noun,생태 관광,OCTANOVE_1_0
EN-C2-00998,C2,50,surge,verb,"급증하다, 솟구치다",OCTANOVE_1_0
EN-C2-00999,C2,50,surge,noun,"급증, 파도",OCTANOVE_1_0
EN-C2-01000,C2,50,farcical,adjective,"터무니없는, 익살맞은",OCTANOVE_1_0
EN-C2-01001,C2,51,incise,verb,"절개하다, 새기다",OCTANOVE_1_0
EN-C2-01002,C2,51,incipient,adjective,"초기의, 발단 단계의",OCTANOVE_1_0
EN-C2-01003,C2,51,echolocation,noun,반향 정위,OCTANOVE_1_0
EN-C2-01004,C2,51,echolocate,verb,반향 정위를 하다,OCTANOVE_1_0
EN-C2-01005,C2,51,reverb,noun,"잔향, 리버브",OCTANOVE_1_0
EN-C2-01006,C2,51,reverberation,noun,"잔향, 반향",OCTANOVE_1_0
EN-C2-01007,C2,51,reverberate,verb,"반향하다, 울려 퍼지다",OCTANOVE_1_0
EN-C2-01008,C2,51,ingenuous,adjective,"순진한, 천진난만한",OCTANOVE_1_0
EN-C2-01009,C2,51,ingenuously,adverb,"순진하게, 천진난만하게",OCTANOVE_1_0
EN-C2-01010,C2,51,impresario,noun,"공연 기획자, 단장",OCTANOVE_1_0
EN-C2-01011,C2,51,elasticity,noun,"탄력성, 신축성",OCTANOVE_1_0
EN-C2-01012,C2,51,synthesis,noun,"종합, 합성",OCTANOVE_1_0
EN-C2-01013,C2,51,salivary,adjective,"침의, 타액의",OCTANOVE_1_0
EN-C2-01014,C2,51,hypnotherapy,noun,최면 요법,OCTANOVE_1_0
EN-C2-01015,C2,51,wholly,adverb,"완전히, 전적으로",OCTANOVE_1_0
EN-C2-01016,C2,51,remorseful,adjective,"후회하는, 뉘우치는",OCTANOVE_1_0
EN-C2-01017,C2,51,remonstrate,vern,"항의하다, 불평하다",OCTANOVE_1_0
EN-C2-01018,C2,51,remonstrance,noun,"항의, 불평",OCTANOVE_1_0
EN-C2-01019,C2,51,unexcused,adjective,"용서받지 못한, 정당화되지 않은",OCTANOVE_1_0
EN-C2-01020,C2,51,unexceptionally,adverb,평범하게; 특별할 것 없이,OCTANOVE_1_0
EN-C2-01021,C2,52,unexceptional,adjective,"평범한, 예외가 아닌",OCTANOVE_1_0
EN-C2-01022,C2,52,inexorable,adjective,"멈출 수 없는, 가차 없는",OCTANOVE_1_0
EN-C2-01023,C2,52,inexorably,adverb,"가차 없이, 멈출 수 없이",OCTANOVE_1_0
EN-C2-01024,C2,52,inexorability,noun,"가차 없음, 피할 수 없음",OCTANOVE_1_0
EN-C2-01025,C2,52,tranquilize/tranquilise,verb,진정시키다; 진정제를 투여하다,OCTANOVE_1_0
